Año:;2026;;;;;;;;;;;;;;;;;;;;;;;;;;;;;;
Mes:;1;;;;;;;;;;;;;;;;;;;;;;;;;;;;;;
Empieza:;46023;;;;;;;;;;;;;;;;;;;;;;;;;;;;;;
Termina:;46053;;;;;;;;;;;;;;;;;;;;;;;;;;;;;;
;;;;;;;;;;;;;;;;;;;;;;;;;;;;;;;
;;;;;;;;;;;;;;;;;;;;;;;;;;;;;;;
Pstc [kWp]:;9230;;;;;;;;;;;;;;;;;;;;;;;;;;;;;;
Gstc [W/m2]:;1000;;;;;;;;;;;;;;;;;;;;;;;;;;;;;;
Irradiancia min aceptada [W/m2]:;100;;;;;;;;;;;;;;;;;;;;;;;;;;;;;;
Insolación min aceptada [Wh/m^2];0;;;;;;;;;;;;;;;;;;;;;;;;;;;;;;
% de baja generación por inversor aceptado;0.85;;;;;;;;;;;;;;;;;;;;;;;;;;;;;;
Factor de bifacialidad;0.72;;Nombre Tabla ;Work_Data;;;;;;;;;;;;;;;;;;;;;;;;;;;
;;;;;;;;;;;;;;;;;;;;;;;;;;;;;;;
;;;;;;;;;;;;;;;;;;;;;;;;;;;;;;;
Concatenar_Fecha;Año;Mes;Dia;Hora;Minuto;Fecha;Energia (kWh);Irradiancia POA (W/m2);Irradiancia GPOA (w/m2);Considerar intervalo ;Operacion;Condición Irradiancia ≥ 75 (W/m2);Dato válido?;Dia Valido?;Insolacion Total (Wh/m2) sin eventos externos;POA (wh/m2) + BF * GPOA (Wh/m2);Denominador;Numerador para PR mensual;Denominador para PR mensual;;;;;;;;;;;;
202601010015;2026;1;1;0;15;46023.01042;0;0;0.05;Considerar;S/D;No Considerar;No;Considerar;0;0.036;0.08307;0;0;;-8.54751;;;;;;;;;;
202601010030;2026;1;1;0;30;46023.02083;0;0;0.016666667;Considerar;S/D;No Considerar;No;Considerar;0;0.012;0.02769;0;0;;-8.4733;;;;;;;;;;
202601010045;2026;1;1;0;45;46023.03125;0;0;0;Considerar;S/D;No Considerar;No;Considerar;0;0;0;0;0;;-8.48103;;;;;;;;;;
202601010100;2026;1;1;1;0;46023.04167;0;0;0;Considerar;S/D;No Considerar;No;Considerar;0;0;0;0;0;;-8.51976;;;;;;;;;;
202601010115;2026;1;1;1;15;46023.05208;0;0;0;Considerar;S/D;No Considerar;No;Considerar;0;0;0;0;0;;-8.40285;;;;;;;;;;
202601010130;2026;1;1;1;30;46023.0625;0;0;0;Considerar;S/D;No Considerar;No;Considerar;0;0;0;0;0;;-8.21024;;;;;;;;;;
202601010145;2026;1;1;1;45;46023.07292;0;0;0;Considerar;S/D;No Considerar;No;Considerar;0;0;0;0;0;;-8.27215;;;;;;;;;;
202601010200;2026;1;1;2;0;46023.08333;0;0;0;Considerar;S/D;No Considerar;No;Considerar;0;0;0;0;0;;-8.30537;;;;;;;;;;
202601010215;2026;1;1;2;15;46023.09375;0;0;0;Considerar;S/D;No Considerar;No;Considerar;0;0;0;0;0;;-8.26249;;;;;;;;;;
202601010230;2026;1;1;2;30;46023.10417;0;0;0;Considerar;S/D;No Considerar;No;Considerar;0;0;0;0;0;;-8.24636;;;;;;;;;;
202601010245;2026;1;1;2;45;46023.11458;0;0;0;Considerar;S/D;No Considerar;No;Considerar;0;0;0;0;0;;-8.2615;;;;;;;;;;
202601010300;2026;1;1;3;0;46023.125;0;0;0;Considerar;S/D;No Considerar;No;Considerar;0;0;0;0;0;;-8.24261;;;;;;;;;;
202601010315;2026;1;1;3;15;46023.13542;0;0;0;Considerar;S/D;No Considerar;No;Considerar;0;0;0;0;0;;-8.27625;;;;;;;;;;
202601010330;2026;1;1;3;30;46023.14583;0;0;0;Considerar;S/D;No Considerar;No;Considerar;0;0;0;0;0;;-8.29143;;;;;;;;;;
202601010345;2026;1;1;3;45;46023.15625;0;0;0;Considerar;S/D;No Considerar;No;Considerar;0;0;0;0;0;;-8.29341;;;;;;;;;;
202601010400;2026;1;1;4;0;46023.16667;0;0;0;Considerar;S/D;No Considerar;No;Considerar;0;0;0;0;0;;-8.3088;;;;;;;;;;
202601010415;2026;1;1;4;15;46023.17708;0;0;0;Considerar;S/D;No Considerar;No;Considerar;0;0;0;0;0;;-8.40416;;;;;;;;;;
202601010430;2026;1;1;4;30;46023.1875;0;0.066666667;0;Considerar;S/D;No Considerar;No;Considerar;0;0.066666667;0.153833333;0;0;;-8.29919;;;;;;;;;;
202601010445;2026;1;1;4;45;46023.19792;0;0;0.016666667;Considerar;S/D;No Considerar;No;Considerar;0;0.012;0.02769;0;0;;-8.30919;;;;;;;;;;491470
202601010500;2026;1;1;5;0;46023.20833;0;0;0.033333333;Considerar;S/D;No Considerar;No;Considerar;0;0.024;0.05538;0;0;;-8.30627;;;;;;;;;;
202601010515;2026;1;1;5;15;46023.21875;0;0;0;Considerar;S/D;No Considerar;No;Considerar;0;0;0;0;0;;-8.26547;;;;;;;;;;
202601010530;2026;1;1;5;30;46023.22917;0;-0.033333333;0;Considerar;S/D;No Considerar;No;Considerar;0;-0.033333333;-0.076916667;0;0;;-8.26326;;;;;;;;;;
202601010545;2026;1;1;5;45;46023.23958;0;0;0;Considerar;S/D;No Considerar;No;Considerar;0;0;0;0;0;;-8.21359;;;;;;;;;;
202601010600;2026;1;1;6;0;46023.25;0;-0.033333333;0;Considerar;S/D;No Considerar;No;Considerar;0;-0.033333333;-0.076916667;0;0;;-8.09911;;;;;;;;;;
202601010615;2026;1;1;6;15;46023.26042;0;0;0.016666667;Considerar;S/D;No Considerar;No;Considerar;0;0.012;0.02769;0;0;;-8.05443;;;;;;;;;;
202601010630;2026;1;1;6;30;46023.27083;0;0.833333333;0.133333333;Considerar;S/D;No Considerar;No;Considerar;0;0.929333333;2.144436667;0;0;;-8.04653;;;;;;;;;;
202601010645;2026;1;1;6;45;46023.28125;16.42786433;3.566666667;0.266666667;Considerar;Operando;No Considerar;No;Considerar;0;3.758666667;8.673123333;0;0;;-8.07665;;;;;;;;;;
202601010700;2026;1;1;7;0;46023.29167;96.07986333;10.73333333;0.933333333;Considerar;Operando;No Considerar;No;Considerar;0;11.40533333;26.31780667;0;0;;-8.18245;;;;;;;;;;
202601010715;2026;1;1;7;15;46023.30208;444.3915667;48.06666667;2.85;Considerar;Operando;No Considerar;No;Considerar;0;50.11866667;115.6488233;0;0;;-7.9963;;;;;;;;;;
202601010730;2026;1;1;7;30;46023.3125;846.6894333;121.9333333;7.883333333;Considerar;Operando;Considerar;Si;Considerar;30.48333333;127.6093333;294.4585367;846.6894333;294.4585367;;-7.97319;;;;;;;;;;
202601010745;2026;1;1;7;45;46023.32292;1380.479667;193.4333333;8.966666667;Considerar;Operando;Considerar;Si;Considerar;48.35833333;199.8893333;461.2446367;1380.479667;461.2446367;;-7.91649;;;;;;;;;;
202601010800;2026;1;1;8;0;46023.33333;2074.043;269.9333333;9.9;Considerar;Operando;Considerar;Si;Considerar;67.48333333;277.0613333;639.3190267;2074.043;639.3190267;;-3.19647;;;;;;;;;;
202601010815;2026;1;1;8;15;46023.34375;3031.529;348.1;11.63333333;Considerar;Operando;Considerar;Si;Considerar;87.025;356.476;822.56837;3031.529;822.56837;;37.474;;;;;;;;;;
202601010830;2026;1;1;8;30;46023.35417;3923.904667;451.3;14.13333333;Considerar;Operando;Considerar;Si;Considerar;112.825;461.476;1064.85587;3923.904667;1064.85587;;145.74257;;;;;;;;;;
202601010845;2026;1;1;8;45;46023.36458;4795.751;568.2666667;17.15;Considerar;Operando;Considerar;Si;Considerar;142.0666667;580.6146667;1339.768343;4795.751;1339.768343;;281.49703;;;;;;;;;;
202601010900;2026;1;1;9;0;46023.375;5526.731333;664.3666667;21.21666667;Considerar;Operando;Considerar;Si;Considerar;166.0916667;679.6426667;1568.275453;5526.731333;1568.275453;;433.01393;;;;;;;;;;
202601010915;2026;1;1;9;15;46023.38542;6180.724;765.7666667;26.03333333;Considerar;Operando;Considerar;Si;Considerar;191.4416667;784.5106667;1810.258363;6180.724;1810.258363;;602.60353;;;;;;;;;;
202601010930;2026;1;1;9;30;46023.39583;6770.896333;859.9333333;30.8;Considerar;Operando;Considerar;Si;Considerar;214.9833333;882.1093333;2035.467287;6770.896333;2035.467287;;951.58133;;;;;;;;;;
202601010945;2026;1;1;9;45;46023.40625;7286.594667;945.5666667;36.41666667;Considerar;Operando;Considerar;Si;Considerar;236.3916667;971.7866667;2242.397733;7286.594667;2242.397733;;1279.83767;;;;;;;;;;
202601011000;2026;1;1;10;0;46023.41667;7455.705;1005.433333;46.48333333;Considerar;Operando;Considerar;Si;Considerar;251.3583333;1038.901333;2397.264827;7455.705;2397.264827;;1354.37733;;;;;;;;;;
202601011015;2026;1;1;10;15;46023.42708;7541.089333;1022.533333;47.95;Considerar;Operando;Considerar;Si;Considerar;255.6333333;1057.057333;2439.159797;7541.089333;2439.159797;;1749.22867;;;;;;;;;;
202601011030;2026;1;1;10;30;46023.4375;7604.608333;1039.7;49.98333333;Considerar;Operando;Considerar;Si;Considerar;259.925;1075.688;2482.15006;7604.608333;2482.15006;;1479.22933;;;;;;;;;;
202601011045;2026;1;1;10;45;46023.44792;7693.356;1054.133333;51.91666667;Considerar;Operando;Considerar;Si;Considerar;263.5333333;1091.513333;2518.667017;7693.356;2518.667017;;1761.82;;;;;;;;;;
202601011100;2026;1;1;11;0;46023.45833;7729.344667;1064.866667;53.33333333;Considerar;Operando;Considerar;Si;Considerar;266.2166667;1103.266667;2545.787833;7729.344667;2545.787833;;2283.611;;;;;;;;;;
202601011115;2026;1;1;11;15;46023.46875;7746.781333;1072.833333;54.68333333;Considerar;Operando;Considerar;Si;Considerar;268.2083333;1112.205333;2566.413807;7746.781333;2566.413807;;3299.248;;;;;;;;;;
202601011130;2026;1;1;11;30;46023.47917;7758.597333;1082.033333;56.71666667;Considerar;Operando;Considerar;Si;Considerar;270.5083333;1122.869333;2591.020987;7758.597333;2591.020987;;2673.054;;;;;;;;;;
202601011145;2026;1;1;11;45;46023.48958;7766.550333;1087.233333;59.18333333;Considerar;Operando;Considerar;Si;Considerar;271.8083333;1129.845333;2607.118107;7766.550333;2607.118107;;2493.66867;;;;;;;;;;
202601011200;2026;1;1;12;0;46023.5;7771.323333;1093.966667;61.21666667;Considerar;Operando;Considerar;Si;Considerar;273.4916667;1138.042667;2626.033453;7771.323333;2626.033453;;2093.07033;;;;;;;;;;
202601011215;2026;1;1;12;15;46023.51042;7773.213333;1094.266667;62.18333333;Considerar;Operando;Considerar;Si;Considerar;273.5666667;1139.038667;2628.331723;7773.213333;2628.331723;;2672.76733;;;;;;;;;;
202601011230;2026;1;1;12;30;46023.52083;7775.289667;1092.866667;63.73333333;Considerar;Operando;Considerar;Si;Considerar;273.2166667;1138.754667;2627.676393;7775.289667;2627.676393;;3383.17233;;;;;;;;;;
202601011245;2026;1;1;12;45;46023.53125;7775.741;1061.3;66.28333333;Considerar;Operando;Considerar;Si;Considerar;265.325;1109.024;2559.07288;7775.741;2559.07288;;5310.066;;;;;;;;;;
202601011300;2026;1;1;13;0;46023.54167;7780.392333;1065.533333;67.05;Considerar;Operando;Considerar;Si;Considerar;266.3833333;1113.809333;2570.115037;7780.392333;2570.115037;;6906.87367;;;;;;;;;;
202601011315;2026;1;1;13;15;46023.55208;7781.679333;1086.1;66.73333333;Considerar;Operando;Considerar;Si;Considerar;271.525;1134.148;2617.04651;7781.679333;2617.04651;;3741.10367;;;;;;;;;;
202601011330;2026;1;1;13;30;46023.5625;7777.724667;1089.566667;66.16666667;Considerar;Operando;Considerar;Si;Considerar;272.3916667;1137.206667;2624.104383;7777.724667;2624.104383;;5919.31967;;;;;;;;;;
202601011345;2026;1;1;13;45;46023.57292;7777.801333;1091.133333;65.53333333;Considerar;Operando;Considerar;Si;Considerar;272.7833333;1138.317333;2626.667247;7777.801333;2626.667247;;4570.035;;;;;;;;;;
202601011400;2026;1;1;14;0;46023.58333;7772.716333;1092.466667;65.73333333;Considerar;Operando;Considerar;Si;Considerar;273.1166667;1139.794667;2630.076193;7772.716333;2630.076193;;6279.47967;;;;;;;;;;
202601011415;2026;1;1;14;15;46023.59375;7767.918;1090.266667;66.21666667;Considerar;Operando;Considerar;Si;Considerar;272.5666667;1137.942667;2625.802703;7767.918;2625.802703;;6081.18567;;;;;;;;;;
202601011430;2026;1;1;14;30;46023.60417;7765.216667;1087.3;66.65;Considerar;Operando;Considerar;Si;Considerar;271.825;1135.288;2619.67706;7765.216667;2619.67706;;5934.171;;;;;;;;;;
202601011445;2026;1;1;14;45;46023.61458;7762.159333;1077.633333;67.38333333;Considerar;Operando;Considerar;Si;Considerar;269.4083333;1126.149333;2598.589587;7762.159333;2598.589587;;5941.33167;;;;;;;;;;
202601011500;2026;1;1;15;0;46023.625;7730.466;1064.733333;68.21666667;Considerar;Operando;Considerar;Si;Considerar;266.1833333;1113.849333;2570.207337;7730.466;2570.207337;;5950.009;;;;;;;;;;
202601011515;2026;1;1;15;15;46023.63542;7758.049;1044;68.81666667;Considerar;Operando;Considerar;Si;Considerar;261;1093.548;2523.36201;7758.049;2523.36201;;5969.08867;;;;;;;;;;
202601011530;2026;1;1;15;30;46023.64583;7732.317;1021.533333;69.41666667;Considerar;Operando;Considerar;Si;Considerar;255.3833333;1071.513333;2472.517017;7732.317;2472.517017;;5973.109;;;;;;;;;;
202601011545;2026;1;1;15;45;46023.65625;7673.531667;996.1;70.18333333;Considerar;Operando;Considerar;Si;Considerar;249.025;1046.632;2415.10334;7673.531667;2415.10334;;5971.45633;;;;;;;;;;
202601011600;2026;1;1;16;0;46023.66667;7607.879;970.3666667;70.81666667;Considerar;Operando;Considerar;Si;Considerar;242.5916667;1021.354667;2356.775893;7607.879;2356.775893;;5967.14467;;;;;;;;;;
202601011615;2026;1;1;16;15;46023.67708;7517.761;931.6666667;70.81666667;Considerar;Operando;Considerar;Si;Considerar;232.9166667;982.6546667;2267.475643;7517.761;2267.475643;;5944.10533;;;;;;;;;;
202601011630;2026;1;1;16;30;46023.6875;7391.026;896.2666667;71.21666667;Considerar;Operando;Considerar;Si;Considerar;224.0666667;947.5426667;2186.454703;7391.026;2186.454703;;5936.99933;;;;;;;;;;
202601011645;2026;1;1;16;45;46023.69792;7224.671667;854.5333333;72.58333333;Considerar;Operando;Considerar;Si;Considerar;213.6333333;906.7933333;2092.425617;7224.671667;2092.425617;;5924.415;;;;;;;;;;
202601011700;2026;1;1;17;0;46023.70833;7023.453333;815.8666667;73.51666667;Considerar;Operando;Considerar;Si;Considerar;203.9666667;868.7986667;2004.752923;7023.453333;2004.752923;;5848.363;;;;;;;;;;
202601011715;2026;1;1;17;15;46023.71875;6785.605;764.6666667;74.96666667;Considerar;Operando;Considerar;Si;Considerar;191.1666667;818.6426667;1889.017953;6785.605;1889.017953;;5750.60567;;;;;;;;;;
202601011730;2026;1;1;17;30;46023.72917;6495.567667;721.3333333;75.85;Considerar;Operando;Considerar;Si;Considerar;180.3333333;775.9453333;1790.493857;6495.567667;1790.493857;;5573.979;;;;;;;;;;
202601011745;2026;1;1;17;45;46023.73958;6184.982;664.4;76.35;Considerar;Operando;Considerar;Si;Considerar;166.1;719.372;1659.95089;6184.982;1659.95089;;4712.75867;;;;;;;;;;
202601011800;2026;1;1;18;0;46023.75;5840.523333;612.8333333;74.73333333;Considerar;Operando;Considerar;Si;Considerar;153.2083333;666.6413333;1538.274877;5840.523333;1538.274877;;3534.546;;;;;;;;;;
202601011815;2026;1;1;18;15;46023.76042;5375.310667;559.8;71.33333333;Considerar;Operando;Considerar;Si;Considerar;139.95;611.16;1410.2517;5375.310667;1410.2517;;2881.081;;;;;;;;;;
202601011830;2026;1;1;18;30;46023.77083;4638.969333;510.8666667;70.41666667;Considerar;Operando;Considerar;Si;Considerar;127.7166667;561.5666667;1295.815083;4638.969333;1295.815083;;2221.228;;;;;;;;;;
202601011845;2026;1;1;18;45;46023.78125;3475.559;448.2333333;77.05;Considerar;Operando;Considerar;Si;Considerar;112.0583333;503.7093333;1162.309287;3475.559;1162.309287;;1550.556;;;;;;;;;;
202601011900;2026;1;1;19;0;46023.79167;2982.714667;399.1333333;69.75;Considerar;Operando;Considerar;Si;Considerar;99.78333333;449.3533333;1036.882817;2982.714667;1036.882817;;923.44137;;;;;;;;;;
202601011915;2026;1;1;19;15;46023.80208;2476.225;340.1333333;50.08333333;Considerar;Operando;Considerar;Si;Considerar;85.03333333;376.1933333;868.0661167;2476.225;868.0661167;;408.52663;;;;;;;;;;
202601011930;2026;1;1;19;30;46023.8125;1959.620333;286.1333333;33.91666667;Considerar;Operando;Considerar;Si;Considerar;71.53333333;310.5533333;716.6018167;1959.620333;716.6018167;;102.5339;;;;;;;;;;
202601011945;2026;1;1;19;45;46023.82292;1457.835333;233.9;23.3;Considerar;Operando;Considerar;Si;Considerar;58.475;250.676;578.43487;1457.835333;578.43487;;13.60237;;;;;;;;;;
202601012000;2026;1;1;20;0;46023.83333;1010.1332;180.2666667;23.96666667;Considerar;Operando;Considerar;Si;Considerar;45.06666667;197.5226667;455.7835533;1010.1332;455.7835533;;-11.43576;;;;;;;;;;
202601012015;2026;1;1;20;15;46023.84375;640.4569333;127.1333333;23.23333333;Considerar;Operando;Considerar;Si;Considerar;31.78333333;143.8613333;331.9600267;640.4569333;331.9600267;;-8.21649;;;;;;;;;;
202601012030;2026;1;1;20;30;46023.85417;342.9989333;84.83333333;17.91666667;Considerar;Operando;No Considerar;No;Considerar;0;97.73333333;225.5196667;0;0;;-7.95371;;;;;;;;;;
202601012045;2026;1;1;20;45;46023.86458;151.2056167;40.66666667;8.6;Considerar;Operando;No Considerar;No;Considerar;0;46.85866667;108.1263733;0;0;;-7.96766;;;;;;;;;;
202601012100;2026;1;1;21;0;46023.875;43.82144;11.73333333;1.733333333;Considerar;Operando;No Considerar;No;Considerar;0;12.98133333;29.95442667;0;0;;-7.9708;;;;;;;;;;
202601012115;2026;1;1;21;15;46023.88542;0;3.366666667;0.65;Considerar;S/D;No Considerar;No;Considerar;0;3.834666667;8.848493333;0;0;;-8.01292;;;;;;;;;;
202601012130;2026;1;1;21;30;46023.89583;0;0.6;0.316666667;Considerar;S/D;No Considerar;No;Considerar;0;0.828;1.91061;0;0;;-8.05012;;;;;;;;;;
202601012145;2026;1;1;21;45;46023.90625;0;0.133333333;0.166666667;Considerar;S/D;No Considerar;No;Considerar;0;0.253333333;0.584566667;0;0;;-8.10765;;;;;;;;;;
202601012200;2026;1;1;22;0;46023.91667;0;0.033333333;0.15;Considerar;S/D;No Considerar;No;Considerar;0;0.141333333;0.326126667;0;0;;-8.12882;;;;;;;;;;
202601012215;2026;1;1;22;15;46023.92708;0;0;0.1;Considerar;S/D;No Considerar;No;Considerar;0;0.072;0.16614;0;0;;-8.09973;;;;;;;;;;
202601012230;2026;1;1;22;30;46023.9375;0;0;0.016666667;Considerar;S/D;No Considerar;No;Considerar;0;0.012;0.02769;0;0;;-7.9251;;;;;;;;;;
202601012245;2026;1;1;22;45;46023.94792;0;0;0.05;Considerar;S/D;No Considerar;No;Considerar;0;0.036;0.08307;0;0;;-7.98539;;;;;;;;;;
202601012300;2026;1;1;23;0;46023.95833;0;0;0.033333333;Considerar;S/D;No Considerar;No;Considerar;0;0.024;0.05538;0;0;;-7.84202;;;;;;;;;;
202601012315;2026;1;1;23;15;46023.96875;0;0;0;Considerar;S/D;No Considerar;No;Considerar;0;0;0;0;0;;-7.77962;;;;;;;;;;
202601012330;2026;1;1;23;30;46023.97917;0;0;0;Considerar;S/D;No Considerar;No;Considerar;0;0;0;0;0;;-7.75973;;;;;;;;;;
202601012345;2026;1;1;23;45;46023.98958;0;0;0;Considerar;S/D;No Considerar;No;Considerar;0;0;0;0;0;;-7.91466;;;;;;;;;;
202601020000;2026;1;2;0;0;46024;0;0;0.016666667;Considerar;S/D;No Considerar;No;Considerar;0;0.012;0.02769;0;0;;-7.85788;;;;;;;;;;
202601020015;2026;1;2;0;15;46024.01042;0;0;0.033333333;Considerar;S/D;No Considerar;No;Considerar;0;0.024;0.05538;0;0;;-7.94423;;;;;;;;;;
202601020030;2026;1;2;0;30;46024.02083;0;0;0;Considerar;S/D;No Considerar;No;Considerar;0;0;0;0;0;;-7.91874;;;;;;;;;;
202601020045;2026;1;2;0;45;46024.03125;0;0;0;Considerar;S/D;No Considerar;No;Considerar;0;0;0;0;0;;-7.89915;;;;;;;;;;
202601020100;2026;1;2;1;0;46024.04167;0;0;0;Considerar;S/D;No Considerar;No;Considerar;0;0;0;0;0;;-7.85365;;;;;;;;;;
202601020115;2026;1;2;1;15;46024.05208;0;0;0;Considerar;S/D;No Considerar;No;Considerar;0;0;0;0;0;;-7.93725;;;;;;;;;;
202601020130;2026;1;2;1;30;46024.0625;0;0;0;Considerar;S/D;No Considerar;No;Considerar;0;0;0;0;0;;-8.07684;;;;;;;;;;
202601020145;2026;1;2;1;45;46024.07292;0;0;0;Considerar;S/D;No Considerar;No;Considerar;0;0;0;0;0;;-8.04765;;;;;;;;;;
202601020200;2026;1;2;2;0;46024.08333;0;0;0;Considerar;S/D;No Considerar;No;Considerar;0;0;0;0;0;;-8.0658;;;;;;;;;;
202601020215;2026;1;2;2;15;46024.09375;0;0;0;Considerar;S/D;No Considerar;No;Considerar;0;0;0;0;0;;-8.14367;;;;;;;;;;
202601020230;2026;1;2;2;30;46024.10417;0;0;0;Considerar;S/D;No Considerar;No;Considerar;0;0;0;0;0;;-8.11864;;;;;;;;;;
202601020245;2026;1;2;2;45;46024.11458;0;0;0;Considerar;S/D;No Considerar;No;Considerar;0;0;0;0;0;;-8.16318;;;;;;;;;;
202601020300;2026;1;2;3;0;46024.125;0;0;0;Considerar;S/D;No Considerar;No;Considerar;0;0;0;0;0;;-8.16966;;;;;;;;;;
202601020315;2026;1;2;3;15;46024.13542;0;0;0;Considerar;S/D;No Considerar;No;Considerar;0;0;0;0;0;;-8.18136;;;;;;;;;;
202601020330;2026;1;2;3;30;46024.14583;0;-0.066666667;0;Considerar;S/D;No Considerar;No;Considerar;0;-0.066666667;-0.153833333;0;0;;-8.22583;;;;;;;;;;
202601020345;2026;1;2;3;45;46024.15625;0;-0.033333333;0;Considerar;S/D;No Considerar;No;Considerar;0;-0.033333333;-0.076916667;0;0;;-8.20724;;;;;;;;;;
202601020400;2026;1;2;4;0;46024.16667;0;-0.066666667;0;Considerar;S/D;No Considerar;No;Considerar;0;-0.066666667;-0.153833333;0;0;;-8.14643;;;;;;;;;;
202601020415;2026;1;2;4;15;46024.17708;0;-0.133333333;0;Considerar;S/D;No Considerar;No;Considerar;0;-0.133333333;-0.307666667;0;0;;-8.16969;;;;;;;;;;
202601020430;2026;1;2;4;30;46024.1875;0;0;0;Considerar;S/D;No Considerar;No;Considerar;0;0;0;0;0;;-8.19472;;;;;;;;;;
202601020445;2026;1;2;4;45;46024.19792;0;0;0;Considerar;S/D;No Considerar;No;Considerar;0;0;0;0;0;;-8.16051;;;;;;;;;;
202601020500;2026;1;2;5;0;46024.20833;0;0;0;Considerar;S/D;No Considerar;No;Considerar;0;0;0;0;0;;-8.14449;;;;;;;;;;
202601020515;2026;1;2;5;15;46024.21875;0;-0.066666667;0;Considerar;S/D;No Considerar;No;Considerar;0;-0.066666667;-0.153833333;0;0;;-8.18028;;;;;;;;;;
202601020530;2026;1;2;5;30;46024.22917;0;-0.066666667;0;Considerar;S/D;No Considerar;No;Considerar;0;-0.066666667;-0.153833333;0;0;;-8.18283;;;;;;;;;;
202601020545;2026;1;2;5;45;46024.23958;0;0;0.016666667;Considerar;S/D;No Considerar;No;Considerar;0;0.012;0.02769;0;0;;-8.1505;;;;;;;;;;
202601020600;2026;1;2;6;0;46024.25;0;0.066666667;0.033333333;Considerar;S/D;No Considerar;No;Considerar;0;0.090666667;0.209213333;0;0;;-8.19923;;;;;;;;;;
202601020615;2026;1;2;6;15;46024.26042;0;0;0;Considerar;S/D;No Considerar;No;Considerar;0;0;0;0;0;;-8.08476;;;;;;;;;;
202601020630;2026;1;2;6;30;46024.27083;0;0.8;0;Considerar;S/D;No Considerar;No;Considerar;0;0.8;1.846;0;0;;-8.03467;;;;;;;;;;
202601020645;2026;1;2;6;45;46024.28125;19.983893;3.7;0.25;Considerar;Operando;No Considerar;No;Considerar;0;3.88;8.9531;0;0;;-7.92271;;;;;;;;;;
202601020700;2026;1;2;7;0;46024.29167;68.40246333;10.26666667;0.683333333;Considerar;Operando;No Considerar;No;Considerar;0;10.75866667;24.82562333;0;0;;-8.10998;;;;;;;;;;
202601020715;2026;1;2;7;15;46024.30208;234.5383667;22.33333333;2.133333333;Considerar;Operando;No Considerar;No;Considerar;0;23.86933333;55.07848667;0;0;;-8.07096;;;;;;;;;;
202601020730;2026;1;2;7;30;46024.3125;450.8719333;45.93333333;5.033333333;Considerar;Operando;No Considerar;No;Considerar;0;49.55733333;114.3535467;0;0;;-7.95287;;;;;;;;;;
202601020745;2026;1;2;7;45;46024.32292;806.4507;75.6;9.716666667;Considerar;Operando;No Considerar;No;Considerar;0;82.596;190.59027;0;0;;-7.93152;;;;;;;;;;
202601020800;2026;1;2;8;0;46024.33333;1135.454333;109.8333333;15.4;Considerar;Operando;Considerar;Si;Considerar;27.45833333;120.9213333;279.0259767;1135.454333;279.0259767;;27.1139;;;;;;;;;;
202601020815;2026;1;2;8;15;46024.34375;1714.299667;154.5;22.58333333;Considerar;Operando;Considerar;Si;Considerar;38.625;170.76;394.0287;1714.299667;394.0287;;167.40241;;;;;;;;;;
202601020830;2026;1;2;8;30;46024.35417;2384.478667;250.6;33.08333333;Considerar;Operando;Considerar;Si;Considerar;62.65;274.42;633.22415;2384.478667;633.22415;;388.5161;;;;;;;;;;
202601020845;2026;1;2;8;45;46024.36458;3126.272;333.3666667;50.51666667;Considerar;Operando;Considerar;Si;Considerar;83.34166667;369.7386667;853.1719733;3126.272;853.1719733;;582.5722;;;;;;;;;;
202601020900;2026;1;2;9;0;46024.375;3594.596;399;69.26666667;Considerar;Operando;Considerar;Si;Considerar;99.75;448.872;1035.77214;3594.596;1035.77214;;638.87273;;;;;;;;;;
202601020915;2026;1;2;9;15;46024.38542;4031.387667;451.2666667;81.65;Considerar;Operando;Considerar;Si;Considerar;112.8166667;510.0546667;1176.951143;4031.387667;1176.951143;;881.96743;;;;;;;;;;
202601020930;2026;1;2;9;30;46024.39583;4470.964667;511.2;90.33333333;Considerar;Operando;Considerar;Si;Considerar;127.8;576.24;1329.6738;4470.964667;1329.6738;;1119.66457;;;;;;;;;;
202601020945;2026;1;2;9;45;46024.40625;4936.211333;555.1;95.8;Considerar;Operando;Considerar;Si;Considerar;138.775;624.076;1440.05537;4936.211333;1440.05537;;1163.815;;;;;;;;;;
202601021000;2026;1;2;10;0;46024.41667;5395.563667;613.8666667;99.38333333;Considerar;Operando;Considerar;Si;Considerar;153.4666667;685.4226667;1581.612803;5395.563667;1581.612803;;1166.26667;;;;;;;;;;
202601021015;2026;1;2;10;15;46024.42708;5816.257;660.9333333;99.16666667;Considerar;Operando;Considerar;Si;Considerar;165.2333333;732.3333333;1689.859167;5816.257;1689.859167;;1262.977;;;;;;;;;;
202601021030;2026;1;2;10;30;46024.4375;6169.906;718.4;96.45;Considerar;Operando;Considerar;Si;Considerar;179.6;787.844;1817.95003;6169.906;1817.95003;;1547.267;;;;;;;;;;
202601021045;2026;1;2;10;45;46024.44792;6509.119;767.2333333;93.01666667;Considerar;Operando;Considerar;Si;Considerar;191.8083333;834.2053333;1924.928807;6509.119;1924.928807;;2272.73467;;;;;;;;;;
202601021100;2026;1;2;11;0;46024.45833;6827.535333;814.5;89.65;Considerar;Operando;Considerar;Si;Considerar;203.625;879.048;2028.40326;6827.535333;2028.40326;;2689.27133;;;;;;;;;;
202601021115;2026;1;2;11;15;46024.46875;7108.366;853.1333333;85.56666667;Considerar;Operando;Considerar;Si;Considerar;213.2833333;914.7413333;2110.765627;7108.366;2110.765627;;5118.91167;;;;;;;;;;
202601021130;2026;1;2;11;30;46024.47917;7328.407333;899.8666667;81.2;Considerar;Operando;Considerar;Si;Considerar;224.9666667;958.3306667;2211.348013;7328.407333;2211.348013;;6475.92067;;;;;;;;;;
202601021145;2026;1;2;11;45;46024.48958;7483.36;932.1;78.23333333;Considerar;Operando;Considerar;Si;Considerar;233.025;988.428;2280.79761;7483.36;2280.79761;;5523.77933;;;;;;;;;;
202601021200;2026;1;2;12;0;46024.5;7618.533333;967.9;75.46666667;Considerar;Operando;Considerar;Si;Considerar;241.975;1022.236;2358.80957;7618.533333;2358.80957;;5191.89767;;;;;;;;;;
202601021215;2026;1;2;12;15;46024.51042;7726.250333;998.0333333;73.23333333;Considerar;Operando;Considerar;Si;Considerar;249.5083333;1050.761333;2424.631777;7726.250333;2424.631777;;4308.627;;;;;;;;;;
202601021230;2026;1;2;12;30;46024.52083;7759.77;1025.366667;71.08333333;Considerar;Operando;Considerar;Si;Considerar;256.3416667;1076.546667;2484.131433;7759.77;2484.131433;;4928.59433;;;;;;;;;;
202601021245;2026;1;2;12;45;46024.53125;7767.963333;1044.833333;69.2;Considerar;Operando;Considerar;Si;Considerar;261.2083333;1094.657333;2525.921797;7767.963333;2525.921797;;4047.40533;;;;;;;;;;
202601021300;2026;1;2;13;0;46024.54167;7773.559667;1065.9;67.48333333;Considerar;Operando;Considerar;Si;Considerar;266.475;1114.488;2571.68106;7773.559667;2571.68106;;4852.60867;;;;;;;;;;
202601021315;2026;1;2;13;15;46024.55208;7777.773333;1079.333333;66.5;Considerar;Operando;Considerar;Si;Considerar;269.8333333;1127.213333;2601.044767;7777.773333;2601.044767;;5283.24833;;;;;;;;;;
202601021330;2026;1;2;13;30;46024.5625;7780.070333;1087.866667;65.53333333;Considerar;Operando;Considerar;Si;Considerar;271.9666667;1135.050667;2619.129413;7780.070333;2619.129413;;5579.45667;;;;;;;;;;
202601021345;2026;1;2;13;45;46024.57292;7780.835;1092.3;65.28333333;Considerar;Operando;Considerar;Si;Considerar;273.075;1139.304;2628.94398;7780.835;2628.94398;;4422.792;;;;;;;;;;
202601021400;2026;1;2;14;0;46024.58333;7780.273333;1092.066667;65.15;Considerar;Operando;Considerar;Si;Considerar;273.0166667;1138.974667;2628.184043;7780.273333;2628.184043;;5145.842;;;;;;;;;;
202601021415;2026;1;2;14;15;46024.59375;7776.191333;1088.833333;65.1;Considerar;Operando;Considerar;Si;Considerar;272.2083333;1135.705333;2620.640057;7776.191333;2620.640057;;5040.438;;;;;;;;;;
202601021430;2026;1;2;14;30;46024.60417;7772.318333;1082.733333;65.81666667;Considerar;Operando;Considerar;Si;Considerar;270.6833333;1130.121333;2607.754977;7772.318333;2607.754977;;4952.80133;;;;;;;;;;
202601021445;2026;1;2;14;45;46024.61458;7766.863333;1072.466667;66.86666667;Considerar;Operando;Considerar;Si;Considerar;268.1166667;1120.610667;2585.809113;7766.863333;2585.809113;;4911.66633;;;;;;;;;;
202601021500;2026;1;2;15;0;46024.625;7761.618;1060;68.56666667;Considerar;Operando;Considerar;Si;Considerar;265;1109.368;2559.86666;7761.618;2559.86666;;4770.13367;;;;;;;;;;
202601021515;2026;1;2;15;15;46024.63542;7753.841333;1041.733333;70.43333333;Considerar;Operando;Considerar;Si;Considerar;260.4333333;1092.445333;2520.817607;7753.841333;2520.817607;;5248.025;;;;;;;;;;
202601021530;2026;1;2;15;30;46024.64583;7717.201;1019.733333;72.73333333;Considerar;Operando;Considerar;Si;Considerar;254.9333333;1072.101333;2473.873827;7717.201;2473.873827;;4996.36733;;;;;;;;;;
202601021545;2026;1;2;15;45;46024.65625;7603.501;997.9;75.05;Considerar;Operando;Considerar;Si;Considerar;249.475;1051.936;2427.34232;7603.501;2427.34232;;4823.684;;;;;;;;;;
202601021600;2026;1;2;16;0;46024.66667;7451.565333;967.0666667;77.36666667;Considerar;Operando;Considerar;Si;Considerar;241.7666667;1022.770667;2360.043313;7451.565333;2360.043313;;4414.77467;;;;;;;;;;
202601021615;2026;1;2;16;15;46024.67708;7287.369;931.7333333;79.8;Considerar;Operando;Considerar;Si;Considerar;232.9333333;989.1893333;2282.554387;7287.369;2282.554387;;4835.82633;;;;;;;;;;
202601021630;2026;1;2;16;30;46024.6875;7051.740667;894.9666667;82.71666667;Considerar;Operando;Considerar;Si;Considerar;223.7416667;954.5226667;2202.561053;7051.740667;2202.561053;;5049.97433;;;;;;;;;;
202601021645;2026;1;2;16;45;46024.69792;6776.284667;852.5666667;86.38333333;Considerar;Operando;Considerar;Si;Considerar;213.1416667;914.7626667;2110.814853;6776.284667;2110.814853;;5982.424;;;;;;;;;;
202601021700;2026;1;2;17;0;46024.70833;6466.957;810.2333333;90.18333333;Considerar;Operando;Considerar;Si;Considerar;202.5583333;875.1653333;2019.444007;6466.957;2019.444007;;6187.397;;;;;;;;;;
202601021715;2026;1;2;17;15;46024.71875;6115.576333;769;93.36666667;Considerar;Operando;Considerar;Si;Considerar;192.25;836.224;1929.58688;6115.576333;1929.58688;;5984.709;;;;;;;;;;
202601021730;2026;1;2;17;30;46024.72917;5725.744667;720.9;96.63333333;Considerar;Operando;Considerar;Si;Considerar;180.225;790.476;1824.02337;5725.744667;1824.02337;;4917.25133;;;;;;;;;;
202601021745;2026;1;2;17;45;46024.73958;5329.376333;664.9;100.0333333;Considerar;Operando;Considerar;Si;Considerar;166.225;736.924;1700.45213;5329.376333;1700.45213;;4376.209;;;;;;;;;;
202601021800;2026;1;2;18;0;46024.75;4905.955;612.5666667;99.68333333;Considerar;Operando;Considerar;Si;Considerar;153.1416667;684.3386667;1579.111473;4905.955;1579.111473;;3792.818;;;;;;;;;;
202601021815;2026;1;2;18;15;46024.76042;4456.916667;558.5666667;96.95;Considerar;Operando;Considerar;Si;Considerar;139.6416667;628.3706667;1449.965313;4456.916667;1449.965313;;2539.51233;;;;;;;;;;
202601021830;2026;1;2;18;30;46024.77083;4000.471333;503.6;91.66666667;Considerar;Operando;Considerar;Si;Considerar;125.9;569.6;1314.352;4000.471333;1314.352;;2624.008;;;;;;;;;;
202601021845;2026;1;2;18;45;46024.78125;3515.109;454.2666667;83.16666667;Considerar;Operando;Considerar;Si;Considerar;113.5666667;514.1466667;1186.393433;3515.109;1186.393433;;1825.633;;;;;;;;;;
202601021900;2026;1;2;19;0;46024.79167;3024.657333;398.7333333;69;Considerar;Operando;Considerar;Si;Considerar;99.68333333;448.4133333;1034.713767;3024.657333;1034.713767;;1257.85247;;;;;;;;;;
202601021915;2026;1;2;19;15;46024.80208;2495.618667;339.0333333;50.18333333;Considerar;Operando;Considerar;Si;Considerar;84.75833333;375.1653333;865.6940067;2495.618667;865.6940067;;457.09377;;;;;;;;;;
202601021930;2026;1;2;19;30;46024.8125;1973.279667;284.6666667;33.18333333;Considerar;Operando;Considerar;Si;Considerar;71.16666667;308.5586667;711.9991233;1973.279667;711.9991233;;114.3788;;;;;;;;;;
202601021945;2026;1;2;19;45;46024.82292;1488.265333;232.1333333;23.61666667;Considerar;Operando;Considerar;Si;Considerar;58.03333333;249.1373333;574.8843967;1488.265333;574.8843967;;10.37167;;;;;;;;;;
202601022000;2026;1;2;20;0;46024.83333;1011.192733;178;23.51666667;Considerar;Operando;Considerar;Si;Considerar;44.5;194.932;449.80559;1011.192733;449.80559;;-11.98353;;;;;;;;;;
202601022015;2026;1;2;20;15;46024.84375;646.5580333;129.7333333;22.95;Considerar;Operando;Considerar;Si;Considerar;32.43333333;146.2573333;337.4887967;646.5580333;337.4887967;;-8.30926;;;;;;;;;;
202601022030;2026;1;2;20;30;46024.85417;347.5315667;83.23333333;17.65;Considerar;Operando;No Considerar;No;Considerar;0;95.94133333;221.3846267;0;0;;-8.12895;;;;;;;;;;
202601022045;2026;1;2;20;45;46024.86458;157.5220333;41.93333333;9.033333333;Considerar;Operando;No Considerar;No;Considerar;0;48.43733333;111.7691467;0;0;;-7.99163;;;;;;;;;;
202601022100;2026;1;2;21;0;46024.875;46.78819667;12.13333333;1.65;Considerar;Operando;No Considerar;No;Considerar;0;13.32133333;30.73897667;0;0;;-8.19906;;;;;;;;;;
202601022115;2026;1;2;21;15;46024.88542;0;3.4;0.55;Considerar;S/D;No Considerar;No;Considerar;0;3.796;8.75927;0;0;;-8.05232;;;;;;;;;;
202601022130;2026;1;2;21;30;46024.89583;0;0.733333333;0.216666667;Considerar;S/D;No Considerar;No;Considerar;0;0.889333333;2.052136667;0;0;;-8.26366;;;;;;;;;;
202601022145;2026;1;2;21;45;46024.90625;0;0.033333333;0.05;Considerar;S/D;No Considerar;No;Considerar;0;0.069333333;0.159986667;0;0;;-8.10179;;;;;;;;;;
202601022200;2026;1;2;22;0;46024.91667;0;0;0;Considerar;S/D;No Considerar;No;Considerar;0;0;0;0;0;;-8.22598;;;;;;;;;;
202601022215;2026;1;2;22;15;46024.92708;0;0;0.033333333;Considerar;S/D;No Considerar;No;Considerar;0;0.024;0.05538;0;0;;-8.18086;;;;;;;;;;
202601022230;2026;1;2;22;30;46024.9375;0;0;0;Considerar;S/D;No Considerar;No;Considerar;0;0;0;0;0;;-7.93639;;;;;;;;;;
202601022245;2026;1;2;22;45;46024.94792;0;0;0;Considerar;S/D;No Considerar;No;Considerar;0;0;0;0;0;;-7.83281;;;;;;;;;;
202601022300;2026;1;2;23;0;46024.95833;0;0;0.016666667;Considerar;S/D;No Considerar;No;Considerar;0;0.012;0.02769;0;0;;-7.76975;;;;;;;;;;
202601022315;2026;1;2;23;15;46024.96875;0;0;0;Considerar;S/D;No Considerar;No;Considerar;0;0;0;0;0;;-7.80575;;;;;;;;;;
202601022330;2026;1;2;23;30;46024.97917;0;0;0.05;Considerar;S/D;No Considerar;No;Considerar;0;0.036;0.08307;0;0;;-8.06437;;;;;;;;;;
202601022345;2026;1;2;23;45;46024.98958;0;0;0.066666667;Considerar;S/D;No Considerar;No;Considerar;0;0.048;0.11076;0;0;;-8.34995;;;;;;;;;;
202601030000;2026;1;3;0;0;46025;0;0;0.016666667;Considerar;S/D;No Considerar;No;Considerar;0;0.012;0.02769;0;0;;-8.21299;;;;;;;;;;
202601030015;2026;1;3;0;15;46025.01042;0;0;0.016666667;Considerar;S/D;No Considerar;No;Considerar;0;0.012;0.02769;0;0;;-8.21885;;;;;;;;;;
202601030030;2026;1;3;0;30;46025.02083;0;0;0;Considerar;S/D;No Considerar;No;Considerar;0;0;0;0;0;;-8.30245;;;;;;;;;;
202601030045;2026;1;3;0;45;46025.03125;0;0;0;Considerar;S/D;No Considerar;No;Considerar;0;0;0;0;0;;-8.3256;;;;;;;;;;
202601030100;2026;1;3;1;0;46025.04167;0;0;0;Considerar;S/D;No Considerar;No;Considerar;0;0;0;0;0;;-8.34909;;;;;;;;;;
202601030115;2026;1;3;1;15;46025.05208;0;0;0;Considerar;S/D;No Considerar;No;Considerar;0;0;0;0;0;;-8.40394;;;;;;;;;;
202601030130;2026;1;3;1;30;46025.0625;0;0;0;Considerar;S/D;No Considerar;No;Considerar;0;0;0;0;0;;-8.48549;;;;;;;;;;
202601030145;2026;1;3;1;45;46025.07292;0;0;0;Considerar;S/D;No Considerar;No;Considerar;0;0;0;0;0;;-8.46041;;;;;;;;;;
202601030200;2026;1;3;2;0;46025.08333;0;0;0;Considerar;S/D;No Considerar;No;Considerar;0;0;0;0;0;;-8.472;;;;;;;;;;
202601030215;2026;1;3;2;15;46025.09375;0;0;0;Considerar;S/D;No Considerar;No;Considerar;0;0;0;0;0;;-8.43794;;;;;;;;;;
202601030230;2026;1;3;2;30;46025.10417;0;0;0;Considerar;S/D;No Considerar;No;Considerar;0;0;0;0;0;;-8.5072;;;;;;;;;;
202601030245;2026;1;3;2;45;46025.11458;0;0;0;Considerar;S/D;No Considerar;No;Considerar;0;0;0;0;0;;-8.57253;;;;;;;;;;
202601030300;2026;1;3;3;0;46025.125;0;0;0;Considerar;S/D;No Considerar;No;Considerar;0;0;0;0;0;;-8.57088;;;;;;;;;;
202601030315;2026;1;3;3;15;46025.13542;0;0;0;Considerar;S/D;No Considerar;No;Considerar;0;0;0;0;0;;-8.62472;;;;;;;;;;
202601030330;2026;1;3;3;30;46025.14583;0;0;0;Considerar;S/D;No Considerar;No;Considerar;0;0;0;0;0;;-8.62149;;;;;;;;;;
202601030345;2026;1;3;3;45;46025.15625;0;0;0;Considerar;S/D;No Considerar;No;Considerar;0;0;0;0;0;;-8.77072;;;;;;;;;;
202601030400;2026;1;3;4;0;46025.16667;0;0;0;Considerar;S/D;No Considerar;No;Considerar;0;0;0;0;0;;-8.56895;;;;;;;;;;
202601030415;2026;1;3;4;15;46025.17708;0;0;0;Considerar;S/D;No Considerar;No;Considerar;0;0;0;0;0;;-8.3857;;;;;;;;;;
202601030430;2026;1;3;4;30;46025.1875;0;0;0;Considerar;S/D;No Considerar;No;Considerar;0;0;0;0;0;;-8.35645;;;;;;;;;;
202601030445;2026;1;3;4;45;46025.19792;0;0;0;Considerar;S/D;No Considerar;No;Considerar;0;0;0;0;0;;-8.41054;;;;;;;;;;
202601030500;2026;1;3;5;0;46025.20833;0;0;0;Considerar;S/D;No Considerar;No;Considerar;0;0;0;0;0;;-8.18592;;;;;;;;;;
202601030515;2026;1;3;5;15;46025.21875;0;0;0;Considerar;S/D;No Considerar;No;Considerar;0;0;0;0;0;;-8.20753;;;;;;;;;;
202601030530;2026;1;3;5;30;46025.22917;0;0;0;Considerar;S/D;No Considerar;No;Considerar;0;0;0;0;0;;-8.15424;;;;;;;;;;
202601030545;2026;1;3;5;45;46025.23958;0;0;0;Considerar;S/D;No Considerar;No;Considerar;0;0;0;0;0;;-8.17265;;;;;;;;;;
202601030600;2026;1;3;6;0;46025.25;0;0;0;Considerar;S/D;No Considerar;No;Considerar;0;0;0;0;0;;-8.18135;;;;;;;;;;
202601030615;2026;1;3;6;15;46025.26042;0;0.033333333;0;Considerar;S/D;No Considerar;No;Considerar;0;0.033333333;0.076916667;0;0;;-8.00937;;;;;;;;;;
202601030630;2026;1;3;6;30;46025.27083;0;0.8;0.016666667;Considerar;S/D;No Considerar;No;Considerar;0;0.812;1.87369;0;0;;-7.98553;;;;;;;;;;
202601030645;2026;1;3;6;45;46025.28125;16.68533633;3.266666667;0.183333333;Considerar;Operando;No Considerar;No;Considerar;0;3.398666667;7.842423333;0;0;;-8.04559;;;;;;;;;;
202601030700;2026;1;3;7;0;46025.29167;68.75252667;8.166666667;0.333333333;Considerar;Operando;No Considerar;No;Considerar;0;8.406666667;19.39838333;0;0;;-8.11263;;;;;;;;;;
202601030715;2026;1;3;7;15;46025.30208;259.4398667;26.76666667;2.766666667;Considerar;Operando;No Considerar;No;Considerar;0;28.75866667;66.36062333;0;0;;-7.92721;;;;;;;;;;
202601030730;2026;1;3;7;30;46025.3125;418.3706;45.63333333;5.116666667;Considerar;Operando;No Considerar;No;Considerar;0;49.31733333;113.7997467;0;0;;-7.9063;;;;;;;;;;
202601030745;2026;1;3;7;45;46025.32292;592.0756333;64.8;6.95;Considerar;Operando;No Considerar;No;Considerar;0;69.804;161.07273;0;0;;-7.86315;;;;;;;;;;
202601030800;2026;1;3;8;0;46025.33333;733.4255;76.33333333;8.066666667;Considerar;Operando;No Considerar;No;Considerar;0;82.14133333;189.5411267;0;0;;4.96974;;;;;;;;;;
202601030815;2026;1;3;8;15;46025.34375;875.2559;89.66666667;9.316666667;Considerar;Operando;No Considerar;No;Considerar;0;96.37466667;222.3845433;0;0;;60.26407;;;;;;;;;;
202601030830;2026;1;3;8;30;46025.35417;1254.710333;123.9666667;13.03333333;Considerar;Operando;Considerar;Si;Considerar;30.99166667;133.3506667;307.7066633;1254.710333;307.7066633;;272.37193;;;;;;;;;;
202601030845;2026;1;3;8;45;46025.36458;1343.731333;153.4;15.08333333;Considerar;Operando;Considerar;Si;Considerar;38.35;164.26;379.02995;1343.731333;379.02995;;1050.3994;;;;;;;;;;
202601030900;2026;1;3;9;0;46025.375;1661.995333;187.2666667;18.98333333;Considerar;Operando;Considerar;Si;Considerar;46.81666667;200.9346667;463.6567433;1661.995333;463.6567433;;1855.33367;;;;;;;;;;
202601030915;2026;1;3;9;15;46025.38542;1894.408333;224.6666667;22.68333333;Considerar;Operando;Considerar;Si;Considerar;56.16666667;240.9986667;556.1044233;1894.408333;556.1044233;;2706.756;;;;;;;;;;
202601030930;2026;1;3;9;30;46025.39583;2717.780667;309.5666667;32.21666667;Considerar;Operando;Considerar;Si;Considerar;77.39166667;332.7626667;767.8498533;2717.780667;767.8498533;;3555.97733;;;;;;;;;;
202601030945;2026;1;3;9;45;46025.40625;2677.553;307.5;33.73333333;Considerar;Operando;Considerar;Si;Considerar;76.875;331.788;765.60081;2677.553;765.60081;;4378.03667;;;;;;;;;;
202601031000;2026;1;3;10;0;46025.41667;3128.039667;333.5666667;36.43333333;Considerar;Operando;Considerar;Si;Considerar;83.39166667;359.7986667;830.2354233;3128.039667;830.2354233;;5124.26733;;;;;;;;;;
202601031015;2026;1;3;10;15;46025.42708;4532.124667;440.7333333;49.76666667;Considerar;Operando;Considerar;Si;Considerar;110.1833333;476.5653333;1099.674507;4532.124667;1099.674507;;5774.17933;;;;;;;;;;
202601031030;2026;1;3;10;30;46025.4375;5608.765;657.9;81.7;Considerar;Operando;Considerar;Si;Considerar;164.475;716.724;1653.84063;5608.765;1653.84063;;5898.627;;;;;;;;;;
202601031045;2026;1;3;10;45;46025.44792;6634.112;728.5333333;89;Considerar;Operando;Considerar;Si;Considerar;182.1333333;792.6133333;1828.955267;6634.112;1828.955267;;5953.38633;;;;;;;;;;
202601031100;2026;1;3;11;0;46025.45833;6804.578;810.5333333;89.2;Considerar;Operando;Considerar;Si;Considerar;202.6333333;874.7573333;2018.502547;6804.578;2018.502547;;5984.61633;;;;;;;;;;
202601031115;2026;1;3;11;15;46025.46875;7093.039333;846.8666667;84.8;Considerar;Operando;Considerar;Si;Considerar;211.7166667;907.9226667;2095.031553;7093.039333;2095.031553;;5983.08333;;;;;;;;;;
202601031130;2026;1;3;11;30;46025.47917;7347.531;892.6;80.18333333;Considerar;Operando;Considerar;Si;Considerar;223.15;950.332;2192.89109;7347.531;2192.89109;;5964.62033;;;;;;;;;;
202601031145;2026;1;3;11;45;46025.48958;7500.339;928.6333333;77.33333333;Considerar;Operando;Considerar;Si;Considerar;232.1583333;984.3133333;2271.303017;7500.339;2271.303017;;5939.719;;;;;;;;;;
202601031200;2026;1;3;12;0;46025.5;7629.491;963.2;74.8;Considerar;Operando;Considerar;Si;Considerar;240.8;1017.056;2346.85672;7629.491;2346.85672;;5918.51833;;;;;;;;;;
202601031215;2026;1;3;12;15;46025.51042;7725.007;993.9;72.56666667;Considerar;Operando;Considerar;Si;Considerar;248.475;1046.148;2413.98651;7725.007;2413.98651;;5900.99667;;;;;;;;;;
202601031230;2026;1;3;12;30;46025.52083;7756.409667;1021.066667;70.38333333;Considerar;Operando;Considerar;Si;Considerar;255.2666667;1071.742667;2473.046203;7756.409667;2473.046203;;5883.21;;;;;;;;;;
202601031245;2026;1;3;12;45;46025.53125;7763.198;1041.466667;68.5;Considerar;Operando;Considerar;Si;Considerar;260.3666667;1090.786667;2516.990233;7763.198;2516.990233;;5921.62367;;;;;;;;;;
202601031300;2026;1;3;13;0;46025.54167;7770.996667;1062.033333;66.88333333;Considerar;Operando;Considerar;Si;Considerar;265.5083333;1110.189333;2561.761887;7770.996667;2561.761887;;5919.25133;;;;;;;;;;
202601031315;2026;1;3;13;15;46025.55208;7776.860667;1076.833333;65.75;Considerar;Operando;Considerar;Si;Considerar;269.2083333;1124.173333;2594.029967;7776.860667;2594.029967;;5917.78767;;;;;;;;;;
202601031330;2026;1;3;13;30;46025.5625;7780.428333;1086.166667;64.96666667;Considerar;Operando;Considerar;Si;Considerar;271.5416667;1132.942667;2614.265203;7780.428333;2614.265203;;5928.561;;;;;;;;;;
202601031345;2026;1;3;13;45;46025.57292;7779.979333;1091.033333;64.58333333;Considerar;Operando;Considerar;Si;Considerar;272.7583333;1137.533333;2624.858167;7779.979333;2624.858167;;5923.78467;;;;;;;;;;
202601031400;2026;1;3;14;0;46025.58333;7781.012333;1093.733333;64.58333333;Considerar;Operando;Considerar;Si;Considerar;273.4333333;1140.233333;2631.088417;7781.012333;2631.088417;;5904.116;;;;;;;;;;
202601031415;2026;1;3;14;15;46025.59375;7777.522;1092.7;64.53333333;Considerar;Operando;Considerar;Si;Considerar;273.175;1139.164;2628.62093;7777.522;2628.62093;;5851.49033;;;;;;;;;;
202601031430;2026;1;3;14;30;46025.60417;7773.866;1085.933333;65.01666667;Considerar;Operando;Considerar;Si;Considerar;271.4833333;1132.745333;2613.809857;7773.866;2613.809857;;5876.16733;;;;;;;;;;
202601031445;2026;1;3;14;45;46025.61458;7768.179667;1077.066667;66.35;Considerar;Operando;Considerar;Si;Considerar;269.2666667;1124.838667;2595.565223;7768.179667;2595.565223;;5892.66033;;;;;;;;;;
202601031500;2026;1;3;15;0;46025.625;7760.914;1062.233333;67.85;Considerar;Operando;Considerar;Si;Considerar;265.5583333;1111.085333;2563.829407;7760.914;2563.829407;;5898.28433;;;;;;;;;;
202601031515;2026;1;3;15;15;46025.63542;7749.212333;1045.666667;69.78333333;Considerar;Operando;Considerar;Si;Considerar;261.4166667;1095.910667;2528.813863;7749.212333;2528.813863;;5920.57;;;;;;;;;;
202601031530;2026;1;3;15;30;46025.64583;7700.494333;1025.633333;72.35;Considerar;Operando;Considerar;Si;Considerar;256.4083333;1077.725333;2486.851207;7700.494333;2486.851207;;5905.55067;;;;;;;;;;
202601031545;2026;1;3;15;45;46025.65625;7583.583;1003.333333;74.6;Considerar;Operando;Considerar;Si;Considerar;250.8333333;1057.045333;2439.132107;7583.583;2439.132107;;5929.599;;;;;;;;;;
202601031600;2026;1;3;16;0;46025.66667;7438.018;970.2;77.3;Considerar;Operando;Considerar;Si;Considerar;242.55;1025.856;2367.16272;7438.018;2367.16272;;5893.789;;;;;;;;;;
202601031615;2026;1;3;16;15;46025.67708;7266.713667;936.0333333;79.38333333;Considerar;Operando;Considerar;Si;Considerar;234.0083333;993.1893333;2291.784387;7266.713667;2291.784387;;5882.73567;;;;;;;;;;
202601031630;2026;1;3;16;30;46025.6875;7038.738333;900.4666667;82.25;Considerar;Operando;Considerar;Si;Considerar;225.1166667;959.6866667;2214.476983;7038.738333;2214.476983;;5918.98733;;;;;;;;;;
202601031645;2026;1;3;16;45;46025.69792;6742.086;859.1666667;86.3;Considerar;Operando;Considerar;Si;Considerar;214.7916667;921.3026667;2125.905903;6742.086;2125.905903;;5879.84767;;;;;;;;;;
202601031700;2026;1;3;17;0;46025.70833;6410.069;813.6333333;89.78333333;Considerar;Operando;Considerar;Si;Considerar;203.4083333;878.2773333;2026.624947;6410.069;2026.624947;;5814.00867;;;;;;;;;;
202601031715;2026;1;3;17;15;46025.71875;6051.495667;770.0333333;92.66666667;Considerar;Operando;Considerar;Si;Considerar;192.5083333;836.7533333;1930.808317;6051.495667;1930.808317;;5691.002;;;;;;;;;;
202601031730;2026;1;3;17;30;46025.72917;5676.521;717.2666667;95.53333333;Considerar;Operando;Considerar;Si;Considerar;179.3166667;786.0506667;1813.811913;5676.521;1813.811913;;5507.41533;;;;;;;;;;
202601031745;2026;1;3;17;45;46025.73958;5259.232333;661.7333333;98.63333333;Considerar;Operando;Considerar;Si;Considerar;165.4333333;732.7493333;1690.819087;5259.232333;1690.819087;;4406.047;;;;;;;;;;
202601031800;2026;1;3;18;0;46025.75;4822.191;607.9;98.06666667;Considerar;Operando;Considerar;Si;Considerar;151.975;678.508;1565.65721;4822.191;1565.65721;;3474.21433;;;;;;;;;;
202601031815;2026;1;3;18;15;46025.76042;4407.099;553.8666667;95.38333333;Considerar;Operando;Considerar;Si;Considerar;138.4666667;622.5426667;1436.517203;4407.099;1436.517203;;2768.96333;;;;;;;;;;
202601031830;2026;1;3;18;30;46025.77083;3960.401;499.0333333;89.78333333;Considerar;Operando;Considerar;Si;Considerar;124.7583333;563.6773333;1300.685447;3960.401;1300.685447;;2111.24567;;;;;;;;;;
202601031845;2026;1;3;18;45;46025.78125;3473.845;443.5333333;81.08333333;Considerar;Operando;Considerar;Si;Considerar;110.8833333;501.9133333;1158.165017;3473.845;1158.165017;;1452.43733;;;;;;;;;;
202601031900;2026;1;3;19;0;46025.79167;2984.329333;394.1;68.06666667;Considerar;Operando;Considerar;Si;Considerar;98.525;443.108;1022.47171;2984.329333;1022.47171;;824.98657;;;;;;;;;;
202601031915;2026;1;3;19;15;46025.80208;2477.302333;333.9666667;49.48333333;Considerar;Operando;Considerar;Si;Considerar;83.49166667;369.5946667;852.8396933;2477.302333;852.8396933;;336.46273;;;;;;;;;;
202601031930;2026;1;3;19;30;46025.8125;1966.016;281.9666667;32.86666667;Considerar;Operando;Considerar;Si;Considerar;70.49166667;305.6306667;705.2427633;1966.016;705.2427633;;73.10206;;;;;;;;;;
202601031945;2026;1;3;19;45;46025.82292;1456.825333;229.2666667;23.01666667;Considerar;Operando;Considerar;Si;Considerar;57.31666667;245.8386667;567.2727233;1456.825333;567.2727233;;4.74595;;;;;;;;;;
202601032000;2026;1;3;20;0;46025.83333;1007.641933;175.8333333;23.3;Considerar;Operando;Considerar;Si;Considerar;43.95833333;192.6093333;444.4460367;1007.641933;444.4460367;;-11.35462;;;;;;;;;;
202601032015;2026;1;3;20;15;46025.84375;651.3647333;123.7333333;22.68333333;Considerar;Operando;Considerar;Si;Considerar;30.93333333;140.0653333;323.2007567;651.3647333;323.2007567;;-8.45455;;;;;;;;;;
202601032030;2026;1;3;20;30;46025.85417;361.8072;83;17.3;Considerar;Operando;No Considerar;No;Considerar;0;95.456;220.26472;0;0;;-8.30196;;;;;;;;;;
202601032045;2026;1;3;20;45;46025.86458;159.9601667;40.93333333;8.666666667;Considerar;Operando;No Considerar;No;Considerar;0;47.17333333;108.8524667;0;0;;-8.47579;;;;;;;;;;
202601032100;2026;1;3;21;0;46025.875;45.07695333;12.2;1.616666667;Considerar;Operando;No Considerar;No;Considerar;0;13.364;30.83743;0;0;;-8.37629;;;;;;;;;;
202601032115;2026;1;3;21;15;46025.88542;0;3.266666667;0.55;Considerar;S/D;No Considerar;No;Considerar;0;3.662666667;8.451603333;0;0;;-8.58938;;;;;;;;;;
202601032130;2026;1;3;21;30;46025.89583;0;0.533333333;0.233333333;Considerar;S/D;No Considerar;No;Considerar;0;0.701333333;1.618326667;0;0;;-8.44307;;;;;;;;;;
202601032145;2026;1;3;21;45;46025.90625;0;0;0.116666667;Considerar;S/D;No Considerar;No;Considerar;0;0.084;0.19383;0;0;;-8.44315;;;;;;;;;;
202601032200;2026;1;3;22;0;46025.91667;0;0;0.1;Considerar;S/D;No Considerar;No;Considerar;0;0.072;0.16614;0;0;;-8.45229;;;;;;;;;;
202601032215;2026;1;3;22;15;46025.92708;0;0;0.1;Considerar;S/D;No Considerar;No;Considerar;0;0.072;0.16614;0;0;;-8.35075;;;;;;;;;;
202601032230;2026;1;3;22;30;46025.9375;0;0;0.033333333;Considerar;S/D;No Considerar;No;Considerar;0;0.024;0.05538;0;0;;-8.06824;;;;;;;;;;
202601032245;2026;1;3;22;45;46025.94792;0;0;0;Considerar;S/D;No Considerar;No;Considerar;0;0;0;0;0;;-7.8043;;;;;;;;;;
202601032300;2026;1;3;23;0;46025.95833;0;0;0;Considerar;S/D;No Considerar;No;Considerar;0;0;0;0;0;;-8.06589;;;;;;;;;;
202601032315;2026;1;3;23;15;46025.96875;0;0;0;Considerar;S/D;No Considerar;No;Considerar;0;0;0;0;0;;-7.99203;;;;;;;;;;
202601032330;2026;1;3;23;30;46025.97917;0;0;0;Considerar;S/D;No Considerar;No;Considerar;0;0;0;0;0;;-7.94323;;;;;;;;;;
202601032345;2026;1;3;23;45;46025.98958;0;0;0;Considerar;S/D;No Considerar;No;Considerar;0;0;0;0;0;;-7.85514;;;;;;;;;;
202601040000;2026;1;4;0;0;46026;0;0;0;Considerar;S/D;No Considerar;No;Considerar;0;0;0;0;0;;-7.91804;;;;;;;;;;
202601040015;2026;1;4;0;15;46026.01042;0;0;0;Considerar;S/D;No Considerar;No;Considerar;0;0;0;0;0;;-7.98574;;;;;;;;;;
202601040030;2026;1;4;0;30;46026.02083;0;0;0;Considerar;S/D;No Considerar;No;Considerar;0;0;0;0;0;;-7.94061;;;;;;;;;;
202601040045;2026;1;4;0;45;46026.03125;0;0;0;Considerar;S/D;No Considerar;No;Considerar;0;0;0;0;0;;-7.96661;;;;;;;;;;
202601040100;2026;1;4;1;0;46026.04167;0;0;0;Considerar;S/D;No Considerar;No;Considerar;0;0;0;0;0;;-7.97888;;;;;;;;;;
202601040115;2026;1;4;1;15;46026.05208;0;0;0;Considerar;S/D;No Considerar;No;Considerar;0;0;0;0;0;;-8.09658;;;;;;;;;;
202601040130;2026;1;4;1;30;46026.0625;0;0;0;Considerar;S/D;No Considerar;No;Considerar;0;0;0;0;0;;-8.1268;;;;;;;;;;
202601040145;2026;1;4;1;45;46026.07292;0;0;0;Considerar;S/D;No Considerar;No;Considerar;0;0;0;0;0;;-8.13508;;;;;;;;;;
202601040200;2026;1;4;2;0;46026.08333;0;0;0;Considerar;S/D;No Considerar;No;Considerar;0;0;0;0;0;;-8.19094;;;;;;;;;;
202601040215;2026;1;4;2;15;46026.09375;0;0;0;Considerar;S/D;No Considerar;No;Considerar;0;0;0;0;0;;-8.18783;;;;;;;;;;
202601040230;2026;1;4;2;30;46026.10417;0;0;0;Considerar;S/D;No Considerar;No;Considerar;0;0;0;0;0;;-8.20041;;;;;;;;;;
202601040245;2026;1;4;2;45;46026.11458;0;0;0;Considerar;S/D;No Considerar;No;Considerar;0;0;0;0;0;;-8.22269;;;;;;;;;;
202601040300;2026;1;4;3;0;46026.125;0;0;0;Considerar;S/D;No Considerar;No;Considerar;0;0;0;0;0;;-8.19498;;;;;;;;;;
202601040315;2026;1;4;3;15;46026.13542;0;0;0;Considerar;S/D;No Considerar;No;Considerar;0;0;0;0;0;;-8.27454;;;;;;;;;;
202601040330;2026;1;4;3;30;46026.14583;0;0;0;Considerar;S/D;No Considerar;No;Considerar;0;0;0;0;0;;-8.27265;;;;;;;;;;
202601040345;2026;1;4;3;45;46026.15625;0;0;0;Considerar;S/D;No Considerar;No;Considerar;0;0;0;0;0;;-8.25914;;;;;;;;;;
202601040400;2026;1;4;4;0;46026.16667;0;0;0;Considerar;S/D;No Considerar;No;Considerar;0;0;0;0;0;;-8.282;;;;;;;;;;
202601040415;2026;1;4;4;15;46026.17708;0;0;0;Considerar;S/D;No Considerar;No;Considerar;0;0;0;0;0;;-8.30284;;;;;;;;;;
202601040430;2026;1;4;4;30;46026.1875;0;0;0;Considerar;S/D;No Considerar;No;Considerar;0;0;0;0;0;;-8.33969;;;;;;;;;;
202601040445;2026;1;4;4;45;46026.19792;0;0;0;Considerar;S/D;No Considerar;No;Considerar;0;0;0;0;0;;-8.32934;;;;;;;;;;
202601040500;2026;1;4;5;0;46026.20833;0;0;0;Considerar;S/D;No Considerar;No;Considerar;0;0;0;0;0;;-8.41511;;;;;;;;;;
202601040515;2026;1;4;5;15;46026.21875;0;-0.133333333;0;Considerar;S/D;No Considerar;No;Considerar;0;-0.133333333;-0.307666667;0;0;;-8.36399;;;;;;;;;;
202601040530;2026;1;4;5;30;46026.22917;0;-0.266666667;-0.033333333;Considerar;S/D;No Considerar;No;Considerar;0;-0.290666667;-0.670713333;0;0;;-8.36092;;;;;;;;;;
202601040545;2026;1;4;5;45;46026.23958;0;-0.266666667;-0.15;Considerar;S/D;No Considerar;No;Considerar;0;-0.374666667;-0.864543333;0;0;;-8.34722;;;;;;;;;;
202601040600;2026;1;4;6;0;46026.25;0;-0.1;-0.133333333;Considerar;S/D;No Considerar;No;Considerar;0;-0.196;-0.45227;0;0;;-8.33512;;;;;;;;;;
202601040615;2026;1;4;6;15;46026.26042;0;-0.066666667;-0.05;Considerar;S/D;No Considerar;No;Considerar;0;-0.102666667;-0.236903333;0;0;;-8.25959;;;;;;;;;;
202601040630;2026;1;4;6;30;46026.27083;0;0.2;0;Considerar;S/D;No Considerar;No;Considerar;0;0.2;0.4615;0;0;;-8.17471;;;;;;;;;;
202601040645;2026;1;4;6;45;46026.28125;0;1.433333333;0;Considerar;S/D;No Considerar;No;Considerar;0;1.433333333;3.307416667;0;0;;-8.07403;;;;;;;;;;
202601040700;2026;1;4;7;0;46026.29167;21.70862;4.766666667;0.083333333;Considerar;Operando;No Considerar;No;Considerar;0;4.826666667;11.13753333;0;0;;-8.13693;;;;;;;;;;
202601040715;2026;1;4;7;15;46026.30208;101.1174167;12.73333333;0.9;Considerar;Operando;No Considerar;No;Considerar;0;13.38133333;30.87742667;0;0;;-7.83839;;;;;;;;;;
202601040730;2026;1;4;7;30;46026.3125;208.909;24.8;2.1;Considerar;Operando;No Considerar;No;Considerar;0;26.312;60.71494;0;0;;-7.98396;;;;;;;;;;
202601040745;2026;1;4;7;45;46026.32292;306.3027;32.96666667;3.066666667;Considerar;Operando;No Considerar;No;Considerar;0;35.17466667;81.16554333;0;0;;-8.16647;;;;;;;;;;
202601040800;2026;1;4;8;0;46026.33333;450.3618;44.33333333;4.383333333;Considerar;Operando;No Considerar;No;Considerar;0;47.48933333;109.5816367;0;0;;2.01684;;;;;;;;;;
202601040815;2026;1;4;8;15;46026.34375;628.6259333;58.86666667;5.983333333;Considerar;Operando;No Considerar;No;Considerar;0;63.17466667;145.7755433;0;0;;55.38605;;;;;;;;;;
202601040830;2026;1;4;8;30;46026.35417;697.3222667;69.23333333;6.816666667;Considerar;Operando;No Considerar;No;Considerar;0;74.14133333;171.0811267;0;0;;231.1564;;;;;;;;;;
202601040845;2026;1;4;8;45;46026.36458;718.2371333;83.33333333;7.933333333;Considerar;Operando;No Considerar;No;Considerar;0;89.04533333;205.4721067;0;0;;1002.64793;;;;;;;;;;
202601040900;2026;1;4;9;0;46026.375;751.1673667;78.2;7.716666667;Considerar;Operando;No Considerar;No;Considerar;0;83.756;193.26697;0;0;;1783.76633;;;;;;;;;;
202601040915;2026;1;4;9;15;46026.38542;851.1658667;87.06666667;8.8;Considerar;Operando;No Considerar;No;Considerar;0;93.40266667;215.5266533;0;0;;2543.676;;;;;;;;;;
202601040930;2026;1;4;9;30;46026.39583;1068.2826;103.2666667;10.63333333;Considerar;Operando;Considerar;Si;Considerar;25.81666667;110.9226667;255.9540533;1068.2826;255.9540533;;3294.258;;;;;;;;;;
202601040945;2026;1;4;9;45;46026.40625;1177.402333;123.7;12.65;Considerar;Operando;Considerar;Si;Considerar;30.925;132.808;306.45446;1177.402333;306.45446;;4070.726;;;;;;;;;;
202601041000;2026;1;4;10;0;46026.41667;1356.089333;137.1;13.96666667;Considerar;Operando;Considerar;Si;Considerar;34.275;147.156;339.56247;1356.089333;339.56247;;4848.092;;;;;;;;;;
202601041015;2026;1;4;10;15;46026.42708;1301.833667;132.7666667;13.55;Considerar;Operando;Considerar;Si;Considerar;33.19166667;142.5226667;328.8710533;1301.833667;328.8710533;;5384.50567;;;;;;;;;;
202601041030;2026;1;4;10;30;46026.4375;1432.618667;134.3;13.65;Considerar;Operando;Considerar;Si;Considerar;33.575;144.128;332.57536;1432.618667;332.57536;;5489.159;;;;;;;;;;
202601041045;2026;1;4;10;45;46026.44792;1881.836667;182.2;18.1;Considerar;Operando;Considerar;Si;Considerar;45.55;195.232;450.49784;1881.836667;450.49784;;5472.46267;;;;;;;;;;
202601041100;2026;1;4;11;0;46026.45833;2130.001333;214.6333333;21.91666667;Considerar;Operando;Considerar;Si;Considerar;53.65833333;230.4133333;531.6787667;2130.001333;531.6787667;;5297.33867;;;;;;;;;;
202601041115;2026;1;4;11;15;46026.46875;2224.904;232.5;23.68333333;Considerar;Operando;Considerar;Si;Considerar;58.125;249.552;575.84124;2224.904;575.84124;;5280.638;;;;;;;;;;
202601041130;2026;1;4;11;30;46026.47917;2755.695667;277;28.45;Considerar;Operando;Considerar;Si;Considerar;69.25;297.484;686.44433;2755.695667;686.44433;;5287.45633;;;;;;;;;;
202601041145;2026;1;4;11;45;46026.48958;2843.048667;281.4;29.33333333;Considerar;Operando;Considerar;Si;Considerar;70.35;302.52;698.0649;2843.048667;698.0649;;5428.98;;;;;;;;;;
202601041200;2026;1;4;12;0;46026.5;3824.794667;373.9666667;38.28333333;Considerar;Operando;Considerar;Si;Considerar;93.49166667;401.5306667;926.5320133;3824.794667;926.5320133;;5430.876;;;;;;;;;;
202601041215;2026;1;4;12;15;46026.51042;4038.936333;439.2333333;43.4;Considerar;Operando;Considerar;Si;Considerar;109.8083333;470.4813333;1085.635677;4038.936333;1085.635677;;5416.50767;;;;;;;;;;
202601041230;2026;1;4;12;30;46026.52083;4215.937667;459.0333333;45.1;Considerar;Operando;Considerar;Si;Considerar;114.7583333;491.5053333;1134.148557;4215.937667;1134.148557;;5566.491;;;;;;;;;;
202601041245;2026;1;4;12;45;46026.53125;4635.071333;501.6333333;49.56666667;Considerar;Operando;Considerar;Si;Considerar;125.4083333;537.3213333;1239.868977;4635.071333;1239.868977;;5637.412;;;;;;;;;;
202601041300;2026;1;4;13;0;46026.54167;4843.247;501.4;50.65;Considerar;Operando;Considerar;Si;Considerar;125.35;537.868;1241.13041;4843.247;1241.13041;;5631.81967;;;;;;;;;;
202601041315;2026;1;4;13;15;46026.55208;4929.163333;533.5333333;52.95;Considerar;Operando;Considerar;Si;Considerar;133.3833333;571.6573333;1319.099297;4929.163333;1319.099297;;5665.50367;;;;;;;;;;
202601041330;2026;1;4;13;30;46026.5625;4837.964;566.4666667;55.38333333;Considerar;Operando;Considerar;Si;Considerar;141.6166667;606.3426667;1399.135703;4837.964;1399.135703;;5651.327;;;;;;;;;;
202601041345;2026;1;4;13;45;46026.57292;4276.639;480.3666667;47.98333333;Considerar;Operando;Considerar;Si;Considerar;120.0916667;514.9146667;1188.165593;4276.639;1188.165593;;5686.855;;;;;;;;;;
202601041400;2026;1;4;14;0;46026.58333;3730.968;433.8666667;42.7;Considerar;Operando;Considerar;Si;Considerar;108.4666667;464.6106667;1072.089113;3730.968;1072.089113;;5669.97233;;;;;;;;;;
202601041415;2026;1;4;14;15;46026.59375;3479.154667;395.8333333;38.8;Considerar;Operando;Considerar;Si;Considerar;98.95833333;423.7693333;977.8477367;3479.154667;977.8477367;;5675.715;;;;;;;;;;
202601041430;2026;1;4;14;30;46026.60417;3404.691333;374.6333333;37.23333333;Considerar;Operando;Considerar;Si;Considerar;93.65833333;401.4413333;926.3258767;3404.691333;926.3258767;;5670.97967;;;;;;;;;;
202601041445;2026;1;4;14;45;46026.61458;2925.517;329.8333333;32.5;Considerar;Operando;Considerar;Si;Considerar;82.45833333;353.2333333;815.0859167;2925.517;815.0859167;;5565.10167;;;;;;;;;;
202601041500;2026;1;4;15;0;46026.625;2903.578333;307.4666667;30.25;Considerar;Operando;Considerar;Si;Considerar;76.86666667;329.2466667;759.7366833;2903.578333;759.7366833;;5334.62;;;;;;;;;;
202601041515;2026;1;4;15;15;46026.63542;3385.733667;353.8;33.98333333;Considerar;Operando;Considerar;Si;Considerar;88.45;378.268;872.85341;3385.733667;872.85341;;5351.30467;;;;;;;;;;
202601041530;2026;1;4;15;30;46026.64583;3765.698667;404.9333333;38.8;Considerar;Operando;Considerar;Si;Considerar;101.2333333;432.8693333;998.8459867;3765.698667;998.8459867;;5355.56233;;;;;;;;;;
202601041545;2026;1;4;15;45;46026.65625;3452.704;390.4;37.18333333;Considerar;Operando;Considerar;Si;Considerar;97.6;417.172;962.62439;3452.704;962.62439;;5376.4;;;;;;;;;;
202601041600;2026;1;4;16;0;46026.66667;3296.014667;349.1;35.35;Considerar;Operando;Considerar;Si;Considerar;87.275;374.552;864.27874;3296.014667;864.27874;;5471.09967;;;;;;;;;;
202601041615;2026;1;4;16;15;46026.67708;2668.425;312.6;30.56666667;Considerar;Operando;Considerar;Si;Considerar;78.15;334.608;772.10796;2668.425;772.10796;;5671.603;;;;;;;;;;
202601041630;2026;1;4;16;30;46026.6875;2378.226667;250.5666667;24.88333333;Considerar;Operando;Considerar;Si;Considerar;62.64166667;268.4826667;619.5237533;2378.226667;619.5237533;;5642.068;;;;;;;;;;
202601041645;2026;1;4;16;45;46026.69792;2795.060333;287.5333333;27.86666667;Considerar;Operando;Considerar;Si;Considerar;71.88333333;307.5973333;709.7808467;2795.060333;709.7808467;;5557.89767;;;;;;;;;;
202601041700;2026;1;4;17;0;46026.70833;3207.535667;357.0333333;32.86666667;Considerar;Operando;Considerar;Si;Considerar;89.25833333;380.6973333;878.4590967;3207.535667;878.4590967;;5491.26433;;;;;;;;;;
202601041715;2026;1;4;17;15;46026.71875;2848.809333;342.3333333;32.1;Considerar;Operando;Considerar;Si;Considerar;85.58333333;365.4453333;843.2651067;2848.809333;843.2651067;;5396.95367;;;;;;;;;;
202601041730;2026;1;4;17;30;46026.72917;2218.366;274.6333333;25.78333333;Considerar;Operando;Considerar;Si;Considerar;68.65833333;293.1973333;676.5528467;2218.366;676.5528467;;5199.70267;;;;;;;;;;
202601041745;2026;1;4;17;45;46026.73958;1788.566333;206.0333333;19.73333333;Considerar;Operando;Considerar;Si;Considerar;51.50833333;220.2413333;508.2068767;1788.566333;508.2068767;;4029.643;;;;;;;;;;
202601041800;2026;1;4;18;0;46026.75;1598.568667;183.9666667;17.9;Considerar;Operando;Considerar;Si;Considerar;45.99166667;196.8546667;454.2421433;1598.568667;454.2421433;;3195.263;;;;;;;;;;
202601041815;2026;1;4;18;15;46026.76042;1463.223333;167.9;16.35;Considerar;Operando;Considerar;Si;Considerar;41.975;179.672;414.59314;1463.223333;414.59314;;2552.94367;;;;;;;;;;
202601041830;2026;1;4;18;30;46026.77083;1154.863;135.4666667;13.46666667;Considerar;Operando;Considerar;Si;Considerar;33.86666667;145.1626667;334.9628533;1154.863;334.9628533;;1909.413;;;;;;;;;;
202601041845;2026;1;4;18;45;46026.78125;1109.631;123.6666667;12.13333333;Considerar;Operando;Considerar;Si;Considerar;30.91666667;132.4026667;305.5191533;1109.631;305.5191533;;1282.833;;;;;;;;;;
202601041900;2026;1;4;19;0;46026.79167;981.6818667;115.5;11.16666667;Considerar;Operando;Considerar;Si;Considerar;28.875;123.54;285.06855;981.6818667;285.06855;;728.22517;;;;;;;;;;
202601041915;2026;1;4;19;15;46026.80208;758.7123667;93.6;9.133333333;Considerar;Operando;No Considerar;No;Considerar;0;100.176;231.15612;0;0;;303.39083;;;;;;;;;;
202601041930;2026;1;4;19;30;46026.8125;583.9162667;72.5;7.016666667;Considerar;Operando;No Considerar;No;Considerar;0;77.552;178.95124;0;0;;62.51147;;;;;;;;;;
202601041945;2026;1;4;19;45;46026.82292;453.5292;57.36666667;5.516666667;Considerar;Operando;No Considerar;No;Considerar;0;61.33866667;141.5389733;0;0;;-0.95415;;;;;;;;;;
202601042000;2026;1;4;20;0;46026.83333;344.1691;46.53333333;4.383333333;Considerar;Operando;No Considerar;No;Considerar;0;49.68933333;114.6581367;0;0;;-10.75519;;;;;;;;;;
202601042015;2026;1;4;20;15;46026.84375;195.5665;29.36666667;2.816666667;Considerar;Operando;No Considerar;No;Considerar;0;31.39466667;72.44319333;0;0;;-8.29607;;;;;;;;;;
202601042030;2026;1;4;20;30;46026.85417;98.03595333;17.46666667;1.55;Considerar;Operando;No Considerar;No;Considerar;0;18.58266667;42.87950333;0;0;;-8.26463;;;;;;;;;;
202601042045;2026;1;4;20;45;46026.86458;33.15768333;8.266666667;0.683333333;Considerar;Operando;No Considerar;No;Considerar;0;8.758666667;20.21062333;0;0;;-8.32078;;;;;;;;;;
202601042100;2026;1;4;21;0;46026.875;0;2.966666667;0.133333333;Considerar;S/D;No Considerar;No;Considerar;0;3.062666667;7.067103333;0;0;;-8.60521;;;;;;;;;;
202601042115;2026;1;4;21;15;46026.88542;0;0.6;0;Considerar;S/D;No Considerar;No;Considerar;0;0.6;1.3845;0;0;;-8.39587;;;;;;;;;;
202601042130;2026;1;4;21;30;46026.89583;0;0.066666667;0;Considerar;S/D;No Considerar;No;Considerar;0;0.066666667;0.153833333;0;0;;-8.24149;;;;;;;;;;
202601042145;2026;1;4;21;45;46026.90625;0;0;0;Considerar;S/D;No Considerar;No;Considerar;0;0;0;0;0;;-8.45083;;;;;;;;;;
202601042200;2026;1;4;22;0;46026.91667;0;0;0;Considerar;S/D;No Considerar;No;Considerar;0;0;0;0;0;;-8.30434;;;;;;;;;;
202601042215;2026;1;4;22;15;46026.92708;0;0;0;Considerar;S/D;No Considerar;No;Considerar;0;0;0;0;0;;-8.2741;;;;;;;;;;
202601042230;2026;1;4;22;30;46026.9375;0;0;0;Considerar;S/D;No Considerar;No;Considerar;0;0;0;0;0;;-8.2821;;;;;;;;;;
202601042245;2026;1;4;22;45;46026.94792;0;0;0;Considerar;S/D;No Considerar;No;Considerar;0;0;0;0;0;;-7.89608;;;;;;;;;;
202601042300;2026;1;4;23;0;46026.95833;0;0;0;Considerar;S/D;No Considerar;No;Considerar;0;0;0;0;0;;-7.81556;;;;;;;;;;
202601042315;2026;1;4;23;15;46026.96875;0;0;0;Considerar;S/D;No Considerar;No;Considerar;0;0;0;0;0;;-7.92616;;;;;;;;;;
202601042330;2026;1;4;23;30;46026.97917;0;0;0;Considerar;S/D;No Considerar;No;Considerar;0;0;0;0;0;;-8.05575;;;;;;;;;;
202601042345;2026;1;4;23;45;46026.98958;0;0;0;Considerar;S/D;No Considerar;No;Considerar;0;0;0;0;0;;-8.20025;;;;;;;;;;
202601050000;2026;1;5;0;0;46027;0;0;0;Considerar;S/D;No Considerar;No;Considerar;0;0;0;0;0;;-8.13893;;;;;;;;;;
202601050015;2026;1;5;0;15;46027.01042;0;0;0;Considerar;S/D;No Considerar;No;Considerar;0;0;0;0;0;;-8.15942;;;;;;;;;;
202601050030;2026;1;5;0;30;46027.02083;0;0;0;Considerar;S/D;No Considerar;No;Considerar;0;0;0;0;0;;-8.20193;;;;;;;;;;
202601050045;2026;1;5;0;45;46027.03125;0;0;0;Considerar;S/D;No Considerar;No;Considerar;0;0;0;0;0;;-8.2237;;;;;;;;;;
202601050100;2026;1;5;1;0;46027.04167;0;0;0;Considerar;S/D;No Considerar;No;Considerar;0;0;0;0;0;;-8.2559;;;;;;;;;;
202601050115;2026;1;5;1;15;46027.05208;0;0;0;Considerar;S/D;No Considerar;No;Considerar;0;0;0;0;0;;-8.28487;;;;;;;;;;
202601050130;2026;1;5;1;30;46027.0625;0;0;0;Considerar;S/D;No Considerar;No;Considerar;0;0;0;0;0;;-8.29685;;;;;;;;;;
202601050145;2026;1;5;1;45;46027.07292;0;0;0;Considerar;S/D;No Considerar;No;Considerar;0;0;0;0;0;;-8.34969;;;;;;;;;;
202601050200;2026;1;5;2;0;46027.08333;0;0;0;Considerar;S/D;No Considerar;No;Considerar;0;0;0;0;0;;-8.35358;;;;;;;;;;
202601050215;2026;1;5;2;15;46027.09375;0;0;0;Considerar;S/D;No Considerar;No;Considerar;0;0;0;0;0;;-8.38766;;;;;;;;;;
202601050230;2026;1;5;2;30;46027.10417;0;0;0;Considerar;S/D;No Considerar;No;Considerar;0;0;0;0;0;;-8.39829;;;;;;;;;;
202601050245;2026;1;5;2;45;46027.11458;0;0;0;Considerar;S/D;No Considerar;No;Considerar;0;0;0;0;0;;-8.4225;;;;;;;;;;
202601050300;2026;1;5;3;0;46027.125;0;0;0;Considerar;S/D;No Considerar;No;Considerar;0;0;0;0;0;;-8.4319;;;;;;;;;;
202601050315;2026;1;5;3;15;46027.13542;0;0;0;Considerar;S/D;No Considerar;No;Considerar;0;0;0;0;0;;-8.44625;;;;;;;;;;
202601050330;2026;1;5;3;30;46027.14583;0;0;0;Considerar;S/D;No Considerar;No;Considerar;0;0;0;0;0;;-8.49852;;;;;;;;;;
202601050345;2026;1;5;3;45;46027.15625;0;0;0;Considerar;S/D;No Considerar;No;Considerar;0;0;0;0;0;;-8.5153;;;;;;;;;;
202601050400;2026;1;5;4;0;46027.16667;0;0;0;Considerar;S/D;No Considerar;No;Considerar;0;0;0;0;0;;-8.47967;;;;;;;;;;
202601050415;2026;1;5;4;15;46027.17708;0;0;0;Considerar;S/D;No Considerar;No;Considerar;0;0;0;0;0;;-8.4639;;;;;;;;;;
202601050430;2026;1;5;4;30;46027.1875;0;0;0;Considerar;S/D;No Considerar;No;Considerar;0;0;0;0;0;;-8.50636;;;;;;;;;;
202601050445;2026;1;5;4;45;46027.19792;0;0;0;Considerar;S/D;No Considerar;No;Considerar;0;0;0;0;0;;-8.27125;;;;;;;;;;
202601050500;2026;1;5;5;0;46027.20833;0;0;0;Considerar;S/D;No Considerar;No;Considerar;0;0;0;0;0;;-8.28527;;;;;;;;;;
202601050515;2026;1;5;5;15;46027.21875;0;0;0;Considerar;S/D;No Considerar;No;Considerar;0;0;0;0;0;;-8.2768;;;;;;;;;;
202601050530;2026;1;5;5;30;46027.22917;0;0;0;Considerar;S/D;No Considerar;No;Considerar;0;0;0;0;0;;-8.30537;;;;;;;;;;
202601050545;2026;1;5;5;45;46027.23958;0;0;0;Considerar;S/D;No Considerar;No;Considerar;0;0;0;0;0;;-8.33157;;;;;;;;;;
202601050600;2026;1;5;6;0;46027.25;0;0;0;Considerar;S/D;No Considerar;No;Considerar;0;0;0;0;0;;-8.34484;;;;;;;;;;
202601050615;2026;1;5;6;15;46027.26042;0;0;0;Considerar;S/D;No Considerar;No;Considerar;0;0;0;0;0;;-8.35651;;;;;;;;;;
202601050630;2026;1;5;6;30;46027.27083;0;0.066666667;0;Considerar;S/D;No Considerar;No;Considerar;0;0.066666667;0.153833333;0;0;;-8.35956;;;;;;;;;;
202601050645;2026;1;5;6;45;46027.28125;0;0.4;0;Considerar;S/D;No Considerar;No;Considerar;0;0.4;0.923;0;0;;-8.33287;;;;;;;;;;
202601050700;2026;1;5;7;0;46027.29167;0;1.366666667;0;Considerar;S/D;No Considerar;No;Considerar;0;1.366666667;3.153583333;0;0;;-8.51083;;;;;;;;;;
202601050715;2026;1;5;7;15;46027.30208;33.73098667;5;0.366666667;Considerar;Operando;No Considerar;No;Considerar;0;5.264;12.14668;0;0;;-8.30801;;;;;;;;;;
202601050730;2026;1;5;7;30;46027.3125;94.33544667;11.53333333;0.983333333;Considerar;Operando;No Considerar;No;Considerar;0;12.24133333;28.24687667;0;0;;-8.28818;;;;;;;;;;
202601050745;2026;1;5;7;45;46027.32292;183.5763333;20.06666667;1.816666667;Considerar;Operando;No Considerar;No;Considerar;0;21.37466667;49.32204333;0;0;;-8.18104;;;;;;;;;;
202601050800;2026;1;5;8;0;46027.33333;338.0511333;34.5;3.116666667;Considerar;Operando;No Considerar;No;Considerar;0;36.744;84.78678;0;0;;-8.12603;;;;;;;;;;
202601050815;2026;1;5;8;15;46027.34375;503.3620667;49.86666667;4.6;Considerar;Operando;No Considerar;No;Considerar;0;53.17866667;122.7097733;0;0;;-1.51279;;;;;;;;;;
202601050830;2026;1;5;8;30;46027.35417;516.9467667;59.23333333;5.333333333;Considerar;Operando;No Considerar;No;Considerar;0;63.07333333;145.5417167;0;0;;48.11028;;;;;;;;;;
202601050845;2026;1;5;8;45;46027.36458;514.6948667;51.56666667;4.916666667;Considerar;Operando;No Considerar;No;Considerar;0;55.10666667;127.1586333;0;0;;110.68501;;;;;;;;;;
202601050900;2026;1;5;9;0;46027.375;569.8584;58.26666667;5.583333333;Considerar;Operando;No Considerar;No;Considerar;0;62.28666667;143.7264833;0;0;;150.11513;;;;;;;;;;
202601050915;2026;1;5;9;15;46027.38542;694.5276333;69.3;6.45;Considerar;Operando;No Considerar;No;Considerar;0;73.944;170.62578;0;0;;183.46217;;;;;;;;;;
202601050930;2026;1;5;9;30;46027.39583;813.2033;81.6;7.55;Considerar;Operando;No Considerar;No;Considerar;0;87.036;200.83557;0;0;;231.51067;;;;;;;;;;
202601050945;2026;1;5;9;45;46027.40625;891.7939667;90.43333333;8.416666667;Considerar;Operando;No Considerar;No;Considerar;0;96.49333333;222.6583667;0;0;;327.56393;;;;;;;;;;
202601051000;2026;1;5;10;0;46027.41667;925.7476;92.7;8.85;Considerar;Operando;No Considerar;No;Considerar;0;99.072;228.60864;0;0;;352.92803;;;;;;;;;;
202601051015;2026;1;5;10;15;46027.42708;1069.266333;101.8;9.966666667;Considerar;Operando;Considerar;Si;Considerar;25.45;108.976;251.46212;1069.266333;251.46212;;365.85223;;;;;;;;;;
202601051030;2026;1;5;10;30;46027.4375;1354.056667;127.4333333;12.3;Considerar;Operando;Considerar;Si;Considerar;31.85833333;136.2893333;314.4876367;1354.056667;314.4876367;;396.1952;;;;;;;;;;
202601051045;2026;1;5;10;45;46027.44792;1348.669333;144.6;13.46666667;Considerar;Operando;Considerar;Si;Considerar;36.15;154.296;356.03802;1348.669333;356.03802;;499.036;;;;;;;;;;
202601051100;2026;1;5;11;0;46027.45833;1325.199;135.5;12.53333333;Considerar;Operando;Considerar;Si;Considerar;33.875;144.524;333.48913;1325.199;333.48913;;524.36343;;;;;;;;;;
202601051115;2026;1;5;11;15;46027.46875;1558.497333;147.1;13.43333333;Considerar;Operando;Considerar;Si;Considerar;36.775;156.772;361.75139;1558.497333;361.75139;;454.2975;;;;;;;;;;
202601051130;2026;1;5;11;30;46027.47917;1943.484333;195.1666667;18.7;Considerar;Operando;Considerar;Si;Considerar;48.79166667;208.6306667;481.4152633;1943.484333;481.4152633;;568.6028;;;;;;;;;;
202601051145;2026;1;5;11;45;46027.48958;1722.833;162.9333333;15.68333333;Considerar;Operando;Considerar;Si;Considerar;40.73333333;174.2253333;402.0249567;1722.833;402.0249567;;600.00777;;;;;;;;;;
202601051200;2026;1;5;12;0;46027.5;2104.133;203.0333333;18.78333333;Considerar;Operando;Considerar;Si;Considerar;50.75833333;216.5573333;499.7060467;2104.133;499.7060467;;788.5228;;;;;;;;;;
202601051215;2026;1;5;12;15;46027.51042;2396.442667;240.3666667;22.33333333;Considerar;Operando;Considerar;Si;Considerar;60.09166667;256.4466667;591.7506833;2396.442667;591.7506833;;920.55223;;;;;;;;;;
202601051230;2026;1;5;12;30;46027.52083;2921.698333;288.9666667;26.91666667;Considerar;Operando;Considerar;Si;Considerar;72.24166667;308.3466667;711.5099333;2921.698333;711.5099333;;856.84257;;;;;;;;;;
202601051245;2026;1;5;12;45;46027.53125;3175.821;322.1333333;30.21666667;Considerar;Operando;Considerar;Si;Considerar;80.53333333;343.8893333;793.5246367;3175.821;793.5246367;;992.21067;;;;;;;;;;
202601051300;2026;1;5;13;0;46027.54167;2962.425333;329.1;30.93333333;Considerar;Operando;Considerar;Si;Considerar;82.275;351.372;810.79089;2962.425333;810.79089;;1393.98867;;;;;;;;;;
202601051315;2026;1;5;13;15;46027.55208;2934.925333;298.6;28.86666667;Considerar;Operando;Considerar;Si;Considerar;74.65;319.384;736.97858;2934.925333;736.97858;;1251.478;;;;;;;;;;
202601051330;2026;1;5;13;30;46027.5625;3219.62;345.4333333;32.71666667;Considerar;Operando;Considerar;Si;Considerar;86.35833333;368.9893333;851.4428867;3219.62;851.4428867;;1165.23833;;;;;;;;;;
202601051345;2026;1;5;13;45;46027.57292;3502.048;369;34.3;Considerar;Operando;Considerar;Si;Considerar;92.25;393.696;908.45352;3502.048;908.45352;;1502.13167;;;;;;;;;;
202601051400;2026;1;5;14;0;46027.58333;4761.411;485.6666667;44.71666667;Considerar;Operando;Considerar;Si;Considerar;121.4166667;517.8626667;1194.968103;4761.411;1194.968103;;1448.658;;;;;;;;;;
202601051415;2026;1;5;14;15;46027.59375;4223.453667;469.3;45.28333333;Considerar;Operando;Considerar;Si;Considerar;117.325;501.904;1158.14348;4223.453667;1158.14348;;1381.15733;;;;;;;;;;
202601051430;2026;1;5;14;30;46027.60417;4401.183;439.4666667;42.9;Considerar;Operando;Considerar;Si;Considerar;109.8666667;470.3546667;1085.343393;4401.183;1085.343393;;1535.213;;;;;;;;;;
202601051445;2026;1;5;14;45;46027.61458;4821.403667;518.7666667;52.01666667;Considerar;Operando;Considerar;Si;Considerar;129.6916667;556.2186667;1283.474573;4821.403667;1283.474573;;1596.49233;;;;;;;;;;
202601051500;2026;1;5;15;0;46027.625;5595.079333;575.4;57.15;Considerar;Operando;Considerar;Si;Considerar;143.85;616.548;1422.68451;5595.079333;1422.68451;;1364.12633;;;;;;;;;;
202601051515;2026;1;5;15;15;46027.63542;4709.233;555.1333333;53.38333333;Considerar;Operando;Considerar;Si;Considerar;138.7833333;593.5693333;1369.661237;4709.233;1369.661237;;1376.715;;;;;;;;;;
202601051530;2026;1;5;15;30;46027.64583;3864.572667;450.9333333;44.76666667;Considerar;Operando;Considerar;Si;Considerar;112.7333333;483.1653333;1114.904007;3864.572667;1114.904007;;1248.78033;;;;;;;;;;
202601051545;2026;1;5;15;45;46027.65625;3480.927333;390.4;39.26666667;Considerar;Operando;Considerar;Si;Considerar;97.6;418.672;966.08564;3480.927333;966.08564;;1177.77033;;;;;;;;;;
202601051600;2026;1;5;16;0;46027.66667;3116.84;356.7;34.16666667;Considerar;Operando;Considerar;Si;Considerar;89.175;381.3;879.84975;3116.84;879.84975;;1030.26373;;;;;;;;;;
202601051615;2026;1;5;16;15;46027.67708;3014.663667;302.7;30.53333333;Considerar;Operando;Considerar;Si;Considerar;75.675;324.684;749.20833;3014.663667;749.20833;;764.0387;;;;;;;;;;
202601051630;2026;1;5;16;30;46027.6875;3137.95;359.0666667;33.93333333;Considerar;Operando;Considerar;Si;Considerar;89.76666667;383.4986667;884.9231733;3137.95;884.9231733;;814.1213;;;;;;;;;;
202601051645;2026;1;5;16;45;46027.69792;2733.780333;322.3666667;30.55;Considerar;Operando;Considerar;Si;Considerar;80.59166667;344.3626667;794.6168533;2733.780333;794.6168533;;764.90047;;;;;;;;;;
202601051700;2026;1;5;17;0;46027.70833;1833.215667;240.8666667;21.95;Considerar;Operando;Considerar;Si;Considerar;60.21666667;256.6706667;592.2675633;1833.215667;592.2675633;;931.3831;;;;;;;;;;
202601051715;2026;1;5;17;15;46027.71875;1272.038667;148.4333333;14.16666667;Considerar;Operando;Considerar;Si;Considerar;37.10833333;158.6333333;366.0464167;1272.038667;366.0464167;;1097.81973;;;;;;;;;;
202601051730;2026;1;5;17;30;46027.72917;998.3858333;117.4666667;10.7;Considerar;Operando;Considerar;Si;Considerar;29.36666667;125.1706667;288.8313133;998.3858333;288.8313133;;720.0511;;;;;;;;;;
202601051745;2026;1;5;17;45;46027.73958;820.0154667;95.2;8.333333333;Considerar;Operando;No Considerar;No;Considerar;0;101.2;233.519;0;0;;539.8244;;;;;;;;;;
202601051800;2026;1;5;18;0;46027.75;671.1115;75.23333333;6.683333333;Considerar;Operando;No Considerar;No;Considerar;0;80.04533333;184.7046067;0;0;;410.16023;;;;;;;;;;
202601051815;2026;1;5;18;15;46027.76042;631.3935333;71.96666667;6.266666667;Considerar;Operando;No Considerar;No;Considerar;0;76.47866667;176.4745233;0;0;;346.04163;;;;;;;;;;
202601051830;2026;1;5;18;30;46027.77083;425.9384333;54.06666667;4.616666667;Considerar;Operando;No Considerar;No;Considerar;0;57.39066667;132.4289633;0;0;;283.5908;;;;;;;;;;
202601051845;2026;1;5;18;45;46027.78125;320.6398333;39.93333333;3.466666667;Considerar;Operando;No Considerar;No;Considerar;0;42.42933333;97.90568667;0;0;;81.72643;;;;;;;;;;
202601051900;2026;1;5;19;0;46027.79167;227.3131333;28.53333333;2.45;Considerar;Operando;No Considerar;No;Considerar;0;30.29733333;69.91109667;0;0;;0;;;;;;;;;;
202601051915;2026;1;5;19;15;46027.80208;304.4884333;33.36666667;2.916666667;Considerar;Operando;No Considerar;No;Considerar;0;35.46666667;81.83933333;0;0;;0;;;;;;;;;;
202601051930;2026;1;5;19;30;46027.8125;326.4577667;37.93333333;3.483333333;Considerar;Operando;No Considerar;No;Considerar;0;40.44133333;93.31837667;0;0;;0;;;;;;;;;;
202601051945;2026;1;5;19;45;46027.82292;294.8744333;35.96666667;3.283333333;Considerar;Operando;No Considerar;No;Considerar;0;38.33066667;88.44801333;0;0;;0;;;;;;;;;;
202601052000;2026;1;5;20;0;46027.83333;264.2418;32.56666667;2.983333333;Considerar;Operando;No Considerar;No;Considerar;0;34.71466667;80.10409333;0;0;;0;;;;;;;;;;
202601052015;2026;1;5;20;15;46027.84375;187.2031333;26.1;2.366666667;Considerar;Operando;No Considerar;No;Considerar;0;27.804;64.15773;0;0;;0;;;;;;;;;;
202601052030;2026;1;5;20;30;46027.85417;124.7477333;18.86666667;1.583333333;Considerar;Operando;No Considerar;No;Considerar;0;20.00666667;46.16538333;0;0;;0;;;;;;;;;;
202601052045;2026;1;5;20;45;46027.86458;61.09538667;12.53333333;0.966666667;Considerar;Operando;No Considerar;No;Considerar;0;13.22933333;30.52668667;0;0;;0;;;;;;;;;;
202601052100;2026;1;5;21;0;46027.875;0.846853333;4.066666667;0.216666667;Considerar;Operando;No Considerar;No;Considerar;0;4.222666667;9.743803333;0;0;;0;;;;;;;;;;
202601052115;2026;1;5;21;15;46027.88542;0;1.1;0;Considerar;S/D;No Considerar;No;Considerar;0;1.1;2.53825;0;0;;0;;;;;;;;;;
202601052130;2026;1;5;21;30;46027.89583;0;0.233333333;0;Considerar;S/D;No Considerar;No;Considerar;0;0.233333333;0.538416667;0;0;;0;;;;;;;;;;
202601052145;2026;1;5;21;45;46027.90625;0;0;0;Considerar;S/D;No Considerar;No;Considerar;0;0;0;0;0;;0;;;;;;;;;;
202601052200;2026;1;5;22;0;46027.91667;0;0;0;Considerar;S/D;No Considerar;No;Considerar;0;0;0;0;0;;0;;;;;;;;;;
202601052215;2026;1;5;22;15;46027.92708;0;0;0;Considerar;S/D;No Considerar;No;Considerar;0;0;0;0;0;;0;;;;;;;;;;
202601052230;2026;1;5;22;30;46027.9375;0;-0.066666667;0;Considerar;S/D;No Considerar;No;Considerar;0;-0.066666667;-0.153833333;0;0;;0;;;;;;;;;;
202601052245;2026;1;5;22;45;46027.94792;0;0;0;Considerar;S/D;No Considerar;No;Considerar;0;0;0;0;0;;0;;;;;;;;;;
202601052300;2026;1;5;23;0;46027.95833;0;0;0;Considerar;S/D;No Considerar;No;Considerar;0;0;0;0;0;;0;;;;;;;;;;
202601052315;2026;1;5;23;15;46027.96875;0;0.1;0;Considerar;S/D;No Considerar;No;Considerar;0;0.1;0.23075;0;0;;0;;;;;;;;;;
202601052330;2026;1;5;23;30;46027.97917;0;0.1;0.083333333;Considerar;S/D;No Considerar;No;Considerar;0;0.16;0.3692;0;0;;0;;;;;;;;;;
202601052345;2026;1;5;23;45;46027.98958;0;0.066666667;0.15;Considerar;S/D;No Considerar;No;Considerar;0;0.174666667;0.403043333;0;0;;0;;;;;;;;;;
202601060000;2026;1;6;0;0;46028;0;-0.033333333;0.033333333;Considerar;S/D;No Considerar;No;Considerar;0;-0.009333333;-0.021536667;0;0;;0;;;;;;;;;;
202601060015;2026;1;6;0;15;46028.01042;0;-0.033333333;-0.016666667;Considerar;S/D;No Considerar;No;Considerar;0;-0.045333333;-0.104606667;0;0;;0;;;;;;;;;;
202601060030;2026;1;6;0;30;46028.02083;0;-0.1;-0.116666667;Considerar;S/D;No Considerar;No;Considerar;0;-0.184;-0.42458;0;0;;0;;;;;;;;;;
202601060045;2026;1;6;0;45;46028.03125;0;-0.4;-0.2;Considerar;S/D;No Considerar;No;Considerar;0;-0.544;-1.25528;0;0;;0;;;;;;;;;;
202601060100;2026;1;6;1;0;46028.04167;0;-0.266666667;-0.116666667;Considerar;S/D;No Considerar;No;Considerar;0;-0.350666667;-0.809163333;0;0;;0;;;;;;;;;;
202601060115;2026;1;6;1;15;46028.05208;0;-0.1;-0.05;Considerar;S/D;No Considerar;No;Considerar;0;-0.136;-0.31382;0;0;;0;;;;;;;;;;
202601060130;2026;1;6;1;30;46028.0625;0;-0.1;-0.05;Considerar;S/D;No Considerar;No;Considerar;0;-0.136;-0.31382;0;0;;0;;;;;;;;;;
202601060145;2026;1;6;1;45;46028.07292;0;-0.033333333;-0.016666667;Considerar;S/D;No Considerar;No;Considerar;0;-0.045333333;-0.104606667;0;0;;0;;;;;;;;;;
202601060200;2026;1;6;2;0;46028.08333;0;0;0;Considerar;S/D;No Considerar;No;Considerar;0;0;0;0;0;;0;;;;;;;;;;
202601060215;2026;1;6;2;15;46028.09375;0;0;0;Considerar;S/D;No Considerar;No;Considerar;0;0;0;0;0;;0;;;;;;;;;;
202601060230;2026;1;6;2;30;46028.10417;0;0;0;Considerar;S/D;No Considerar;No;Considerar;0;0;0;0;0;;0;;;;;;;;;;
202601060245;2026;1;6;2;45;46028.11458;0;0;0;Considerar;S/D;No Considerar;No;Considerar;0;0;0;0;0;;0;;;;;;;;;;
202601060300;2026;1;6;3;0;46028.125;0;0.033333333;0.016666667;Considerar;S/D;No Considerar;No;Considerar;0;0.045333333;0.104606667;0;0;;0;;;;;;;;;;
202601060315;2026;1;6;3;15;46028.13542;0;0.066666667;0.05;Considerar;S/D;No Considerar;No;Considerar;0;0.102666667;0.236903333;0;0;;0;;;;;;;;;;
202601060330;2026;1;6;3;30;46028.14583;0;-0.166666667;-0.033333333;Considerar;S/D;No Considerar;No;Considerar;0;-0.190666667;-0.439963333;0;0;;0;;;;;;;;;;
202601060345;2026;1;6;3;45;46028.15625;0;-0.133333333;-0.033333333;Considerar;S/D;No Considerar;No;Considerar;0;-0.157333333;-0.363046667;0;0;;0;;;;;;;;;;
202601060400;2026;1;6;4;0;46028.16667;0;-0.066666667;0;Considerar;S/D;No Considerar;No;Considerar;0;-0.066666667;-0.153833333;0;0;;0;;;;;;;;;;
202601060415;2026;1;6;4;15;46028.17708;0;0;0;Considerar;S/D;No Considerar;No;Considerar;0;0;0;0;0;;0;;;;;;;;;;
202601060430;2026;1;6;4;30;46028.1875;0;0.066666667;0.016666667;Considerar;S/D;No Considerar;No;Considerar;0;0.078666667;0.181523333;0;0;;0;;;;;;;;;;
202601060445;2026;1;6;4;45;46028.19792;0;0.2;0.1;Considerar;S/D;No Considerar;No;Considerar;0;0.272;0.62764;0;0;;0;;;;;;;;;;
202601060500;2026;1;6;5;0;46028.20833;0;0.166666667;0.183333333;Considerar;S/D;No Considerar;No;Considerar;0;0.298666667;0.689173333;0;0;;0;;;;;;;;;;
202601060515;2026;1;6;5;15;46028.21875;0;0.166666667;0.166666667;Considerar;S/D;No Considerar;No;Considerar;0;0.286666667;0.661483333;0;0;;0;;;;;;;;;;
202601060530;2026;1;6;5;30;46028.22917;0;0;0.05;Considerar;S/D;No Considerar;No;Considerar;0;0.036;0.08307;0;0;;0;;;;;;;;;;
202601060545;2026;1;6;5;45;46028.23958;0;0;0.1;Considerar;S/D;No Considerar;No;Considerar;0;0.072;0.16614;0;0;;0;;;;;;;;;;
202601060600;2026;1;6;6;0;46028.25;0;-0.1;0.033333333;Considerar;S/D;No Considerar;No;Considerar;0;-0.076;-0.17537;0;0;;0;;;;;;;;;;
202601060615;2026;1;6;6;15;46028.26042;0;-0.133333333;-0.066666667;Considerar;S/D;No Considerar;No;Considerar;0;-0.181333333;-0.418426667;0;0;;0;;;;;;;;;;
202601060630;2026;1;6;6;30;46028.27083;0;0;-0.1;Considerar;S/D;No Considerar;No;Considerar;0;-0.072;-0.16614;0;0;;0;;;;;;;;;;
202601060645;2026;1;6;6;45;46028.28125;0;1.133333333;-0.016666667;Considerar;S/D;No Considerar;No;Considerar;0;1.121333333;2.587476667;0;0;;0;;;;;;;;;;
202601060700;2026;1;6;7;0;46028.29167;45.08429333;5.466666667;0.1;Considerar;Operando;No Considerar;No;Considerar;0;5.538666667;12.78047333;0;0;;0;;;;;;;;;;
202601060715;2026;1;6;7;15;46028.30208;173.0117333;19.4;1.716666667;Considerar;Operando;No Considerar;No;Considerar;0;20.636;47.61757;0;0;;0;;;;;;;;;;
202601060730;2026;1;6;7;30;46028.3125;353.0660333;36.76666667;3.316666667;Considerar;Operando;No Considerar;No;Considerar;0;39.15466667;90.34939333;0;0;;0;;;;;;;;;;
202601060745;2026;1;6;7;45;46028.32292;727.3448333;72.86666667;7.35;Considerar;Operando;No Considerar;No;Considerar;0;78.15866667;180.3511233;0;0;;0;;;;;;;;;;
202601060800;2026;1;6;8;0;46028.33333;1172.680333;121.1;13.68333333;Considerar;Operando;Considerar;Si;Considerar;30.275;130.952;302.17174;1172.680333;302.17174;;0;;;;;;;;;;
202601060815;2026;1;6;8;15;46028.34375;1823.916;189.9333333;21.25;Considerar;Operando;Considerar;Si;Considerar;47.48333333;205.2333333;473.5759167;1823.916;473.5759167;;0;;;;;;;;;;
202601060830;2026;1;6;8;30;46028.35417;3001.787333;322.0333333;40.3;Considerar;Operando;Considerar;Si;Considerar;80.50833333;351.0493333;810.0463367;3001.787333;810.0463367;;0;;;;;;;;;;
202601060845;2026;1;6;8;45;46028.36458;4127.845;466.7666667;63.66666667;Considerar;Operando;Considerar;Si;Considerar;116.6916667;512.6066667;1182.839883;4127.845;1182.839883;;0;;;;;;;;;;
202601060900;2026;1;6;9;0;46028.375;3276.134667;389.5;56.41666667;Considerar;Operando;Considerar;Si;Considerar;97.375;430.12;992.5019;3276.134667;992.5019;;0;;;;;;;;;;
202601060915;2026;1;6;9;15;46028.38542;2564.299;286.3333333;32.63333333;Considerar;Operando;Considerar;Si;Considerar;71.58333333;309.8293333;714.9311867;2564.299;714.9311867;;0;;;;;;;;;;
202601060930;2026;1;6;9;30;46028.39583;3567.384333;407.8333333;58.05;Considerar;Operando;Considerar;Si;Considerar;101.9583333;449.6293333;1037.519687;3567.384333;1037.519687;;0;;;;;;;;;;
202601060945;2026;1;6;9;45;46028.40625;4996.525333;533.4666667;90.75;Considerar;Operando;Considerar;Si;Considerar;133.3666667;598.8066667;1381.746383;4996.525333;1381.746383;;0;;;;;;;;;;
202601061000;2026;1;6;10;0;46028.41667;5586.815667;638.1666667;100.35;Considerar;Operando;Considerar;Si;Considerar;159.5416667;710.4186667;1639.291073;5586.815667;1639.291073;;0;;;;;;;;;;
202601061015;2026;1;6;10;15;46028.42708;5842.358333;701.9666667;100.6833333;Considerar;Operando;Considerar;Si;Considerar;175.4916667;774.4586667;1787.063373;5842.358333;1787.063373;;0;;;;;;;;;;
202601061030;2026;1;6;10;30;46028.4375;5912.944333;722.6333333;95.06666667;Considerar;Operando;Considerar;Si;Considerar;180.6583333;791.0813333;1825.420177;5912.944333;1825.420177;;0;;;;;;;;;;
202601061045;2026;1;6;10;45;46028.44792;5842.017;781.1;89.35;Considerar;Operando;Considerar;Si;Considerar;195.275;845.432;1950.83434;5842.017;1950.83434;;0;;;;;;;;;;
202601061100;2026;1;6;11;0;46028.45833;6976.732333;839.4666667;95.5;Considerar;Operando;Considerar;Si;Considerar;209.8666667;908.2266667;2095.733033;6976.732333;2095.733033;;0;;;;;;;;;;
202601061115;2026;1;6;11;15;46028.46875;7208.85;899.6666667;94.16666667;Considerar;Operando;Considerar;Si;Considerar;224.9166667;967.4666667;2232.429333;7208.85;2232.429333;;0;;;;;;;;;;
202601061130;2026;1;6;11;30;46028.47917;7181.066333;958.4666667;93;Considerar;Operando;Considerar;Si;Considerar;239.6166667;1025.426667;2366.172033;7181.066333;2366.172033;;0;;;;;;;;;;
202601061145;2026;1;6;11;45;46028.48958;3793.459667;585.7666667;59.35;Considerar;Operando;Considerar;Si;Considerar;146.4416667;628.4986667;1450.260673;3793.459667;1450.260673;;0;;;;;;;;;;
202601061200;2026;1;6;12;0;46028.5;7462.201667;940.8666667;73.01666667;Considerar;Operando;Considerar;Si;Considerar;235.2166667;993.4386667;2292.359723;7462.201667;2292.359723;;0;;;;;;;;;;
202601061215;2026;1;6;12;15;46028.51042;7091.651;1188.9;90.31666667;Considerar;Operando;Considerar;Si;Considerar;297.225;1253.928;2893.43886;7091.651;2893.43886;;0;;;;;;;;;;
202601061230;2026;1;6;12;30;46028.52083;5123.038;665.4666667;47.16666667;Considerar;Operando;Considerar;Si;Considerar;166.3666667;699.4266667;1613.927033;5123.038;1613.927033;;0;;;;;;;;;;
202601061245;2026;1;6;12;45;46028.53125;6858.24;823.4;62.55;Considerar;Operando;Considerar;Si;Considerar;205.85;868.436;2003.91607;6858.24;2003.91607;;0;;;;;;;;;;
202601061300;2026;1;6;13;0;46028.54167;7657.398333;907.2;71.73333333;Considerar;Operando;Considerar;Si;Considerar;226.8;958.848;2212.54176;7657.398333;2212.54176;;0;;;;;;;;;;
202601061315;2026;1;6;13;15;46028.55208;7750.899333;1080.833333;67.51666667;Considerar;Operando;Considerar;Si;Considerar;270.2083333;1129.445333;2606.195107;7750.899333;2606.195107;;0;;;;;;;;;;
202601061330;2026;1;6;13;30;46028.5625;7778.031333;1118.4;68.01666667;Considerar;Operando;Considerar;Si;Considerar;279.6;1167.372;2693.71089;7778.031333;2693.71089;;0;;;;;;;;;;
202601061345;2026;1;6;13;45;46028.57292;7733.503;1060.3;65.51666667;Considerar;Operando;Considerar;Si;Considerar;265.075;1107.472;2555.49164;7733.503;2555.49164;;0;;;;;;;;;;
202601061400;2026;1;6;14;0;46028.58333;7762.717667;1051.9;61.81666667;Considerar;Operando;Considerar;Si;Considerar;262.975;1096.408;2529.96146;7762.717667;2529.96146;;0;;;;;;;;;;
202601061415;2026;1;6;14;15;46028.59375;7761.486667;1101.7;63.46666667;Considerar;Operando;Considerar;Si;Considerar;275.425;1147.396;2647.61627;7761.486667;2647.61627;;0;;;;;;;;;;
202601061430;2026;1;6;14;30;46028.60417;7749.342667;1097.333333;63.11666667;Considerar;Operando;Considerar;Si;Considerar;274.3333333;1142.777333;2636.958697;7749.342667;2636.958697;;0;;;;;;;;;;
202601061445;2026;1;6;14;45;46028.61458;7708.041667;1082.7;64.18333333;Considerar;Operando;Considerar;Si;Considerar;270.675;1128.912;2604.96444;7708.041667;2604.96444;;0;;;;;;;;;;
202601061500;2026;1;6;15;0;46028.625;7706.047;1067.433333;65.96666667;Considerar;Operando;Considerar;Si;Considerar;266.8583333;1114.929333;2572.699437;7706.047;2572.699437;;0;;;;;;;;;;
202601061515;2026;1;6;15;15;46028.63542;7637.977667;1055.133333;68.16666667;Considerar;Operando;Considerar;Si;Considerar;263.7833333;1104.213333;2547.972267;7637.977667;2547.972267;;0;;;;;;;;;;
202601061530;2026;1;6;15;30;46028.64583;7519.175;1032.833333;70.26666667;Considerar;Operando;Considerar;Si;Considerar;258.2083333;1083.425333;2500.003957;7519.175;2500.003957;;0;;;;;;;;;;
202601061545;2026;1;6;15;45;46028.65625;7386.004667;1008.033333;72.93333333;Considerar;Operando;Considerar;Si;Considerar;252.0083333;1060.545333;2447.208357;7386.004667;2447.208357;;0;;;;;;;;;;
202601061600;2026;1;6;16;0;46028.66667;7230.013667;983.2;75.31666667;Considerar;Operando;Considerar;Si;Considerar;245.8;1037.428;2393.86511;7230.013667;2393.86511;;0;;;;;;;;;;
202601061615;2026;1;6;16;15;46028.67708;7039.353;945.6333333;77.43333333;Considerar;Operando;Considerar;Si;Considerar;236.4083333;1001.385333;2310.696657;7039.353;2310.696657;;0;;;;;;;;;;
202601061630;2026;1;6;16;30;46028.6875;6733.408667;902.2;79.98333333;Considerar;Operando;Considerar;Si;Considerar;225.55;959.788;2214.71081;6733.408667;2214.71081;;0;;;;;;;;;;
202601061645;2026;1;6;16;45;46028.69792;6481.834667;859.4666667;83.46666667;Considerar;Operando;Considerar;Si;Considerar;214.8666667;919.5626667;2121.890853;6481.834667;2121.890853;;0;;;;;;;;;;
202601061700;2026;1;6;17;0;46028.70833;6209.951667;817.6333333;88;Considerar;Operando;Considerar;Si;Considerar;204.4083333;880.9933333;2032.892117;6209.951667;2032.892117;;0;;;;;;;;;;
202601061715;2026;1;6;17;15;46028.71875;5821.826667;775.5333333;91.58333333;Considerar;Operando;Considerar;Si;Considerar;193.8833333;841.4733333;1941.699717;5821.826667;1941.699717;;0;;;;;;;;;;
202601061730;2026;1;6;17;30;46028.72917;5484.172;723.1333333;93.98333333;Considerar;Operando;Considerar;Si;Considerar;180.7833333;790.8013333;1824.774077;5484.172;1824.774077;;0;;;;;;;;;;
202601061745;2026;1;6;17;45;46028.73958;5082.688;666.2333333;97.56666667;Considerar;Operando;Considerar;Si;Considerar;166.5583333;736.4813333;1699.430677;5082.688;1699.430677;;0;;;;;;;;;;
202601061800;2026;1;6;18;0;46028.75;4661.914667;609.8333333;96.6;Considerar;Operando;Considerar;Si;Considerar;152.4583333;679.3853333;1567.681657;4661.914667;1567.681657;;0;;;;;;;;;;
202601061815;2026;1;6;18;15;46028.76042;4251.73;557.4;94.9;Considerar;Operando;Considerar;Si;Considerar;139.35;625.728;1443.86736;4251.73;1443.86736;;0;;;;;;;;;;
202601061830;2026;1;6;18;30;46028.77083;3849.857667;499.2666667;89.6;Considerar;Operando;Considerar;Si;Considerar;124.8166667;563.7786667;1300.919273;3849.857667;1300.919273;;0;;;;;;;;;;
202601061845;2026;1;6;18;45;46028.78125;3392.050667;442.5;79.83333333;Considerar;Operando;Considerar;Si;Considerar;110.625;499.98;1153.70385;3392.050667;1153.70385;;0;;;;;;;;;;
202601061900;2026;1;6;19;0;46028.79167;2924.901667;392.1333333;67.83333333;Considerar;Operando;Considerar;Si;Considerar;98.03333333;440.9733333;1017.545967;2924.901667;1017.545967;;0;;;;;;;;;;
202601061915;2026;1;6;19;15;46028.80208;2426.253;332.2333333;49.46666667;Considerar;Operando;Considerar;Si;Considerar;83.05833333;367.8493333;848.8123367;2426.253;848.8123367;;0;;;;;;;;;;
202601061930;2026;1;6;19;30;46028.8125;1937.281333;278.8666667;32.56666667;Considerar;Operando;Considerar;Si;Considerar;69.71666667;302.3146667;697.5910933;1937.281333;697.5910933;;0;;;;;;;;;;
202601061945;2026;1;6;19;45;46028.82292;1464.475333;227.1333333;22.65;Considerar;Operando;Considerar;Si;Considerar;56.78333333;243.4413333;561.7408767;1464.475333;561.7408767;;0;;;;;;;;;;
202601062000;2026;1;6;20;0;46028.83333;1010.583;181.1;22.83333333;Considerar;Operando;Considerar;Si;Considerar;45.275;197.54;455.82355;1010.583;455.82355;;0;;;;;;;;;;
202601062015;2026;1;6;20;15;46028.84375;650.0624333;124.8333333;22.86666667;Considerar;Operando;Considerar;Si;Considerar;31.20833333;141.2973333;326.0435967;650.0624333;326.0435967;;0;;;;;;;;;;
202601062030;2026;1;6;20;30;46028.85417;360.8175333;86.23333333;17.66666667;Considerar;Operando;No Considerar;No;Considerar;0;98.95333333;228.3348167;0;0;;0;;;;;;;;;;
202601062045;2026;1;6;20;45;46028.86458;152.5308667;44.4;9.55;Considerar;Operando;No Considerar;No;Considerar;0;51.276;118.31937;0;0;;0;;;;;;;;;;
202601062100;2026;1;6;21;0;46028.875;41.24697;12.63333333;1.85;Considerar;Operando;No Considerar;No;Considerar;0;13.96533333;32.22500667;0;0;;0;;;;;;;;;;
202601062115;2026;1;6;21;15;46028.88542;0;3.633333333;0.95;Considerar;S/D;No Considerar;No;Considerar;0;4.317333333;9.962246667;0;0;;0;;;;;;;;;;
202601062130;2026;1;6;21;30;46028.89583;0;0.766666667;0.383333333;Considerar;S/D;No Considerar;No;Considerar;0;1.042666667;2.405953333;0;0;;0;;;;;;;;;;
202601062145;2026;1;6;21;45;46028.90625;0;-0.2;0.066666667;Considerar;S/D;No Considerar;No;Considerar;0;-0.152;-0.35074;0;0;;0;;;;;;;;;;
202601062200;2026;1;6;22;0;46028.91667;0;-0.066666667;0.05;Considerar;S/D;No Considerar;No;Considerar;0;-0.030666667;-0.070763333;0;0;;0;;;;;;;;;;
202601062215;2026;1;6;22;15;46028.92708;0;0;0.1;Considerar;S/D;No Considerar;No;Considerar;0;0.072;0.16614;0;0;;0;;;;;;;;;;
202601062230;2026;1;6;22;30;46028.9375;0;0;0.1;Considerar;S/D;No Considerar;No;Considerar;0;0.072;0.16614;0;0;;0;;;;;;;;;;
202601062245;2026;1;6;22;45;46028.94792;0;0;0.066666667;Considerar;S/D;No Considerar;No;Considerar;0;0.048;0.11076;0;0;;0;;;;;;;;;;
202601062300;2026;1;6;23;0;46028.95833;0;0;0.1;Considerar;S/D;No Considerar;No;Considerar;0;0.072;0.16614;0;0;;0;;;;;;;;;;
202601062315;2026;1;6;23;15;46028.96875;0;0;0;Considerar;S/D;No Considerar;No;Considerar;0;0;0;0;0;;0;;;;;;;;;;
202601062330;2026;1;6;23;30;46028.97917;0;0;0.016666667;Considerar;S/D;No Considerar;No;Considerar;0;0.012;0.02769;0;0;;0;;;;;;;;;;
202601062345;2026;1;6;23;45;46028.98958;0;0;0.016666667;Considerar;S/D;No Considerar;No;Considerar;0;0.012;0.02769;0;0;;0;;;;;;;;;;
202601070000;2026;1;7;0;0;46029;0;0.1;0.05;Considerar;S/D;No Considerar;No;Considerar;0;0.136;0.31382;0;0;;0;;;;;;;;;;
202601070015;2026;1;7;0;15;46029.01042;0;0.3;0.166666667;Considerar;S/D;No Considerar;No;Considerar;0;0.42;0.96915;0;0;;0;;;;;;;;;;
202601070030;2026;1;7;0;30;46029.02083;0;0.166666667;0.083333333;Considerar;S/D;No Considerar;No;Considerar;0;0.226666667;0.523033333;0;0;;0;;;;;;;;;;
202601070045;2026;1;7;0;45;46029.03125;0;0.066666667;0.166666667;Considerar;S/D;No Considerar;No;Considerar;0;0.186666667;0.430733333;0;0;;0;;;;;;;;;;
202601070100;2026;1;7;1;0;46029.04167;0;0;0.033333333;Considerar;S/D;No Considerar;No;Considerar;0;0.024;0.05538;0;0;;0;;;;;;;;;;
202601070115;2026;1;7;1;15;46029.05208;0;0.033333333;0.15;Considerar;S/D;No Considerar;No;Considerar;0;0.141333333;0.326126667;0;0;;0;;;;;;;;;;
202601070130;2026;1;7;1;30;46029.0625;0;0.166666667;0.2;Considerar;S/D;No Considerar;No;Considerar;0;0.310666667;0.716863333;0;0;;0;;;;;;;;;;
202601070145;2026;1;7;1;45;46029.07292;0;0.033333333;0.1;Considerar;S/D;No Considerar;No;Considerar;0;0.105333333;0.243056667;0;0;;0;;;;;;;;;;
202601070200;2026;1;7;2;0;46029.08333;0;0;0.066666667;Considerar;S/D;No Considerar;No;Considerar;0;0.048;0.11076;0;0;;0;;;;;;;;;;
202601070215;2026;1;7;2;15;46029.09375;0;0.066666667;0.133333333;Considerar;S/D;No Considerar;No;Considerar;0;0.162666667;0.375353333;0;0;;0;;;;;;;;;;
202601070230;2026;1;7;2;30;46029.10417;0;0;0;Considerar;S/D;No Considerar;No;Considerar;0;0;0;0;0;;0;;;;;;;;;;
202601070245;2026;1;7;2;45;46029.11458;0;0;0.05;Considerar;S/D;No Considerar;No;Considerar;0;0.036;0.08307;0;0;;0;;;;;;;;;;
202601070300;2026;1;7;3;0;46029.125;0;-0.1;0;Considerar;S/D;No Considerar;No;Considerar;0;-0.1;-0.23075;0;0;;0;;;;;;;;;;
202601070315;2026;1;7;3;15;46029.13542;0;-0.033333333;-0.016666667;Considerar;S/D;No Considerar;No;Considerar;0;-0.045333333;-0.104606667;0;0;;0;;;;;;;;;;
202601070330;2026;1;7;3;30;46029.14583;0;-0.1;-0.033333333;Considerar;S/D;No Considerar;No;Considerar;0;-0.124;-0.28613;0;0;;0;;;;;;;;;;
202601070345;2026;1;7;3;45;46029.15625;0;-0.166666667;-0.083333333;Considerar;S/D;No Considerar;No;Considerar;0;-0.226666667;-0.523033333;0;0;;0;;;;;;;;;;
202601070400;2026;1;7;4;0;46029.16667;0;-0.033333333;-0.083333333;Considerar;S/D;No Considerar;No;Considerar;0;-0.093333333;-0.215366667;0;0;;0;;;;;;;;;;
202601070415;2026;1;7;4;15;46029.17708;0;0;-0.05;Considerar;S/D;No Considerar;No;Considerar;0;-0.036;-0.08307;0;0;;0;;;;;;;;;;
202601070430;2026;1;7;4;30;46029.1875;0;-0.066666667;-0.083333333;Considerar;S/D;No Considerar;No;Considerar;0;-0.126666667;-0.292283333;0;0;;0;;;;;;;;;;
202601070445;2026;1;7;4;45;46029.19792;0;-0.133333333;-0.133333333;Considerar;S/D;No Considerar;No;Considerar;0;-0.229333333;-0.529186667;0;0;;0;;;;;;;;;;
202601070500;2026;1;7;5;0;46029.20833;0;-0.1;-0.033333333;Considerar;S/D;No Considerar;No;Considerar;0;-0.124;-0.28613;0;0;;0;;;;;;;;;;
202601070515;2026;1;7;5;15;46029.21875;0;-0.3;-0.133333333;Considerar;S/D;No Considerar;No;Considerar;0;-0.396;-0.91377;0;0;;0;;;;;;;;;;
202601070530;2026;1;7;5;30;46029.22917;0;-0.5;-0.116666667;Considerar;S/D;No Considerar;No;Considerar;0;-0.584;-1.34758;0;0;;0;;;;;;;;;;
202601070545;2026;1;7;5;45;46029.23958;0;-0.533333333;-0.15;Considerar;S/D;No Considerar;No;Considerar;0;-0.641333333;-1.479876667;0;0;;0;;;;;;;;;;
202601070600;2026;1;7;6;0;46029.25;0;-0.133333333;0;Considerar;S/D;No Considerar;No;Considerar;0;-0.133333333;-0.307666667;0;0;;0;;;;;;;;;;
202601070615;2026;1;7;6;15;46029.26042;0;0.233333333;0.1;Considerar;S/D;No Considerar;No;Considerar;0;0.305333333;0.704556667;0;0;;0;;;;;;;;;;
202601070630;2026;1;7;6;30;46029.27083;0;0.7;0.116666667;Considerar;S/D;No Considerar;No;Considerar;0;0.784;1.80908;0;0;;0;;;;;;;;;;
202601070645;2026;1;7;6;45;46029.28125;11.07557367;2.666666667;0.166666667;Considerar;Operando;No Considerar;No;Considerar;0;2.786666667;6.430233333;0;0;;0;;;;;;;;;;
202601070700;2026;1;7;7;0;46029.29167;58.41720667;8.933333333;0.566666667;Considerar;Operando;No Considerar;No;Considerar;0;9.341333333;21.55512667;0;0;;0;;;;;;;;;;
202601070715;2026;1;7;7;15;46029.30208;263.7083667;21.4;3.033333333;Considerar;Operando;No Considerar;No;Considerar;0;23.584;54.42008;0;0;;0;;;;;;;;;;
202601070730;2026;1;7;7;30;46029.3125;587.9234667;72.63333333;14.33333333;Considerar;Operando;No Considerar;No;Considerar;0;82.95333333;191.4148167;0;0;;0;;;;;;;;;;
202601070745;2026;1;7;7;45;46029.32292;985.3062667;119.7333333;20.41666667;Considerar;Operando;Considerar;Si;Considerar;29.93333333;134.4333333;310.2049167;985.3062667;310.2049167;;0;;;;;;;;;;
202601070800;2026;1;7;8;0;46029.33333;1400.292333;172.0666667;22.78333333;Considerar;Operando;Considerar;Si;Considerar;43.01666667;188.4706667;434.8960633;1400.292333;434.8960633;;0;;;;;;;;;;
202601070815;2026;1;7;8;15;46029.34375;1908.578;220.4666667;20.66666667;Considerar;Operando;Considerar;Si;Considerar;55.11666667;235.3466667;543.0624333;1908.578;543.0624333;;-3.49776;;;;;;;;;;
202601070830;2026;1;7;8;30;46029.35417;2404.585333;278.6666667;29.61666667;Considerar;Operando;Considerar;Si;Considerar;69.66666667;299.9906667;692.2284633;2404.585333;692.2284633;;1877.47633;;;;;;;;;;
202601070845;2026;1;7;8;45;46029.36458;2866.271333;331;47.13333333;Considerar;Operando;Considerar;Si;Considerar;82.75;364.936;842.08982;2866.271333;842.08982;;3834.77067;;;;;;;;;;
202601070900;2026;1;7;9;0;46029.375;3365.814;384.1;65.85;Considerar;Operando;Considerar;Si;Considerar;96.025;431.512;995.71394;3365.814;995.71394;;4568.71133;;;;;;;;;;
202601070915;2026;1;7;9;15;46029.38542;3844.328;438.7333333;80.58333333;Considerar;Operando;Considerar;Si;Considerar;109.6833333;496.7533333;1146.258317;3844.328;1146.258317;;5295.158;;;;;;;;;;
202601070930;2026;1;7;9;30;46029.39583;4283.272333;494.4;89.95;Considerar;Operando;Considerar;Si;Considerar;123.6;559.164;1290.27093;4283.272333;1290.27093;;5374.15767;;;;;;;;;;
202601070945;2026;1;7;9;45;46029.40625;4714.617333;543.4;95.25;Considerar;Operando;Considerar;Si;Considerar;135.85;611.98;1412.14385;4714.617333;1412.14385;;5402.771;;;;;;;;;;
202601071000;2026;1;7;10;0;46029.41667;5129.087;597.6666667;98.25;Considerar;Operando;Considerar;Si;Considerar;149.4166667;668.4066667;1542.348383;5129.087;1542.348383;;5342.44533;;;;;;;;;;
202601071015;2026;1;7;10;15;46029.42708;5506.79;656.6;98.6;Considerar;Operando;Considerar;Si;Considerar;164.15;727.592;1678.91854;5506.79;1678.91854;;5188.05;;;;;;;;;;
202601071030;2026;1;7;10;30;46029.4375;5845.900667;709.2666667;96.03333333;Considerar;Operando;Considerar;Si;Considerar;177.3166667;778.4106667;1796.182613;5845.900667;1796.182613;;5232.422;;;;;;;;;;
202601071045;2026;1;7;10;45;46029.44792;6152.257333;759.3333333;92.75;Considerar;Operando;Considerar;Si;Considerar;189.8333333;826.1133333;1906.256517;6152.257333;1906.256517;;5324.897;;;;;;;;;;
202601071100;2026;1;7;11;0;46029.45833;6441.535667;805.0666667;88.76666667;Considerar;Operando;Considerar;Si;Considerar;201.2666667;868.9786667;2005.168273;6441.535667;2005.168273;;5541.584;;;;;;;;;;
202601071115;2026;1;7;11;15;46029.46875;6689.027667;843.4333333;84.51666667;Considerar;Operando;Considerar;Si;Considerar;210.8583333;904.2853333;2086.638407;6689.027667;2086.638407;;5649.27767;;;;;;;;;;
202601071130;2026;1;7;11;30;46029.47917;6944.732333;884.7;79.8;Considerar;Operando;Considerar;Si;Considerar;221.175;942.156;2174.02497;6944.732333;2174.02497;;5736.28033;;;;;;;;;;
202601071145;2026;1;7;11;45;46029.48958;7173.548;927.9666667;76.28333333;Considerar;Operando;Considerar;Si;Considerar;231.9916667;982.8906667;2268.020213;7173.548;2268.020213;;5294.12433;;;;;;;;;;
202601071200;2026;1;7;12;0;46029.5;7347.262333;961.5;73.26666667;Considerar;Operando;Considerar;Si;Considerar;240.375;1014.252;2340.38649;7347.262333;2340.38649;;5283.40067;;;;;;;;;;
202601071215;2026;1;7;12;15;46029.51042;7509.177333;992.7333333;71.46666667;Considerar;Operando;Considerar;Si;Considerar;248.1833333;1044.189333;2409.466887;7509.177333;2409.466887;;5362.682;;;;;;;;;;
202601071230;2026;1;7;12;30;46029.52083;7622.906667;1019.5;68.88333333;Considerar;Operando;Considerar;Si;Considerar;254.875;1069.096;2466.93902;7622.906667;2466.93902;;5436.48033;;;;;;;;;;
202601071245;2026;1;7;12;45;46029.53125;7727.452333;1042.133333;67.13333333;Considerar;Operando;Considerar;Si;Considerar;260.5333333;1090.469333;2516.257987;7727.452333;2516.257987;;5552.27333;;;;;;;;;;
202601071300;2026;1;7;13;0;46029.54167;7755.805667;1063;65.33333333;Considerar;Operando;Considerar;Si;Considerar;265.75;1110.04;2561.4173;7755.805667;2561.4173;;5767.12267;;;;;;;;;;
202601071315;2026;1;7;13;15;46029.55208;7759.470333;1072.933333;63.33333333;Considerar;Operando;Considerar;Si;Considerar;268.2333333;1118.533333;2581.015667;7759.470333;2581.015667;;5772.75433;;;;;;;;;;
202601071330;2026;1;7;13;30;46029.5625;7762.170333;1083.166667;62.01666667;Considerar;Operando;Considerar;Si;Considerar;270.7916667;1127.818667;2602.441573;7762.170333;2602.441573;;5758.637;;;;;;;;;;
202601071345;2026;1;7;13;45;46029.57292;7763.875;1090.633333;61.93333333;Considerar;Operando;Considerar;Si;Considerar;272.6583333;1135.225333;2619.532457;7763.875;2619.532457;;5747.31867;;;;;;;;;;
202601071400;2026;1;7;14;0;46029.58333;7765.530333;1093.633333;61.88333333;Considerar;Operando;Considerar;Si;Considerar;273.4083333;1138.189333;2626.371887;7765.530333;2626.371887;;5763.99967;;;;;;;;;;
202601071415;2026;1;7;14;15;46029.59375;7763.343;1089.666667;61.8;Considerar;Operando;Considerar;Si;Considerar;272.4166667;1134.162667;2617.080353;7763.343;2617.080353;;5798.92033;;;;;;;;;;
202601071430;2026;1;7;14;30;46029.60417;7757.216667;1086.833333;62.16666667;Considerar;Operando;Considerar;Si;Considerar;271.7083333;1131.593333;2611.151617;7757.216667;2611.151617;;5706.11833;;;;;;;;;;
202601071445;2026;1;7;14;45;46029.61458;7753.819;1077;63.23333333;Considerar;Operando;Considerar;Si;Considerar;269.25;1122.528;2590.23336;7753.819;2590.23336;;5470.15133;;;;;;;;;;
202601071500;2026;1;7;15;0;46029.625;7726.085;1060.433333;65;Considerar;Operando;Considerar;Si;Considerar;265.1083333;1107.233333;2554.940917;7726.085;2554.940917;;5545.97;;;;;;;;;;
202601071515;2026;1;7;15;15;46029.63542;7644.143667;1040.2;66.65;Considerar;Operando;Considerar;Si;Considerar;260.05;1088.188;2510.99381;7644.143667;2510.99381;;5474.54067;;;;;;;;;;
202601071530;2026;1;7;15;30;46029.64583;7548.026;1019.666667;68.6;Considerar;Operando;Considerar;Si;Considerar;254.9166667;1069.058667;2466.852873;7548.026;2466.852873;;5183.80667;;;;;;;;;;
202601071545;2026;1;7;15;45;46029.65625;7435.285;992.1;71.31666667;Considerar;Operando;Considerar;Si;Considerar;248.025;1043.448;2407.75626;7435.285;2407.75626;;5913.32867;;;;;;;;;;
202601071600;2026;1;7;16;0;46029.66667;7299.363;967.5666667;74.1;Considerar;Operando;Considerar;Si;Considerar;241.8916667;1020.918667;2355.769823;7299.363;2355.769823;;5327.444;;;;;;;;;;
202601071615;2026;1;7;16;15;46029.67708;7118.186667;932.0333333;76.33333333;Considerar;Operando;Considerar;Si;Considerar;233.0083333;986.9933333;2277.487117;7118.186667;2277.487117;;5623.39433;;;;;;;;;;
202601071630;2026;1;7;16;30;46029.6875;6888.369667;894.4;79.36666667;Considerar;Operando;Considerar;Si;Considerar;223.6;951.544;2195.68778;6888.369667;2195.68778;;5053.503;;;;;;;;;;
202601071645;2026;1;7;16;45;46029.69792;6613.213333;852.9;83.13333333;Considerar;Operando;Considerar;Si;Considerar;213.225;912.756;2106.18447;6613.213333;2106.18447;;3642.94733;;;;;;;;;;
202601071700;2026;1;7;17;0;46029.70833;6313.646;814.1666667;86.73333333;Considerar;Operando;Considerar;Si;Considerar;203.5416667;876.6146667;2022.788343;6313.646;2022.788343;;3088.482;;;;;;;;;;
202601071715;2026;1;7;17;15;46029.71875;5991.672333;762.2;90.53333333;Considerar;Operando;Considerar;Si;Considerar;190.55;827.384;1909.18858;5991.672333;1909.18858;;2448.68033;;;;;;;;;;
202601071730;2026;1;7;17;30;46029.72917;5611.754;718.8;93.88333333;Considerar;Operando;Considerar;Si;Considerar;179.7;786.396;1814.60877;5611.754;1814.60877;;1884.30733;;;;;;;;;;
202601071745;2026;1;7;17;45;46029.73958;5227.664;662.8;97.16666667;Considerar;Operando;Considerar;Si;Considerar;165.7;732.76;1690.8437;5227.664;1690.8437;;1253.287;;;;;;;;;;
202601071800;2026;1;7;18;0;46029.75;4820.849333;607.2666667;97.36666667;Considerar;Operando;Considerar;Si;Considerar;151.8166667;677.3706667;1563.032813;4820.849333;1563.032813;;643.6024;;;;;;;;;;
202601071815;2026;1;7;18;15;46029.76042;4376.846333;553.1333333;94.51666667;Considerar;Operando;Considerar;Si;Considerar;138.2833333;621.1853333;1433.385157;4376.846333;1433.385157;;223.34363;;;;;;;;;;
202601071830;2026;1;7;18;30;46029.77083;3952.924;505.3;89.88333333;Considerar;Operando;Considerar;Si;Considerar;126.325;570.016;1315.31192;3952.924;1315.31192;;44.70197;;;;;;;;;;
202601071845;2026;1;7;18;45;46029.78125;3468.992667;444.7;81.21666667;Considerar;Operando;Considerar;Si;Considerar;111.175;503.176;1161.07862;3468.992667;1161.07862;;-6.20427;;;;;;;;;;
202601071900;2026;1;7;19;0;46029.79167;2991.743667;395.7333333;68.48333333;Considerar;Operando;Considerar;Si;Considerar;98.93333333;445.0413333;1026.932877;2991.743667;1026.932877;;-10.59606;;;;;;;;;;
202601071915;2026;1;7;19;15;46029.80208;2466.626;333.0333333;49.6;Considerar;Operando;Considerar;Si;Considerar;83.25833333;368.7453333;850.8798567;2466.626;850.8798567;;-8.20877;;;;;;;;;;
202601071930;2026;1;7;19;30;46029.8125;1965.159;284.8;33.36666667;Considerar;Operando;Considerar;Si;Considerar;71.2;308.824;712.61138;1965.159;712.61138;;-7.99359;;;;;;;;;;
202601071945;2026;1;7;19;45;46029.82292;1449.372333;225.5;22.7;Considerar;Operando;Considerar;Si;Considerar;56.375;241.844;558.05503;1449.372333;558.05503;;-8.22928;;;;;;;;;;
202601072000;2026;1;7;20;0;46029.83333;1013.127167;179.0666667;22.73333333;Considerar;Operando;Considerar;Si;Considerar;44.76666667;195.4346667;450.9654933;1013.127167;450.9654933;;-8.07939;;;;;;;;;;
202601072015;2026;1;7;20;15;46029.84375;654.5021333;122.3333333;22.11666667;Considerar;Operando;Considerar;Si;Considerar;30.58333333;138.2573333;319.0287967;654.5021333;319.0287967;;-8.44701;;;;;;;;;;
202601072030;2026;1;7;20;30;46029.85417;355.5183333;81.63333333;16.3;Considerar;Operando;No Considerar;No;Considerar;0;93.36933333;215.4497367;0;0;;-8.10426;;;;;;;;;;
202601072045;2026;1;7;20;45;46029.86458;160.8083333;39.73333333;8.566666667;Considerar;Operando;No Considerar;No;Considerar;0;45.90133333;105.9173267;0;0;;-8.1371;;;;;;;;;;
202601072100;2026;1;7;21;0;46029.875;42.76281;14;1.733333333;Considerar;Operando;No Considerar;No;Considerar;0;15.248;35.18476;0;0;;-8.15222;;;;;;;;;;
202601072115;2026;1;7;21;15;46029.88542;0;3.1;0.466666667;Considerar;S/D;No Considerar;No;Considerar;0;3.436;7.92857;0;0;;-8.14598;;;;;;;;;;
202601072130;2026;1;7;21;30;46029.89583;0;0.4;0.166666667;Considerar;S/D;No Considerar;No;Considerar;0;0.52;1.1999;0;0;;-8.20803;;;;;;;;;;
202601072145;2026;1;7;21;45;46029.90625;0;0;0.05;Considerar;S/D;No Considerar;No;Considerar;0;0.036;0.08307;0;0;;-8.25707;;;;;;;;;;
202601072200;2026;1;7;22;0;46029.91667;0;0;0;Considerar;S/D;No Considerar;No;Considerar;0;0;0;0;0;;-8.21569;;;;;;;;;;
202601072215;2026;1;7;22;15;46029.92708;0;0;0.05;Considerar;S/D;No Considerar;No;Considerar;0;0.036;0.08307;0;0;;-8.18119;;;;;;;;;;
202601072230;2026;1;7;22;30;46029.9375;0;0;0.016666667;Considerar;S/D;No Considerar;No;Considerar;0;0.012;0.02769;0;0;;-7.90096;;;;;;;;;;
202601072245;2026;1;7;22;45;46029.94792;0;0;0.033333333;Considerar;S/D;No Considerar;No;Considerar;0;0.024;0.05538;0;0;;-7.83043;;;;;;;;;;
202601072300;2026;1;7;23;0;46029.95833;0;0;0;Considerar;S/D;No Considerar;No;Considerar;0;0;0;0;0;;-7.92098;;;;;;;;;;
202601072315;2026;1;7;23;15;46029.96875;0;0;0;Considerar;S/D;No Considerar;No;Considerar;0;0;0;0;0;;-7.92566;;;;;;;;;;
202601072330;2026;1;7;23;30;46029.97917;0;0;0;Considerar;S/D;No Considerar;No;Considerar;0;0;0;0;0;;-8.0523;;;;;;;;;;
202601072345;2026;1;7;23;45;46029.98958;0;0;0;Considerar;S/D;No Considerar;No;Considerar;0;0;0;0;0;;-8.09447;;;;;;;;;;
202601080000;2026;1;8;0;0;46030;0;0;0;Considerar;S/D;No Considerar;No;Considerar;0;0;0;0;0;;-8.09286;;;;;;;;;;
202601080015;2026;1;8;0;15;46030.01042;0;0;0;Considerar;S/D;No Considerar;No;Considerar;0;0;0;0;0;;-8.11327;;;;;;;;;;
202601080030;2026;1;8;0;30;46030.02083;0;0;0.016666667;Considerar;S/D;No Considerar;No;Considerar;0;0.012;0.02769;0;0;;-8.1122;;;;;;;;;;
202601080045;2026;1;8;0;45;46030.03125;0;0;0;Considerar;S/D;No Considerar;No;Considerar;0;0;0;0;0;;-8.09155;;;;;;;;;;
202601080100;2026;1;8;1;0;46030.04167;0;0;0;Considerar;S/D;No Considerar;No;Considerar;0;0;0;0;0;;-8.17921;;;;;;;;;;
202601080115;2026;1;8;1;15;46030.05208;0;0;0;Considerar;S/D;No Considerar;No;Considerar;0;0;0;0;0;;-8.19362;;;;;;;;;;
202601080130;2026;1;8;1;30;46030.0625;0;-0.066666667;0;Considerar;S/D;No Considerar;No;Considerar;0;-0.066666667;-0.153833333;0;0;;-8.2699;;;;;;;;;;
202601080145;2026;1;8;1;45;46030.07292;0;-0.1;0;Considerar;S/D;No Considerar;No;Considerar;0;-0.1;-0.23075;0;0;;-8.33021;;;;;;;;;;
202601080200;2026;1;8;2;0;46030.08333;0;-0.033333333;0;Considerar;S/D;No Considerar;No;Considerar;0;-0.033333333;-0.076916667;0;0;;-8.36983;;;;;;;;;;
202601080215;2026;1;8;2;15;46030.09375;0;0;0;Considerar;S/D;No Considerar;No;Considerar;0;0;0;0;0;;-8.40416;;;;;;;;;;
202601080230;2026;1;8;2;30;46030.10417;0;0;0;Considerar;S/D;No Considerar;No;Considerar;0;0;0;0;0;;-8.42187;;;;;;;;;;
202601080245;2026;1;8;2;45;46030.11458;0;0;0;Considerar;S/D;No Considerar;No;Considerar;0;0;0;0;0;;-8.42217;;;;;;;;;;
202601080300;2026;1;8;3;0;46030.125;0;0;0;Considerar;S/D;No Considerar;No;Considerar;0;0;0;0;0;;-8.42378;;;;;;;;;;
202601080315;2026;1;8;3;15;46030.13542;0;0;0;Considerar;S/D;No Considerar;No;Considerar;0;0;0;0;0;;-8.46105;;;;;;;;;;
202601080330;2026;1;8;3;30;46030.14583;0;0;0;Considerar;S/D;No Considerar;No;Considerar;0;0;0;0;0;;-8.41348;;;;;;;;;;
202601080345;2026;1;8;3;45;46030.15625;0;-0.066666667;0;Considerar;S/D;No Considerar;No;Considerar;0;-0.066666667;-0.153833333;0;0;;-8.40889;;;;;;;;;;
202601080400;2026;1;8;4;0;46030.16667;0;-0.2;-0.033333333;Considerar;S/D;No Considerar;No;Considerar;0;-0.224;-0.51688;0;0;;-8.45956;;;;;;;;;;
202601080415;2026;1;8;4;15;46030.17708;0;-0.166666667;0;Considerar;S/D;No Considerar;No;Considerar;0;-0.166666667;-0.384583333;0;0;;-8.39586;;;;;;;;;;
202601080430;2026;1;8;4;30;46030.1875;0;-0.066666667;0;Considerar;S/D;No Considerar;No;Considerar;0;-0.066666667;-0.153833333;0;0;;-8.48261;;;;;;;;;;
202601080445;2026;1;8;4;45;46030.19792;0;0;0;Considerar;S/D;No Considerar;No;Considerar;0;0;0;0;0;;-8.4537;;;;;;;;;;
202601080500;2026;1;8;5;0;46030.20833;0;0;0;Considerar;S/D;No Considerar;No;Considerar;0;0;0;0;0;;-8.4455;;;;;;;;;;
202601080515;2026;1;8;5;15;46030.21875;0;0;0;Considerar;S/D;No Considerar;No;Considerar;0;0;0;0;0;;-8.42269;;;;;;;;;;
202601080530;2026;1;8;5;30;46030.22917;0;0;0;Considerar;S/D;No Considerar;No;Considerar;0;0;0;0;0;;-8.4054;;;;;;;;;;
202601080545;2026;1;8;5;45;46030.23958;0;0;0;Considerar;S/D;No Considerar;No;Considerar;0;0;0;0;0;;-8.37971;;;;;;;;;;
202601080600;2026;1;8;6;0;46030.25;0;0;0;Considerar;S/D;No Considerar;No;Considerar;0;0;0;0;0;;-8.30442;;;;;;;;;;
202601080615;2026;1;8;6;15;46030.26042;0;0;0;Considerar;S/D;No Considerar;No;Considerar;0;0;0;0;0;;-8.1959;;;;;;;;;;
202601080630;2026;1;8;6;30;46030.27083;0;-0.1;-0.033333333;Considerar;S/D;No Considerar;No;Considerar;0;-0.124;-0.28613;0;0;;-8.16544;;;;;;;;;;
202601080645;2026;1;8;6;45;46030.28125;0;0.233333333;-0.016666667;Considerar;S/D;No Considerar;No;Considerar;0;0.221333333;0.510726667;0;0;;-8.05294;;;;;;;;;;
202601080700;2026;1;8;7;0;46030.29167;8.709071333;2.7;0.083333333;Considerar;Operando;No Considerar;No;Considerar;0;2.76;6.3687;0;0;;-2.23824;;;;;;;;;;
202601080715;2026;1;8;7;15;46030.30208;53.48174667;7.033333333;0.516666667;Considerar;Operando;No Considerar;No;Considerar;0;7.405333333;17.08780667;0;0;;40.80479;;;;;;;;;;
202601080730;2026;1;8;7;30;46030.3125;131.1528433;15.73333333;1.316666667;Considerar;Operando;No Considerar;No;Considerar;0;16.68133333;38.49217667;0;0;;183.70089;;;;;;;;;;
202601080745;2026;1;8;7;45;46030.32292;233.5242667;25.9;2.183333333;Considerar;Operando;No Considerar;No;Considerar;0;27.472;63.39164;0;0;;829.13997;;;;;;;;;;
202601080800;2026;1;8;8;0;46030.33333;443.5038333;42.53333333;3.866666667;Considerar;Operando;No Considerar;No;Considerar;0;45.31733333;104.5697467;0;0;;1559.58367;;;;;;;;;;
202601080815;2026;1;8;8;15;46030.34375;639.9508;60.96666667;5.816666667;Considerar;Operando;No Considerar;No;Considerar;0;65.15466667;150.3443933;0;0;;2372.24933;;;;;;;;;;
202601080830;2026;1;8;8;30;46030.35417;788.2537333;84.23333333;7.7;Considerar;Operando;No Considerar;No;Considerar;0;89.77733333;207.1611967;0;0;;3216.922;;;;;;;;;;
202601080845;2026;1;8;8;45;46030.36458;800.5314667;86.8;8.016666667;Considerar;Operando;No Considerar;No;Considerar;0;92.572;213.60989;0;0;;4028.63367;;;;;;;;;;
202601080900;2026;1;8;9;0;46030.375;880.4069667;92.66666667;8.5;Considerar;Operando;No Considerar;No;Considerar;0;98.78666667;227.9502333;0;0;;4791.47267;;;;;;;;;;
202601080915;2026;1;8;9;15;46030.38542;1054.353133;107;9.833333333;Considerar;Operando;Considerar;Si;Considerar;26.75;114.08;263.2396;1054.353133;263.2396;;5469.425;;;;;;;;;;
202601080930;2026;1;8;9;30;46030.39583;1296.241333;132.5666667;12.16666667;Considerar;Operando;Considerar;Si;Considerar;33.14166667;141.3266667;326.1112833;1296.241333;326.1112833;;5567.60433;;;;;;;;;;
202601080945;2026;1;8;9;45;46030.40625;1684.15;165.4666667;15.58333333;Considerar;Operando;Considerar;Si;Considerar;41.36666667;176.6866667;407.7044833;1684.15;407.7044833;;5649;;;;;;;;;;
202601081000;2026;1;8;10;0;46030.41667;2053.276333;202.9;19.63333333;Considerar;Operando;Considerar;Si;Considerar;50.725;217.036;500.81057;2053.276333;500.81057;;5699.716;;;;;;;;;;
202601081015;2026;1;8;10;15;46030.42708;2328.516;245.8;22.75;Considerar;Operando;Considerar;Si;Considerar;61.45;262.18;604.98035;2328.516;604.98035;;5688.43533;;;;;;;;;;
202601081030;2026;1;8;10;30;46030.4375;0;0;0;Considerar;S/D;No Considerar;No;Considerar;0;0;0;0;0;;5649.45067;;;;;;;;;;
202601081045;2026;1;8;10;45;46030.44792;0;0;0;Considerar;S/D;No Considerar;No;Considerar;0;0;0;0;0;;5613.80233;;;;;;;;;;
202601081100;2026;1;8;11;0;46030.45833;0;0;0;Considerar;S/D;No Considerar;No;Considerar;0;0;0;0;0;;5571.33667;;;;;;;;;;
202601081115;2026;1;8;11;15;46030.46875;0;0;0;Considerar;S/D;No Considerar;No;Considerar;0;0;0;0;0;;5531.60033;;;;;;;;;;
202601081130;2026;1;8;11;30;46030.47917;0;0;0;Considerar;S/D;No Considerar;No;Considerar;0;0;0;0;0;;5510.14067;;;;;;;;;;
202601081145;2026;1;8;11;45;46030.48958;0;0;0;Considerar;S/D;No Considerar;No;Considerar;0;0;0;0;0;;5503.05167;;;;;;;;;;
202601081200;2026;1;8;12;0;46030.5;0;0;0;Considerar;S/D;No Considerar;No;Considerar;0;0;0;0;0;;5485.514;;;;;;;;;;
202601081215;2026;1;8;12;15;46030.51042;0;0;0;Considerar;S/D;No Considerar;No;Considerar;0;0;0;0;0;;5483.05333;;;;;;;;;;
202601081230;2026;1;8;12;30;46030.52083;0;0;0;Considerar;S/D;No Considerar;No;Considerar;0;0;0;0;0;;5485.98567;;;;;;;;;;
202601081245;2026;1;8;12;45;46030.53125;0;0;0;Considerar;S/D;No Considerar;No;Considerar;0;0;0;0;0;;5430.11467;;;;;;;;;;
202601081300;2026;1;8;13;0;46030.54167;0;0;0;Considerar;S/D;No Considerar;No;Considerar;0;0;0;0;0;;5481.382;;;;;;;;;;
202601081315;2026;1;8;13;15;46030.55208;0;0;0;Considerar;S/D;No Considerar;No;Considerar;0;0;0;0;0;;5494.23133;;;;;;;;;;
202601081330;2026;1;8;13;30;46030.5625;0;0;0;Considerar;S/D;No Considerar;No;Considerar;0;0;0;0;0;;5510.723;;;;;;;;;;
202601081345;2026;1;8;13;45;46030.57292;0;0;0;Considerar;S/D;No Considerar;No;Considerar;0;0;0;0;0;;5489.135;;;;;;;;;;
202601081400;2026;1;8;14;0;46030.58333;0;0;0;Considerar;S/D;No Considerar;No;Considerar;0;0;0;0;0;;5495.633;;;;;;;;;;
202601081415;2026;1;8;14;15;46030.59375;0;0;0;Considerar;S/D;No Considerar;No;Considerar;0;0;0;0;0;;5555.35033;;;;;;;;;;
202601081430;2026;1;8;14;30;46030.60417;0;0;0;Considerar;S/D;No Considerar;No;Considerar;0;0;0;0;0;;5599.11833;;;;;;;;;;
202601081445;2026;1;8;14;45;46030.61458;0;0;0;Considerar;S/D;No Considerar;No;Considerar;0;0;0;0;0;;5609.83633;;;;;;;;;;
202601081500;2026;1;8;15;0;46030.625;0;0;0;Considerar;S/D;No Considerar;No;Considerar;0;0;0;0;0;;5547.489;;;;;;;;;;
202601081515;2026;1;8;15;15;46030.63542;0;0;0;Considerar;S/D;No Considerar;No;Considerar;0;0;0;0;0;;5400.36367;;;;;;;;;;
202601081530;2026;1;8;15;30;46030.64583;0;0;0;Considerar;S/D;No Considerar;No;Considerar;0;0;0;0;0;;5469.315;;;;;;;;;;
202601081545;2026;1;8;15;45;46030.65625;0;0;0;Considerar;S/D;No Considerar;No;Considerar;0;0;0;0;0;;5385.88233;;;;;;;;;;
202601081600;2026;1;8;16;0;46030.66667;0;0;0;Considerar;S/D;No Considerar;No;Considerar;0;0;0;0;0;;5276.99933;;;;;;;;;;
202601081615;2026;1;8;16;15;46030.67708;0;0;0;Considerar;S/D;No Considerar;No;Considerar;0;0;0;0;0;;5098.65033;;;;;;;;;;
202601081630;2026;1;8;16;30;46030.6875;0;0;0;Considerar;S/D;No Considerar;No;Considerar;0;0;0;0;0;;4755.01;;;;;;;;;;
202601081645;2026;1;8;16;45;46030.69792;0;0;0;Considerar;S/D;No Considerar;No;Considerar;0;0;0;0;0;;3377.67333;;;;;;;;;;
202601081700;2026;1;8;17;0;46030.70833;0;0;0;Considerar;S/D;No Considerar;No;Considerar;0;0;0;0;0;;2818.18867;;;;;;;;;;
202601081715;2026;1;8;17;15;46030.71875;0;0;0;Considerar;S/D;No Considerar;No;Considerar;0;0;0;0;0;;2194.60267;;;;;;;;;;
202601081730;2026;1;8;17;30;46030.72917;0;0;0;Considerar;S/D;No Considerar;No;Considerar;0;0;0;0;0;;1553.65467;;;;;;;;;;
202601081745;2026;1;8;17;45;46030.73958;0;0;0;Considerar;S/D;No Considerar;No;Considerar;0;0;0;0;0;;967.22447;;;;;;;;;;
202601081800;2026;1;8;18;0;46030.75;0;0;0;Considerar;S/D;No Considerar;No;Considerar;0;0;0;0;0;;472.9421;;;;;;;;;;
202601081815;2026;1;8;18;15;46030.76042;0;0;0;Considerar;S/D;No Considerar;No;Considerar;0;0;0;0;0;;73.52533;;;;;;;;;;
202601081830;2026;1;8;18;30;46030.77083;0;0;0;Considerar;S/D;No Considerar;No;Considerar;0;0;0;0;0;;19.5104;;;;;;;;;;
202601081845;2026;1;8;18;45;46030.78125;0;0;0;Considerar;S/D;No Considerar;No;Considerar;0;0;0;0;0;;-11.51135;;;;;;;;;;
202601081900;2026;1;8;19;0;46030.79167;0;0;0;Considerar;S/D;No Considerar;No;Considerar;0;0;0;0;0;;-8.41603;;;;;;;;;;
202601081915;2026;1;8;19;15;46030.80208;0;0;0;Considerar;S/D;No Considerar;No;Considerar;0;0;0;0;0;;-8.22843;;;;;;;;;;
202601081930;2026;1;8;19;30;46030.8125;0;0;0;Considerar;S/D;No Considerar;No;Considerar;0;0;0;0;0;;-8.60282;;;;;;;;;;
202601081945;2026;1;8;19;45;46030.82292;0;0;0;Considerar;S/D;No Considerar;No;Considerar;0;0;0;0;0;;-8.26725;;;;;;;;;;
202601082000;2026;1;8;20;0;46030.83333;0;0;0;Considerar;S/D;No Considerar;No;Considerar;0;0;0;0;0;;-8.4873;;;;;;;;;;
202601082015;2026;1;8;20;15;46030.84375;0;0;0;Considerar;S/D;No Considerar;No;Considerar;0;0;0;0;0;;-8.34898;;;;;;;;;;
202601082030;2026;1;8;20;30;46030.85417;0;0;0;Considerar;S/D;No Considerar;No;Considerar;0;0;0;0;0;;-8.31825;;;;;;;;;;
202601082045;2026;1;8;20;45;46030.86458;0;0;0;Considerar;S/D;No Considerar;No;Considerar;0;0;0;0;0;;-8.35505;;;;;;;;;;
202601082100;2026;1;8;21;0;46030.875;0;0;0;Considerar;S/D;No Considerar;No;Considerar;0;0;0;0;0;;-8.55554;;;;;;;;;;
202601082115;2026;1;8;21;15;46030.88542;0;0;0;Considerar;S/D;No Considerar;No;Considerar;0;0;0;0;0;;-8.38208;;;;;;;;;;
202601082130;2026;1;8;21;30;46030.89583;0;0;0;Considerar;S/D;No Considerar;No;Considerar;0;0;0;0;0;;-8.43802;;;;;;;;;;
202601082145;2026;1;8;21;45;46030.90625;0;0;0;Considerar;S/D;No Considerar;No;Considerar;0;0;0;0;0;;-8.46728;;;;;;;;;;
202601082200;2026;1;8;22;0;46030.91667;0;0;0;Considerar;S/D;No Considerar;No;Considerar;0;0;0;0;0;;-8.52619;;;;;;;;;;
202601082215;2026;1;8;22;15;46030.92708;0;0;0;Considerar;S/D;No Considerar;No;Considerar;0;0;0;0;0;;-8.45775;;;;;;;;;;
202601082230;2026;1;8;22;30;46030.9375;0;0;0;Considerar;S/D;No Considerar;No;Considerar;0;0;0;0;0;;-8.12932;;;;;;;;;;
202601082245;2026;1;8;22;45;46030.94792;0;0;0;Considerar;S/D;No Considerar;No;Considerar;0;0;0;0;0;;-7.85098;;;;;;;;;;
202601082300;2026;1;8;23;0;46030.95833;0;0;0;Considerar;S/D;No Considerar;No;Considerar;0;0;0;0;0;;-7.97387;;;;;;;;;;
202601082315;2026;1;8;23;15;46030.96875;0;0;0;Considerar;S/D;No Considerar;No;Considerar;0;0;0;0;0;;-7.93709;;;;;;;;;;
202601082330;2026;1;8;23;30;46030.97917;0;0;0;Considerar;S/D;No Considerar;No;Considerar;0;0;0;0;0;;-8.068;;;;;;;;;;
202601082345;2026;1;8;23;45;46030.98958;0;0;0;Considerar;S/D;No Considerar;No;Considerar;0;0;0;0;0;;-8.06336;;;;;;;;;;
202601090000;2026;1;9;0;0;46031;0;0;0;Considerar;S/D;No Considerar;No;Considerar;0;0;0;0;0;;-8.03266;;;;;;;;;;
202601090015;2026;1;9;0;15;46031.01042;0;0;0;Considerar;S/D;No Considerar;No;Considerar;0;0;0;0;0;;-8.13295;;;;;;;;;;
202601090030;2026;1;9;0;30;46031.02083;0;0;0;Considerar;S/D;No Considerar;No;Considerar;0;0;0;0;0;;-8.19021;;;;;;;;;;
202601090045;2026;1;9;0;45;46031.03125;0;0;0;Considerar;S/D;No Considerar;No;Considerar;0;0;0;0;0;;-8.13902;;;;;;;;;;
202601090100;2026;1;9;1;0;46031.04167;0;0;0;Considerar;S/D;No Considerar;No;Considerar;0;0;0;0;0;;-8.16496;;;;;;;;;;
202601090115;2026;1;9;1;15;46031.05208;0;0;0;Considerar;S/D;No Considerar;No;Considerar;0;0;0;0;0;;-8.1839;;;;;;;;;;
202601090130;2026;1;9;1;30;46031.0625;0;0;0;Considerar;S/D;No Considerar;No;Considerar;0;0;0;0;0;;-8.21524;;;;;;;;;;
202601090145;2026;1;9;1;45;46031.07292;0;0;0;Considerar;S/D;No Considerar;No;Considerar;0;0;0;0;0;;-8.21703;;;;;;;;;;
202601090200;2026;1;9;2;0;46031.08333;0;0;0;Considerar;S/D;No Considerar;No;Considerar;0;0;0;0;0;;-8.25187;;;;;;;;;;
202601090215;2026;1;9;2;15;46031.09375;0;0;0;Considerar;S/D;No Considerar;No;Considerar;0;0;0;0;0;;-8.3618;;;;;;;;;;
202601090230;2026;1;9;2;30;46031.10417;0;0;0;Considerar;S/D;No Considerar;No;Considerar;0;0;0;0;0;;-8.36982;;;;;;;;;;
202601090245;2026;1;9;2;45;46031.11458;0;0;0;Considerar;S/D;No Considerar;No;Considerar;0;0;0;0;0;;-8.34721;;;;;;;;;;
202601090300;2026;1;9;3;0;46031.125;0;0;0;Considerar;S/D;No Considerar;No;Considerar;0;0;0;0;0;;-8.15238;;;;;;;;;;
202601090315;2026;1;9;3;15;46031.13542;0;0;0;Considerar;S/D;No Considerar;No;Considerar;0;0;0;0;0;;-8.12563;;;;;;;;;;
202601090330;2026;1;9;3;30;46031.14583;0;0;0;Considerar;S/D;No Considerar;No;Considerar;0;0;0;0;0;;-8.16817;;;;;;;;;;
202601090345;2026;1;9;3;45;46031.15625;0;0;0;Considerar;S/D;No Considerar;No;Considerar;0;0;0;0;0;;-8.17352;;;;;;;;;;
202601090400;2026;1;9;4;0;46031.16667;0;0;0;Considerar;S/D;No Considerar;No;Considerar;0;0;0;0;0;;-8.13718;;;;;;;;;;
202601090415;2026;1;9;4;15;46031.17708;0;0;0;Considerar;S/D;No Considerar;No;Considerar;0;0;0;0;0;;-8.11816;;;;;;;;;;
202601090430;2026;1;9;4;30;46031.1875;0;0;0;Considerar;S/D;No Considerar;No;Considerar;0;0;0;0;0;;-8.16188;;;;;;;;;;
202601090445;2026;1;9;4;45;46031.19792;0;0;0;Considerar;S/D;No Considerar;No;Considerar;0;0;0;0;0;;-8.10823;;;;;;;;;;
202601090500;2026;1;9;5;0;46031.20833;0;0;0;Considerar;S/D;No Considerar;No;Considerar;0;0;0;0;0;;-8.11132;;;;;;;;;;
202601090515;2026;1;9;5;15;46031.21875;0;0;0;Considerar;S/D;No Considerar;No;Considerar;0;0;0;0;0;;-8.1157;;;;;;;;;;
202601090530;2026;1;9;5;30;46031.22917;0;0;0;Considerar;S/D;No Considerar;No;Considerar;0;0;0;0;0;;-8.08097;;;;;;;;;;
202601090545;2026;1;9;5;45;46031.23958;0;0;0;Considerar;S/D;No Considerar;No;Considerar;0;0;0;0;0;;-7.98281;;;;;;;;;;
202601090600;2026;1;9;6;0;46031.25;0;0;0;Considerar;S/D;No Considerar;No;Considerar;0;0;0;0;0;;-7.91834;;;;;;;;;;
202601090615;2026;1;9;6;15;46031.26042;0;0;0;Considerar;S/D;No Considerar;No;Considerar;0;0;0;0;0;;-7.8452;;;;;;;;;;
202601090630;2026;1;9;6;30;46031.27083;0;0;0;Considerar;S/D;No Considerar;No;Considerar;0;0;0;0;0;;-7.97047;;;;;;;;;;
202601090645;2026;1;9;6;45;46031.28125;0;0;0;Considerar;S/D;No Considerar;No;Considerar;0;0;0;0;0;;-7.97122;;;;;;;;;;
202601090700;2026;1;9;7;0;46031.29167;0;0;0;Considerar;S/D;No Considerar;No;Considerar;0;0;0;0;0;;-7.97383;;;;;;;;;;
202601090715;2026;1;9;7;15;46031.30208;0;0;0;Considerar;S/D;No Considerar;No;Considerar;0;0;0;0;0;;-5.56248;;;;;;;;;;
202601090730;2026;1;9;7;30;46031.3125;0;0;0;Considerar;S/D;No Considerar;No;Considerar;0;0;0;0;0;;18.77601;;;;;;;;;;
202601090745;2026;1;9;7;45;46031.32292;0;0;0;Considerar;S/D;No Considerar;No;Considerar;0;0;0;0;0;;62.19271;;;;;;;;;;
202601090800;2026;1;9;8;0;46031.33333;0;0;0;Considerar;S/D;No Considerar;No;Considerar;0;0;0;0;0;;114.19052;;;;;;;;;;
202601090815;2026;1;9;8;15;46031.34375;0;0;0;Considerar;S/D;No Considerar;No;Considerar;0;0;0;0;0;;167.81863;;;;;;;;;;
202601090830;2026;1;9;8;30;46031.35417;0;0;0;Considerar;S/D;No Considerar;No;Considerar;0;0;0;0;0;;294.14873;;;;;;;;;;
202601090845;2026;1;9;8;45;46031.36458;0;0;0;Considerar;S/D;No Considerar;No;Considerar;0;0;0;0;0;;335.22217;;;;;;;;;;
202601090900;2026;1;9;9;0;46031.375;0;0;0;Considerar;S/D;No Considerar;No;Considerar;0;0;0;0;0;;366.452;;;;;;;;;;
202601090915;2026;1;9;9;15;46031.38542;0;0;0;Considerar;S/D;No Considerar;No;Considerar;0;0;0;0;0;;479.05993;;;;;;;;;;
202601090930;2026;1;9;9;30;46031.39583;0;0;0;Considerar;S/D;No Considerar;No;Considerar;0;0;0;0;0;;585.15607;;;;;;;;;;
202601090945;2026;1;9;9;45;46031.40625;0;0;0;Considerar;S/D;No Considerar;No;Considerar;0;0;0;0;0;;649.04123;;;;;;;;;;
202601091000;2026;1;9;10;0;46031.41667;0;0;0;Considerar;S/D;No Considerar;No;Considerar;0;0;0;0;0;;799.83597;;;;;;;;;;
202601091015;2026;1;9;10;15;46031.42708;0;0;0;Considerar;S/D;No Considerar;No;Considerar;0;0;0;0;0;;1040.80773;;;;;;;;;;
202601091030;2026;1;9;10;30;46031.4375;0;0;0;Considerar;S/D;No Considerar;No;Considerar;0;0;0;0;0;;1278.97367;;;;;;;;;;
202601091045;2026;1;9;10;45;46031.44792;0;0;0;Considerar;S/D;No Considerar;No;Considerar;0;0;0;0;0;;1507.992;;;;;;;;;;
202601091100;2026;1;9;11;0;46031.45833;0;0;0;Considerar;S/D;No Considerar;No;Considerar;0;0;0;0;0;;1741.008;;;;;;;;;;
202601091115;2026;1;9;11;15;46031.46875;0;0;0;Considerar;S/D;No Considerar;No;Considerar;0;0;0;0;0;;2800.04133;;;;;;;;;;
202601091130;2026;1;9;11;30;46031.47917;0;0;0;Considerar;S/D;No Considerar;No;Considerar;0;0;0;0;0;;2846.482;;;;;;;;;;
202601091145;2026;1;9;11;45;46031.48958;0;0;0;Considerar;S/D;No Considerar;No;Considerar;0;0;0;0;0;;2606.77633;;;;;;;;;;
202601091200;2026;1;9;12;0;46031.5;0;0;0;Considerar;S/D;No Considerar;No;Considerar;0;0;0;0;0;;3087.86833;;;;;;;;;;
202601091215;2026;1;9;12;15;46031.51042;0;0;0;Considerar;S/D;No Considerar;No;Considerar;0;0;0;0;0;;3194.246;;;;;;;;;;
202601091230;2026;1;9;12;30;46031.52083;0;0;0;Considerar;S/D;No Considerar;No;Considerar;0;0;0;0;0;;4011.33567;;;;;;;;;;
202601091245;2026;1;9;12;45;46031.53125;0;0;0;Considerar;S/D;No Considerar;No;Considerar;0;0;0;0;0;;4102.79967;;;;;;;;;;
202601091300;2026;1;9;13;0;46031.54167;0;0;0;Considerar;S/D;No Considerar;No;Considerar;0;0;0;0;0;;3367.29567;;;;;;;;;;
202601091315;2026;1;9;13;15;46031.55208;0;0;0;Considerar;S/D;No Considerar;No;Considerar;0;0;0;0;0;;4646.888;;;;;;;;;;
202601091330;2026;1;9;13;30;46031.5625;0;0;0;Considerar;S/D;No Considerar;No;Considerar;0;0;0;0;0;;5170.848;;;;;;;;;;
202601091345;2026;1;9;13;45;46031.57292;0;0;0;Considerar;S/D;No Considerar;No;Considerar;0;0;0;0;0;;4939.95933;;;;;;;;;;
202601091400;2026;1;9;14;0;46031.58333;0;0;0;Considerar;S/D;No Considerar;No;Considerar;0;0;0;0;0;;4738.68533;;;;;;;;;;
202601091415;2026;1;9;14;15;46031.59375;0;0;0;Considerar;S/D;No Considerar;No;Considerar;0;0;0;0;0;;4946.864;;;;;;;;;;
202601091430;2026;1;9;14;30;46031.60417;0;0;0;Considerar;S/D;No Considerar;No;Considerar;0;0;0;0;0;;4232.35767;;;;;;;;;;
202601091445;2026;1;9;14;45;46031.61458;0;0;0;Considerar;S/D;No Considerar;No;Considerar;0;0;0;0;0;;5085.46133;;;;;;;;;;
202601091500;2026;1;9;15;0;46031.625;0;0;0;Considerar;S/D;No Considerar;No;Considerar;0;0;0;0;0;;4574.234;;;;;;;;;;
202601091515;2026;1;9;15;15;46031.63542;0;0;0;Considerar;S/D;No Considerar;No;Considerar;0;0;0;0;0;;4548.84267;;;;;;;;;;
202601091530;2026;1;9;15;30;46031.64583;0;0;0;Considerar;S/D;No Considerar;No;Considerar;0;0;0;0;0;;4618.30833;;;;;;;;;;
202601091545;2026;1;9;15;45;46031.65625;0;0;0;Considerar;S/D;No Considerar;No;Considerar;0;0;0;0;0;;3778.238;;;;;;;;;;
202601091600;2026;1;9;16;0;46031.66667;0;0;0;Considerar;S/D;No Considerar;No;Considerar;0;0;0;0;0;;4118.367;;;;;;;;;;
202601091615;2026;1;9;16;15;46031.67708;0;0;0;Considerar;S/D;No Considerar;No;Considerar;0;0;0;0;0;;3419.99767;;;;;;;;;;
202601091630;2026;1;9;16;30;46031.6875;0;0;0;Considerar;S/D;No Considerar;No;Considerar;0;0;0;0;0;;2986.97967;;;;;;;;;;
202601091645;2026;1;9;16;45;46031.69792;0;0;0;Considerar;S/D;No Considerar;No;Considerar;0;0;0;0;0;;2836.46933;;;;;;;;;;
202601091700;2026;1;9;17;0;46031.70833;0;0;0;Considerar;S/D;No Considerar;No;Considerar;0;0;0;0;0;;2414.85567;;;;;;;;;;
202601091715;2026;1;9;17;15;46031.71875;0;0;0;Considerar;S/D;No Considerar;No;Considerar;0;0;0;0;0;;1512.56567;;;;;;;;;;
202601091730;2026;1;9;17;30;46031.72917;0;0;0;Considerar;S/D;No Considerar;No;Considerar;0;0;0;0;0;;999.6886;;;;;;;;;;
202601091745;2026;1;9;17;45;46031.73958;0;0;0;Considerar;S/D;No Considerar;No;Considerar;0;0;0;0;0;;813.25647;;;;;;;;;;
202601091800;2026;1;9;18;0;46031.75;0;0;0;Considerar;S/D;No Considerar;No;Considerar;0;0;0;0;0;;331.96017;;;;;;;;;;
202601091815;2026;1;9;18;15;46031.76042;0;0;0;Considerar;S/D;No Considerar;No;Considerar;0;0;0;0;0;;112.9028;;;;;;;;;;
202601091830;2026;1;9;18;30;46031.77083;0;0;0;Considerar;S/D;No Considerar;No;Considerar;0;0;0;0;0;;16.86772;;;;;;;;;;
202601091845;2026;1;9;18;45;46031.78125;0;0;0;Considerar;S/D;No Considerar;No;Considerar;0;0;0;0;0;;-12.49851;;;;;;;;;;
202601091900;2026;1;9;19;0;46031.79167;0;0;0;Considerar;S/D;No Considerar;No;Considerar;0;0;0;0;0;;-8.10623;;;;;;;;;;
202601091915;2026;1;9;19;15;46031.80208;0;0;0;Considerar;S/D;No Considerar;No;Considerar;0;0;0;0;0;;-8.12229;;;;;;;;;;
202601091930;2026;1;9;19;30;46031.8125;0;0;0;Considerar;S/D;No Considerar;No;Considerar;0;0;0;0;0;;-8.04831;;;;;;;;;;
202601091945;2026;1;9;19;45;46031.82292;0;0;0;Considerar;S/D;No Considerar;No;Considerar;0;0;0;0;0;;-8.10531;;;;;;;;;;
202601092000;2026;1;9;20;0;46031.83333;0;0;0;Considerar;S/D;No Considerar;No;Considerar;0;0;0;0;0;;-8.45267;;;;;;;;;;
202601092015;2026;1;9;20;15;46031.84375;0;0;0;Considerar;S/D;No Considerar;No;Considerar;0;0;0;0;0;;-8.17265;;;;;;;;;;
202601092030;2026;1;9;20;30;46031.85417;0;0;0;Considerar;S/D;No Considerar;No;Considerar;0;0;0;0;0;;-8.1789;;;;;;;;;;
202601092045;2026;1;9;20;45;46031.86458;0;0;0;Considerar;S/D;No Considerar;No;Considerar;0;0;0;0;0;;-8.1839;;;;;;;;;;
202601092100;2026;1;9;21;0;46031.875;0;0;0;Considerar;S/D;No Considerar;No;Considerar;0;0;0;0;0;;-8.22176;;;;;;;;;;
202601092115;2026;1;9;21;15;46031.88542;0;0;0;Considerar;S/D;No Considerar;No;Considerar;0;0;0;0;0;;-8.25277;;;;;;;;;;
202601092130;2026;1;9;21;30;46031.89583;0;0;0;Considerar;S/D;No Considerar;No;Considerar;0;0;0;0;0;;-8.29373;;;;;;;;;;
202601092145;2026;1;9;21;45;46031.90625;0;0;0;Considerar;S/D;No Considerar;No;Considerar;0;0;0;0;0;;-8.1775;;;;;;;;;;
202601092200;2026;1;9;22;0;46031.91667;0;0;0;Considerar;S/D;No Considerar;No;Considerar;0;0;0;0;0;;-8.31274;;;;;;;;;;
202601092215;2026;1;9;22;15;46031.92708;0;0;0;Considerar;S/D;No Considerar;No;Considerar;0;0;0;0;0;;-8.08383;;;;;;;;;;
202601092230;2026;1;9;22;30;46031.9375;0;0;0;Considerar;S/D;No Considerar;No;Considerar;0;0;0;0;0;;-7.82691;;;;;;;;;;
202601092245;2026;1;9;22;45;46031.94792;0;0;0;Considerar;S/D;No Considerar;No;Considerar;0;0;0;0;0;;-7.82374;;;;;;;;;;
202601092300;2026;1;9;23;0;46031.95833;0;0;0;Considerar;S/D;No Considerar;No;Considerar;0;0;0;0;0;;-7.83178;;;;;;;;;;
202601092315;2026;1;9;23;15;46031.96875;0;0;0;Considerar;S/D;No Considerar;No;Considerar;0;0;0;0;0;;-7.93823;;;;;;;;;;
202601092330;2026;1;9;23;30;46031.97917;0;0;0;Considerar;S/D;No Considerar;No;Considerar;0;0;0;0;0;;-8.06288;;;;;;;;;;
202601092345;2026;1;9;23;45;46031.98958;0;0;0;Considerar;S/D;No Considerar;No;Considerar;0;0;0;0;0;;-7.96771;;;;;;;;;;
202601100000;2026;1;10;0;0;46032;0;0;0;Considerar;S/D;No Considerar;No;Considerar;0;0;0;0;0;;-7.92736;;;;;;;;;;
202601100015;2026;1;10;0;15;46032.01042;0;0;0;Considerar;S/D;No Considerar;No;Considerar;0;0;0;0;0;;-7.9633;;;;;;;;;;
202601100030;2026;1;10;0;30;46032.02083;0;0;0;Considerar;S/D;No Considerar;No;Considerar;0;0;0;0;0;;-7.98485;;;;;;;;;;
202601100045;2026;1;10;0;45;46032.03125;0;0;0;Considerar;S/D;No Considerar;No;Considerar;0;0;0;0;0;;-7.98754;;;;;;;;;;
202601100100;2026;1;10;1;0;46032.04167;0;0;0;Considerar;S/D;No Considerar;No;Considerar;0;0;0;0;0;;-7.97238;;;;;;;;;;
202601100115;2026;1;10;1;15;46032.05208;0;0;0;Considerar;S/D;No Considerar;No;Considerar;0;0;0;0;0;;-8.01764;;;;;;;;;;
202601100130;2026;1;10;1;30;46032.0625;0;0;0;Considerar;S/D;No Considerar;No;Considerar;0;0;0;0;0;;-8.04084;;;;;;;;;;
202601100145;2026;1;10;1;45;46032.07292;0;0;0;Considerar;S/D;No Considerar;No;Considerar;0;0;0;0;0;;-8.05557;;;;;;;;;;
202601100200;2026;1;10;2;0;46032.08333;0;0;0;no considerar;S/D;No Considerar;No;Considerar;0;0;0;0;0;;-8.08198;;;;;;;;;;
202601100215;2026;1;10;2;15;46032.09375;0;0;0;Considerar;S/D;No Considerar;No;Considerar;0;0;0;0;0;;-8.05055;;;;;;;;;;
202601100230;2026;1;10;2;30;46032.10417;0;0;0;Considerar;S/D;No Considerar;No;Considerar;0;0;0;0;0;;-8.23219;;;;;;;;;;
202601100245;2026;1;10;2;45;46032.11458;0;0;0;Considerar;S/D;No Considerar;No;Considerar;0;0;0;0;0;;-8.0966;;;;;;;;;;
202601100300;2026;1;10;3;0;46032.125;0;0;0;Considerar;S/D;No Considerar;No;Considerar;0;0;0;0;0;;-8.08012;;;;;;;;;;
202601100315;2026;1;10;3;15;46032.13542;0;0;0;Considerar;S/D;No Considerar;No;Considerar;0;0;0;0;0;;-8.0652;;;;;;;;;;
202601100330;2026;1;10;3;30;46032.14583;0;0;0;Considerar;S/D;No Considerar;No;Considerar;0;0;0;0;0;;-8.10574;;;;;;;;;;
202601100345;2026;1;10;3;45;46032.15625;0;0;0;Considerar;S/D;No Considerar;No;Considerar;0;0;0;0;0;;-8.03785;;;;;;;;;;
202601100400;2026;1;10;4;0;46032.16667;0;0;0;Considerar;S/D;No Considerar;No;Considerar;0;0;0;0;0;;-8.02673;;;;;;;;;;
202601100415;2026;1;10;4;15;46032.17708;0;0;0;Considerar;S/D;No Considerar;No;Considerar;0;0;0;0;0;;-8.05812;;;;;;;;;;
202601100430;2026;1;10;4;30;46032.1875;0;0;0;Considerar;S/D;No Considerar;No;Considerar;0;0;0;0;0;;-8.01864;;;;;;;;;;
202601100445;2026;1;10;4;45;46032.19792;0;0;0;Considerar;S/D;No Considerar;No;Considerar;0;0;0;0;0;;-8.16307;;;;;;;;;;
202601100500;2026;1;10;5;0;46032.20833;0;0;0;Considerar;S/D;No Considerar;No;Considerar;0;0;0;0;0;;-8.0006;;;;;;;;;;
202601100515;2026;1;10;5;15;46032.21875;0;0;0;Considerar;S/D;No Considerar;No;Considerar;0;0;0;0;0;;-7.97479;;;;;;;;;;
202601100530;2026;1;10;5;30;46032.22917;0;0;0;Considerar;S/D;No Considerar;No;Considerar;0;0;0;0;0;;-7.97855;;;;;;;;;;
202601100545;2026;1;10;5;45;46032.23958;0;0;0;Considerar;S/D;No Considerar;No;Considerar;0;0;0;0;0;;-7.96406;;;;;;;;;;
202601100600;2026;1;10;6;0;46032.25;0;0;0;Considerar;S/D;No Considerar;No;Considerar;0;0;0;0;0;;-7.89699;;;;;;;;;;
202601100615;2026;1;10;6;15;46032.26042;0;0;0;Considerar;S/D;No Considerar;No;Considerar;0;0;0;0;0;;-7.91417;;;;;;;;;;
202601100630;2026;1;10;6;30;46032.27083;0;0;0;Considerar;S/D;No Considerar;No;Considerar;0;0;0;0;0;;-8.01113;;;;;;;;;;
202601100645;2026;1;10;6;45;46032.28125;0;0;0;Considerar;S/D;No Considerar;No;Considerar;0;0;0;0;0;;-7.98337;;;;;;;;;;
202601100700;2026;1;10;7;0;46032.29167;0;0;0;Considerar;S/D;No Considerar;No;Considerar;0;0;0;0;0;;-7.92687;;;;;;;;;;
202601100715;2026;1;10;7;15;46032.30208;0;0;0;Considerar;S/D;No Considerar;No;Considerar;0;0;0;0;0;;3.09284;;;;;;;;;;
202601100730;2026;1;10;7;30;46032.3125;0;0;0;Considerar;S/D;No Considerar;No;Considerar;0;0;0;0;0;;55.2361;;;;;;;;;;
202601100745;2026;1;10;7;45;46032.32292;0;0;0;Considerar;S/D;No Considerar;No;Considerar;0;0;0;0;0;;140.61133;;;;;;;;;;
202601100800;2026;1;10;8;0;46032.33333;0;0;0;Considerar;S/D;No Considerar;No;Considerar;0;0;0;0;0;;262.63093;;;;;;;;;;
202601100815;2026;1;10;8;15;46032.34375;0;0;0;Considerar;S/D;No Considerar;No;Considerar;0;0;0;0;0;;514.17023;;;;;;;;;;
202601100830;2026;1;10;8;30;46032.35417;0;0;0;Considerar;S/D;No Considerar;No;Considerar;0;0;0;0;0;;1008.7885;;;;;;;;;;
202601100845;2026;1;10;8;45;46032.36458;0;0;0;Considerar;S/D;No Considerar;No;Considerar;0;0;0;0;0;;1481.65233;;;;;;;;;;
202601100900;2026;1;10;9;0;46032.375;0;0;0;Considerar;S/D;No Considerar;No;Considerar;0;0;0;0;0;;1456.87967;;;;;;;;;;
202601100915;2026;1;10;9;15;46032.38542;0;0;0;Considerar;S/D;No Considerar;No;Considerar;0;0;0;0;0;;3011.738;;;;;;;;;;
202601100930;2026;1;10;9;30;46032.39583;0;0;0;Considerar;S/D;No Considerar;No;Considerar;0;0;0;0;0;;4763.279;;;;;;;;;;
202601100945;2026;1;10;9;45;46032.40625;0;0;0;Considerar;S/D;No Considerar;No;Considerar;0;0;0;0;0;;3565.20767;;;;;;;;;;
202601101000;2026;1;10;10;0;46032.41667;0;0;0;Considerar;S/D;No Considerar;No;Considerar;0;0;0;0;0;;4095.88933;;;;;;;;;;
202601101015;2026;1;10;10;15;46032.42708;0;0;0;Considerar;S/D;No Considerar;No;Considerar;0;0;0;0;0;;2738.23167;;;;;;;;;;
202601101030;2026;1;10;10;30;46032.4375;0;0;0;Considerar;S/D;No Considerar;No;Considerar;0;0;0;0;0;;2807.842;;;;;;;;;;
202601101045;2026;1;10;10;45;46032.44792;0;0;0;Considerar;S/D;No Considerar;No;Considerar;0;0;0;0;0;;4676.98833;;;;;;;;;;
202601101100;2026;1;10;11;0;46032.45833;0;0;0;Considerar;S/D;No Considerar;No;Considerar;0;0;0;0;0;;4937.51233;;;;;;;;;;
202601101115;2026;1;10;11;15;46032.46875;0;0;0;Considerar;S/D;No Considerar;No;Considerar;0;0;0;0;0;;5968.88667;;;;;;;;;;
202601101130;2026;1;10;11;30;46032.47917;0;0;0;Considerar;S/D;No Considerar;No;Considerar;0;0;0;0;0;;4788.23867;;;;;;;;;;
202601101145;2026;1;10;11;45;46032.48958;0;0;0;Considerar;S/D;No Considerar;No;Considerar;0;0;0;0;0;;2310.544;;;;;;;;;;
202601101200;2026;1;10;12;0;46032.5;0;0;0;Considerar;S/D;No Considerar;No;Considerar;0;0;0;0;0;;2358.93467;;;;;;;;;;
202601101215;2026;1;10;12;15;46032.51042;0;0;0;Considerar;S/D;No Considerar;No;Considerar;0;0;0;0;0;;2675.20967;;;;;;;;;;
202601101230;2026;1;10;12;30;46032.52083;0;0;0;Considerar;S/D;No Considerar;No;Considerar;0;0;0;0;0;;4044.553;;;;;;;;;;
202601101245;2026;1;10;12;45;46032.53125;0;0;0;Considerar;S/D;No Considerar;No;Considerar;0;0;0;0;0;;3795.46167;;;;;;;;;;
202601101300;2026;1;10;13;0;46032.54167;0;0;0;Considerar;S/D;No Considerar;No;Considerar;0;0;0;0;0;;5048.46533;;;;;;;;;;
202601101315;2026;1;10;13;15;46032.55208;0;0;0;Considerar;S/D;No Considerar;No;Considerar;0;0;0;0;0;;4884.967;;;;;;;;;;
202601101330;2026;1;10;13;30;46032.5625;0;0;0;Considerar;S/D;No Considerar;No;Considerar;0;0;0;0;0;;3291.64633;;;;;;;;;;
202601101345;2026;1;10;13;45;46032.57292;0;0;0;Considerar;S/D;No Considerar;No;Considerar;0;0;0;0;0;;3197.145;;;;;;;;;;
202601101400;2026;1;10;14;0;46032.58333;0;0;0;Considerar;S/D;No Considerar;No;Considerar;0;0;0;0;0;;2979.60133;;;;;;;;;;
202601101415;2026;1;10;14;15;46032.59375;0;0;0;Considerar;S/D;No Considerar;No;Considerar;0;0;0;0;0;;2523.10667;;;;;;;;;;
202601101430;2026;1;10;14;30;46032.60417;0;0;0;Considerar;S/D;No Considerar;No;Considerar;0;0;0;0;0;;2688.64067;;;;;;;;;;
202601101445;2026;1;10;14;45;46032.61458;0;0;0;Considerar;S/D;No Considerar;No;Considerar;0;0;0;0;0;;2560.713;;;;;;;;;;
202601101500;2026;1;10;15;0;46032.625;0;0;0;Considerar;S/D;No Considerar;No;Considerar;0;0;0;0;0;;2079.46833;;;;;;;;;;
202601101515;2026;1;10;15;15;46032.63542;0;0;0;Considerar;S/D;No Considerar;No;Considerar;0;0;0;0;0;;2692.78633;;;;;;;;;;
202601101530;2026;1;10;15;30;46032.64583;0;0;0;Considerar;S/D;No Considerar;No;Considerar;0;0;0;0;0;;2172.54633;;;;;;;;;;
202601101545;2026;1;10;15;45;46032.65625;0;0;0;Considerar;S/D;No Considerar;No;Considerar;0;0;0;0;0;;1267.07133;;;;;;;;;;
202601101600;2026;1;10;16;0;46032.66667;0;0;0;Considerar;S/D;No Considerar;No;Considerar;0;0;0;0;0;;1116.75707;;;;;;;;;;
202601101615;2026;1;10;16;15;46032.67708;0;0;0;Considerar;S/D;No Considerar;No;Considerar;0;0;0;0;0;;1155.99767;;;;;;;;;;
202601101630;2026;1;10;16;30;46032.6875;0;0;0;Considerar;S/D;No Considerar;No;Considerar;0;0;0;0;0;;1033.18023;;;;;;;;;;
202601101645;2026;1;10;16;45;46032.69792;0;0;0;Considerar;S/D;No Considerar;No;Considerar;0;0;0;0;0;;1021.9772;;;;;;;;;;
202601101700;2026;1;10;17;0;46032.70833;0;0;0;Considerar;S/D;No Considerar;No;Considerar;0;0;0;0;0;;710.7355;;;;;;;;;;
202601101715;2026;1;10;17;15;46032.71875;0;0;0;Considerar;S/D;No Considerar;No;Considerar;0;0;0;0;0;;499.8432;;;;;;;;;;
202601101730;2026;1;10;17;30;46032.72917;0;0;0;Considerar;S/D;No Considerar;No;Considerar;0;0;0;0;0;;503.5532;;;;;;;;;;
202601101745;2026;1;10;17;45;46032.73958;0;0;0;Considerar;S/D;No Considerar;No;Considerar;0;0;0;0;0;;371.29103;;;;;;;;;;
202601101800;2026;1;10;18;0;46032.75;0;0;0;Considerar;S/D;No Considerar;No;Considerar;0;0;0;0;0;;0;;;;;;;;;;
202601101815;2026;1;10;18;15;46032.76042;0;0;0;Considerar;S/D;No Considerar;No;Considerar;0;0;0;0;0;;0;;;;;;;;;;
202601101830;2026;1;10;18;30;46032.77083;0;0;0;Considerar;S/D;No Considerar;No;Considerar;0;0;0;0;0;;-4.58678;;;;;;;;;;
202601101845;2026;1;10;18;45;46032.78125;0;0;0;Considerar;S/D;No Considerar;No;Considerar;0;0;0;0;0;;-11.99886;;;;;;;;;;
202601101900;2026;1;10;19;0;46032.79167;0;0;0;Considerar;S/D;No Considerar;No;Considerar;0;0;0;0;0;;-8.43005;;;;;;;;;;
202601101915;2026;1;10;19;15;46032.80208;0;0;0;Considerar;S/D;No Considerar;No;Considerar;0;0;0;0;0;;-8.56521;;;;;;;;;;
202601101930;2026;1;10;19;30;46032.8125;0;0;0;Considerar;S/D;No Considerar;No;Considerar;0;0;0;0;0;;-8.48578;;;;;;;;;;
202601101945;2026;1;10;19;45;46032.82292;0;0;0;Considerar;S/D;No Considerar;No;Considerar;0;0;0;0;0;;-8.49175;;;;;;;;;;
202601102000;2026;1;10;20;0;46032.83333;0;0;0;Considerar;S/D;No Considerar;No;Considerar;0;0;0;0;0;;-8.53999;;;;;;;;;;
202601102015;2026;1;10;20;15;46032.84375;0;0;0;Considerar;S/D;No Considerar;No;Considerar;0;0;0;0;0;;-8.5902;;;;;;;;;;
202601102030;2026;1;10;20;30;46032.85417;0;0;0;Considerar;S/D;No Considerar;No;Considerar;0;0;0;0;0;;-8.55121;;;;;;;;;;
202601102045;2026;1;10;20;45;46032.86458;0;0;0;Considerar;S/D;No Considerar;No;Considerar;0;0;0;0;0;;-8.45207;;;;;;;;;;
202601102100;2026;1;10;21;0;46032.875;0;0;0;Considerar;S/D;No Considerar;No;Considerar;0;0;0;0;0;;-8.4255;;;;;;;;;;
202601102115;2026;1;10;21;15;46032.88542;0;0;0;Considerar;S/D;No Considerar;No;Considerar;0;0;0;0;0;;-8.45622;;;;;;;;;;
202601102130;2026;1;10;21;30;46032.89583;0;0;0;Considerar;S/D;No Considerar;No;Considerar;0;0;0;0;0;;-8.57402;;;;;;;;;;
202601102145;2026;1;10;21;45;46032.90625;0;0;0;Considerar;S/D;No Considerar;No;Considerar;0;0;0;0;0;;-8.50238;;;;;;;;;;
202601102200;2026;1;10;22;0;46032.91667;0;0;0;Considerar;S/D;No Considerar;No;Considerar;0;0;0;0;0;;-8.429;;;;;;;;;;
202601102215;2026;1;10;22;15;46032.92708;0;0;0;Considerar;S/D;No Considerar;No;Considerar;0;0;0;0;0;;-8.30367;;;;;;;;;;
202601102230;2026;1;10;22;30;46032.9375;0;0;0;Considerar;S/D;No Considerar;No;Considerar;0;0;0;0;0;;-7.91054;;;;;;;;;;
202601102245;2026;1;10;22;45;46032.94792;0;0;0;Considerar;S/D;No Considerar;No;Considerar;0;0;0;0;0;;-7.78558;;;;;;;;;;
202601102300;2026;1;10;23;0;46032.95833;0;0;0;Considerar;S/D;No Considerar;No;Considerar;0;0;0;0;0;;-7.82756;;;;;;;;;;
202601102315;2026;1;10;23;15;46032.96875;0;0;0.1;Considerar;S/D;No Considerar;No;Considerar;0;0.072;0.16614;0;0;;-7.76758;;;;;;;;;;
202601102330;2026;1;10;23;30;46032.97917;0;0.133333333;0.166666667;Considerar;S/D;No Considerar;No;Considerar;0;0.253333333;0.584566667;0;0;;-7.8652;;;;;;;;;;
202601102345;2026;1;10;23;45;46032.98958;0;0.066666667;0.15;Considerar;S/D;No Considerar;No;Considerar;0;0.174666667;0.403043333;0;0;;-7.88526;;;;;;;;;;
202601110000;2026;1;11;0;0;46033;0;0;0.05;Considerar;S/D;No Considerar;No;Considerar;0;0.036;0.08307;0;0;;-7.93359;;;;;;;;;;
202601110015;2026;1;11;0;15;46033.01042;0;0;0.083333333;Considerar;S/D;No Considerar;No;Considerar;0;0.06;0.13845;0;0;;-7.94774;;;;;;;;;;
202601110030;2026;1;11;0;30;46033.02083;0;0;0.016666667;Considerar;S/D;No Considerar;No;Considerar;0;0.012;0.02769;0;0;;-7.9988;;;;;;;;;;
202601110045;2026;1;11;0;45;46033.03125;0;0;0;Considerar;S/D;No Considerar;No;Considerar;0;0;0;0;0;;-8.07421;;;;;;;;;;
202601110100;2026;1;11;1;0;46033.04167;0;0;0;Considerar;S/D;No Considerar;No;Considerar;0;0;0;0;0;;-7.97104;;;;;;;;;;
202601110115;2026;1;11;1;15;46033.05208;0;0;0;Considerar;S/D;No Considerar;No;Considerar;0;0;0;0;0;;-8.09023;;;;;;;;;;
202601110130;2026;1;11;1;30;46033.0625;0;0;0;Considerar;S/D;No Considerar;No;Considerar;0;0;0;0;0;;-8.0929;;;;;;;;;;
202601110145;2026;1;11;1;45;46033.07292;0;-0.033333333;0;Considerar;S/D;No Considerar;No;Considerar;0;-0.033333333;-0.076916667;0;0;;-8.09394;;;;;;;;;;
202601110200;2026;1;11;2;0;46033.08333;0;0;0;Considerar;S/D;No Considerar;No;Considerar;0;0;0;0;0;;-8.13533;;;;;;;;;;
202601110215;2026;1;11;2;15;46033.09375;0;0;0;Considerar;S/D;No Considerar;No;Considerar;0;0;0;0;0;;-8.12464;;;;;;;;;;
202601110230;2026;1;11;2;30;46033.10417;0;-0.033333333;0;Considerar;S/D;No Considerar;No;Considerar;0;-0.033333333;-0.076916667;0;0;;-8.19406;;;;;;;;;;
202601110245;2026;1;11;2;45;46033.11458;0;0;0;Considerar;S/D;No Considerar;No;Considerar;0;0;0;0;0;;-8.12884;;;;;;;;;;
202601110300;2026;1;11;3;0;46033.125;0;0.1;0.05;Considerar;S/D;No Considerar;No;Considerar;0;0.136;0.31382;0;0;;-8.19251;;;;;;;;;;
202601110315;2026;1;11;3;15;46033.13542;0;0.066666667;0.066666667;Considerar;S/D;No Considerar;No;Considerar;0;0.114666667;0.264593333;0;0;;-8.20452;;;;;;;;;;
202601110330;2026;1;11;3;30;46033.14583;0;0.033333333;0.133333333;Considerar;S/D;No Considerar;No;Considerar;0;0.129333333;0.298436667;0;0;;-8.21637;;;;;;;;;;
202601110345;2026;1;11;3;45;46033.15625;0;0.066666667;0.183333333;Considerar;S/D;No Considerar;No;Considerar;0;0.198666667;0.458423333;0;0;;-8.25232;;;;;;;;;;
202601110400;2026;1;11;4;0;46033.16667;0;0;0.083333333;Considerar;S/D;No Considerar;No;Considerar;0;0.06;0.13845;0;0;;-8.18838;;;;;;;;;;
202601110415;2026;1;11;4;15;46033.17708;0;-0.033333333;0.016666667;Considerar;S/D;No Considerar;No;Considerar;0;-0.021333333;-0.049226667;0;0;;-8.23029;;;;;;;;;;
202601110430;2026;1;11;4;30;46033.1875;0;0.1;0.1;Considerar;S/D;No Considerar;No;Considerar;0;0.172;0.39689;0;0;;-8.19204;;;;;;;;;;
202601110445;2026;1;11;4;45;46033.19792;0;0.066666667;0.05;Considerar;S/D;No Considerar;No;Considerar;0;0.102666667;0.236903333;0;0;;-8.21284;;;;;;;;;;
202601110500;2026;1;11;5;0;46033.20833;0;0.033333333;0.033333333;Considerar;S/D;No Considerar;No;Considerar;0;0.057333333;0.132296667;0;0;;-8.21874;;;;;;;;;;
202601110515;2026;1;11;5;15;46033.21875;0;0.033333333;0.016666667;Considerar;S/D;No Considerar;No;Considerar;0;0.045333333;0.104606667;0;0;;-8.15172;;;;;;;;;;
202601110530;2026;1;11;5;30;46033.22917;0;-0.066666667;0.05;Considerar;S/D;No Considerar;No;Considerar;0;-0.030666667;-0.070763333;0;0;;-8.12779;;;;;;;;;;
202601110545;2026;1;11;5;45;46033.23958;0;-0.1;-0.016666667;Considerar;S/D;No Considerar;No;Considerar;0;-0.112;-0.25844;0;0;;-8.16146;;;;;;;;;;
202601110600;2026;1;11;6;0;46033.25;0;-0.066666667;-0.016666667;Considerar;S/D;No Considerar;No;Considerar;0;-0.078666667;-0.181523333;0;0;;-8.0466;;;;;;;;;;
202601110615;2026;1;11;6;15;46033.26042;0;-0.033333333;0;Considerar;S/D;No Considerar;No;Considerar;0;-0.033333333;-0.076916667;0;0;;-7.97149;;;;;;;;;;
202601110630;2026;1;11;6;30;46033.27083;0;0.266666667;0.083333333;Considerar;S/D;No Considerar;No;Considerar;0;0.326666667;0.753783333;0;0;;-7.82385;;;;;;;;;;
202601110645;2026;1;11;6;45;46033.28125;3.370821667;2.2;0.116666667;Considerar;Operando;No Considerar;No;Considerar;0;2.284;5.27033;0;0;;-7.89613;;;;;;;;;;
202601110700;2026;1;11;7;0;46033.29167;44.10205333;7.033333333;0.483333333;Considerar;Operando;No Considerar;No;Considerar;0;7.381333333;17.03242667;0;0;;-7.72666;;;;;;;;;;
202601110715;2026;1;11;7;15;46033.30208;203.61181;28.2;1.133333333;Considerar;Operando;No Considerar;No;Considerar;0;29.016;66.95442;0;0;;-3.08899;;;;;;;;;;
202601110730;2026;1;11;7;30;46033.3125;661.8055333;88.66666667;4.933333333;Considerar;Operando;No Considerar;No;Considerar;0;92.21866667;212.7945733;0;0;;43.47753;;;;;;;;;;
202601110745;2026;1;11;7;45;46033.32292;1166.050967;164.5;8.133333333;Considerar;Operando;Considerar;Si;Considerar;41.125;170.356;393.09647;1166.050967;393.09647;;45.3649;;;;;;;;;;
202601110800;2026;1;11;8;0;46033.33333;1826.668333;252.8333333;8.116666667;Considerar;Operando;Considerar;Si;Considerar;63.20833333;258.6773333;596.8979467;1826.668333;596.8979467;;141.22867;;;;;;;;;;
202601110815;2026;1;11;8;15;46033.34375;2725.211;334.7333333;9.5;Considerar;Operando;Considerar;Si;Considerar;83.68333333;341.5733333;788.1804667;2725.211;788.1804667;;176.36563;;;;;;;;;;
202601110830;2026;1;11;8;30;46033.35417;3798.996;451.7;11.95;Considerar;Operando;Considerar;Si;Considerar;112.925;460.304;1062.15148;3798.996;1062.15148;;180.85127;;;;;;;;;;
202601110845;2026;1;11;8;45;46033.36458;4750.224667;551.4;14.45;Considerar;Operando;Considerar;Si;Considerar;137.85;561.804;1296.36273;4750.224667;1296.36273;;168.6101;;;;;;;;;;
202601110900;2026;1;11;9;0;46033.375;5521.112;641.1333333;17.56666667;Considerar;Operando;Considerar;Si;Considerar;160.2833333;653.7813333;1508.600427;5521.112;1508.600427;;189.36867;;;;;;;;;;
202601110915;2026;1;11;9;15;46033.38542;6170.292333;749.2666667;22.33333333;Considerar;Operando;Considerar;Si;Considerar;187.3166667;765.3466667;1766.037433;6170.292333;1766.037433;;225.5319;;;;;;;;;;
202601110930;2026;1;11;9;30;46033.39583;6773.739;848.7;26.58333333;Considerar;Operando;Considerar;Si;Considerar;212.175;867.84;2002.5408;6773.739;2002.5408;;389.4605;;;;;;;;;;
202601110945;2026;1;11;9;45;46033.40625;7314.257333;935.2;31.38333333;Considerar;Operando;Considerar;Si;Considerar;233.8;957.796;2210.11427;7314.257333;2210.11427;;362.1432;;;;;;;;;;
202601111000;2026;1;11;10;0;46033.41667;7598.195667;1018.266667;41.61666667;Considerar;Operando;Considerar;Si;Considerar;254.5666667;1048.230667;2418.792263;7598.195667;2418.792263;;483.80627;;;;;;;;;;
202601111015;2026;1;11;10;15;46033.42708;7667.539;1051.266667;45.28333333;Considerar;Operando;Considerar;Si;Considerar;262.8166667;1083.870667;2501.031563;7667.539;2501.031563;;963.77163;;;;;;;;;;
202601111030;2026;1;11;10;30;46033.4375;7720.787667;1066.6;46.86666667;Considerar;Operando;Considerar;Si;Considerar;266.65;1100.344;2539.04378;7720.787667;2539.04378;;1161.27667;;;;;;;;;;
202601111045;2026;1;11;10;45;46033.44792;7748.693333;1080.9;48.48333333;Considerar;Operando;Considerar;Si;Considerar;270.225;1115.808;2574.72696;7748.693333;2574.72696;;1537.098;;;;;;;;;;
202601111100;2026;1;11;11;0;46033.45833;7755.329333;1094.733333;49.75;Considerar;Operando;Considerar;Si;Considerar;273.6833333;1130.553333;2608.751817;7755.329333;2608.751817;;1655.99533;;;;;;;;;;
202601111115;2026;1;11;11;15;46033.46875;7758.369667;1103.1;51;Considerar;Operando;Considerar;Si;Considerar;275.775;1139.82;2630.13465;7758.369667;2630.13465;;1841.227;;;;;;;;;;
202601111130;2026;1;11;11;30;46033.47917;7762.501333;1111.833333;52.6;Considerar;Operando;Considerar;Si;Considerar;277.9583333;1149.705333;2652.945057;7762.501333;2652.945057;;1845.82767;;;;;;;;;;
202601111145;2026;1;11;11;45;46033.48958;7760.815;1115.7;53.95;Considerar;Operando;Considerar;Si;Considerar;278.925;1154.544;2664.11028;7760.815;2664.11028;;1884.624;;;;;;;;;;
202601111200;2026;1;11;12;0;46033.5;7762.837;1116.1;55.26666667;Considerar;Operando;Considerar;Si;Considerar;279.025;1155.892;2667.22079;7762.837;2667.22079;;2068.85667;;;;;;;;;;
202601111215;2026;1;11;12;15;46033.51042;7766.296333;1123.033333;56.75;Considerar;Operando;Considerar;Si;Considerar;280.7583333;1163.893333;2685.683867;7766.296333;2685.683867;;2709.84433;;;;;;;;;;
202601111230;2026;1;11;12;30;46033.52083;7770.472;1125.266667;57.76666667;Considerar;Operando;Considerar;Si;Considerar;281.3166667;1166.858667;2692.526373;7770.472;2692.526373;;3168.58233;;;;;;;;;;
202601111245;2026;1;11;12;45;46033.53125;7774.951;1126.866667;58.56666667;Considerar;Operando;Considerar;Si;Considerar;281.7166667;1169.034667;2697.547493;7774.951;2697.547493;;3502.00833;;;;;;;;;;
202601111300;2026;1;11;13;0;46033.54167;7778.079;1123.566667;58.95;Considerar;Operando;Considerar;Si;Considerar;280.8916667;1166.010667;2690.569613;7778.079;2690.569613;;4148.282;;;;;;;;;;
202601111315;2026;1;11;13;15;46033.55208;7777.285;1119.733333;58.88333333;Considerar;Operando;Considerar;Si;Considerar;279.9333333;1162.129333;2681.613437;7777.285;2681.613437;;4080.56167;;;;;;;;;;
202601111330;2026;1;11;13;30;46033.5625;7774.023;1117;58.46666667;Considerar;Operando;Considerar;Si;Considerar;279.25;1159.096;2674.61402;7774.023;2674.61402;;4346.334;;;;;;;;;;
202601111345;2026;1;11;13;45;46033.57292;7769.109333;1124.666667;58.55;Considerar;Operando;Considerar;Si;Considerar;281.1666667;1166.822667;2692.443303;7769.109333;2692.443303;;3294.58833;;;;;;;;;;
202601111400;2026;1;11;14;0;46033.58333;7763.040333;1117.1;57.88333333;Considerar;Operando;Considerar;Si;Considerar;279.275;1158.776;2673.87562;7763.040333;2673.87562;;3295.21267;;;;;;;;;;
202601111415;2026;1;11;14;15;46033.59375;7758.999;1115.933333;57.66666667;Considerar;Operando;Considerar;Si;Considerar;278.9833333;1157.453333;2670.823567;7758.999;2670.823567;;4275.32367;;;;;;;;;;
202601111430;2026;1;11;14;30;46033.60417;7759.783;1117.366667;57.7;Considerar;Operando;Considerar;Si;Considerar;279.3416667;1158.910667;2674.186363;7759.783;2674.186363;;3081.21967;;;;;;;;;;
202601111445;2026;1;11;14;45;46033.61458;7763.604667;1114;56.95;Considerar;Operando;Considerar;Si;Considerar;278.5;1155.004;2665.17173;7763.604667;2665.17173;;2862.93567;;;;;;;;;;
202601111500;2026;1;11;15;0;46033.625;7762.335333;1117.7;56.85;Considerar;Operando;Considerar;Si;Considerar;279.425;1158.632;2673.54334;7762.335333;2673.54334;;2172.79133;;;;;;;;;;
202601111515;2026;1;11;15;15;46033.63542;7760.222333;1110.233333;55.85;Considerar;Operando;Considerar;Si;Considerar;277.5583333;1150.445333;2654.652607;7760.222333;2654.652607;;3995.49133;;;;;;;;;;
202601111530;2026;1;11;15;30;46033.64583;7751.287;1104.066667;54.56666667;Considerar;Operando;Considerar;Si;Considerar;276.0166667;1143.354667;2638.290893;7751.287;2638.290893;;4514.57267;;;;;;;;;;
202601111545;2026;1;11;15;45;46033.65625;7748.037;1108.866667;54.15;Considerar;Operando;Considerar;Si;Considerar;277.2166667;1147.854667;2648.674643;7748.037;2648.674643;;5471.38367;;;;;;;;;;
202601111600;2026;1;11;16;0;46033.66667;7761.391667;1112.066667;53.63333333;Considerar;Operando;Considerar;Si;Considerar;278.0166667;1150.682667;2655.200253;7761.391667;2655.200253;;5278.302;;;;;;;;;;
202601111615;2026;1;11;16;15;46033.67708;0;1037.366667;49.46666667;Considerar;S/D;No Considerar;No;Considerar;0;1072.982667;2475.907503;0;0;;5102.74567;;;;;;;;;;
202601111630;2026;1;11;16;30;46033.6875;0;1095.233333;54.45;Considerar;S/D;No Considerar;No;Considerar;0;1134.437333;2617.714147;0;0;;4433.99;;;;;;;;;;
202601111645;2026;1;11;16;45;46033.69792;0;1104.733333;53.33333333;Considerar;S/D;No Considerar;No;Considerar;0;1143.133333;2637.780167;0;0;;3336.24133;;;;;;;;;;
202601111700;2026;1;11;17;0;46033.70833;0;1086.6;50.65;Considerar;S/D;No Considerar;No;Considerar;0;1123.068;2591.47941;0;0;;2738.45433;;;;;;;;;;
202601111715;2026;1;11;17;15;46033.71875;0;1077.433333;48.08333333;Considerar;S/D;No Considerar;No;Considerar;0;1112.053333;2566.063067;0;0;;2182.23233;;;;;;;;;;
202601111730;2026;1;11;17;30;46033.72917;0;1067.8;46.8;Considerar;S/D;No Considerar;No;Considerar;0;1101.496;2541.70202;0;0;;1557.80533;;;;;;;;;;
202601111745;2026;1;11;17;45;46033.73958;0;1030.9;44.75;Considerar;S/D;No Considerar;No;Considerar;0;1063.12;2453.1494;0;0;;934.22333;;;;;;;;;;
202601111800;2026;1;11;18;0;46033.75;4659.973;988.7666667;40.16666667;Considerar;Operando;Considerar;Si;Considerar;247.1916667;1017.686667;2348.311983;4659.973;2348.311983;;465.22293;;;;;;;;;;
202601111815;2026;1;11;18;15;46033.76042;6612.159333;928.2;38.78333333;Considerar;Operando;Considerar;Si;Considerar;232.05;956.124;2206.25613;6612.159333;2206.25613;;146.96;;;;;;;;;;
202601111830;2026;1;11;18;30;46033.77083;5846.901333;682.6666667;37.1;Considerar;Operando;Considerar;Si;Considerar;170.6666667;709.3786667;1636.891273;5846.901333;1636.891273;;21.26546;;;;;;;;;;
202601111845;2026;1;11;18;45;46033.78125;5502.125667;708.9333333;40.71666667;Considerar;Operando;Considerar;Si;Considerar;177.2333333;738.2493333;1703.510337;5502.125667;1703.510337;;-11.53502;;;;;;;;;;
202601111900;2026;1;11;19;0;46033.79167;4376.996;616.1666667;33.2;Considerar;Operando;Considerar;Si;Considerar;154.0416667;640.0706667;1476.963063;4376.996;1476.963063;;-7.99597;;;;;;;;;;
202601111915;2026;1;11;19;15;46033.80208;3272.133;443.4333333;22.78333333;Considerar;Operando;Considerar;Si;Considerar;110.8583333;459.8373333;1061.074647;3272.133;1061.074647;;-7.99743;;;;;;;;;;
202601111930;2026;1;11;19;30;46033.8125;3302.258333;470.7333333;22.75;Considerar;Operando;Considerar;Si;Considerar;117.6833333;487.1133333;1124.014017;3302.258333;1124.014017;;-7.98111;;;;;;;;;;
202601111945;2026;1;11;19;45;46033.82292;2192.476333;351.9333333;15.06666667;Considerar;Operando;Considerar;Si;Considerar;87.98333333;362.7813333;837.1179267;2192.476333;837.1179267;;-8.02925;;;;;;;;;;
202601112000;2026;1;11;20;0;46033.83333;453.6857333;151.6;8.166666667;Considerar;Operando;Considerar;Si;Considerar;37.9;157.48;363.3851;453.6857333;363.3851;;-8.02407;;;;;;;;;;
202601112015;2026;1;11;20;15;46033.84375;378.5410333;62.26666667;5.883333333;Considerar;Operando;No Considerar;No;Considerar;0;66.50266667;153.4549033;0;0;;-8.05646;;;;;;;;;;
202601112030;2026;1;11;20;30;46033.85417;428.3228;55.23333333;6.366666667;Considerar;Operando;No Considerar;No;Considerar;0;59.81733333;138.0284967;0;0;;-8.05544;;;;;;;;;;
202601112045;2026;1;11;20;45;46033.86458;254.0437333;49.76666667;6.15;Considerar;Operando;No Considerar;No;Considerar;0;54.19466667;125.0541933;0;0;;-8.04386;;;;;;;;;;
202601112100;2026;1;11;21;0;46033.875;28.22662333;10.93333333;1.366666667;Considerar;Operando;No Considerar;No;Considerar;0;11.91733333;27.49924667;0;0;;-8.05997;;;;;;;;;;
202601112115;2026;1;11;21;15;46033.88542;0;2.666666667;0.5;Considerar;S/D;No Considerar;No;Considerar;0;3.026666667;6.984033333;0;0;;-8.15045;;;;;;;;;;
202601112130;2026;1;11;21;30;46033.89583;0;0.6;0.3;Considerar;S/D;No Considerar;No;Considerar;0;0.816;1.88292;0;0;;-8.1538;;;;;;;;;;
202601112145;2026;1;11;21;45;46033.90625;0;0.033333333;0.133333333;Considerar;S/D;No Considerar;No;Considerar;0;0.129333333;0.298436667;0;0;;-8.19986;;;;;;;;;;
202601112200;2026;1;11;22;0;46033.91667;0;0;0.066666667;Considerar;S/D;No Considerar;No;Considerar;0;0.048;0.11076;0;0;;-8.28404;;;;;;;;;;
202601112215;2026;1;11;22;15;46033.92708;0;0.066666667;0.033333333;Considerar;S/D;No Considerar;No;Considerar;0;0.090666667;0.209213333;0;0;;-8.15386;;;;;;;;;;
202601112230;2026;1;11;22;30;46033.9375;0;0.066666667;0.166666667;Considerar;S/D;No Considerar;No;Considerar;0;0.186666667;0.430733333;0;0;;-7.86942;;;;;;;;;;
202601112245;2026;1;11;22;45;46033.94792;0;0.066666667;0.083333333;Considerar;S/D;No Considerar;No;Considerar;0;0.126666667;0.292283333;0;0;;-7.80912;;;;;;;;;;
202601112300;2026;1;11;23;0;46033.95833;0;0;0.05;Considerar;S/D;No Considerar;No;Considerar;0;0.036;0.08307;0;0;;-7.75205;;;;;;;;;;
202601112315;2026;1;11;23;15;46033.96875;0;0;0.05;Considerar;S/D;No Considerar;No;Considerar;0;0.036;0.08307;0;0;;-7.86077;;;;;;;;;;
202601112330;2026;1;11;23;30;46033.97917;0;0.066666667;0.05;Considerar;S/D;No Considerar;No;Considerar;0;0.102666667;0.236903333;0;0;;-7.87106;;;;;;;;;;
202601112345;2026;1;11;23;45;46033.98958;0;0;0.066666667;Considerar;S/D;No Considerar;No;Considerar;0;0.048;0.11076;0;0;;-7.93515;;;;;;;;;;
202601120000;2026;1;12;0;0;46034;0;0.1;0.166666667;Considerar;S/D;No Considerar;No;Considerar;0;0.22;0.50765;0;0;;-7.96456;;;;;;;;;;
202601120015;2026;1;12;0;15;46034.01042;0;0.066666667;0.116666667;Considerar;S/D;No Considerar;No;Considerar;0;0.150666667;0.347663333;0;0;;-7.95242;;;;;;;;;;
202601120030;2026;1;12;0;30;46034.02083;0;0.066666667;0.183333333;Considerar;S/D;No Considerar;No;Considerar;0;0.198666667;0.458423333;0;0;;-7.96842;;;;;;;;;;
202601120045;2026;1;12;0;45;46034.03125;0;0;0.083333333;Considerar;S/D;No Considerar;No;Considerar;0;0.06;0.13845;0;0;;-7.96747;;;;;;;;;;
202601120100;2026;1;12;1;0;46034.04167;0;0;0;Considerar;S/D;No Considerar;No;Considerar;0;0;0;0;0;;-8.02032;;;;;;;;;;
202601120115;2026;1;12;1;15;46034.05208;0;0.066666667;0.15;Considerar;S/D;No Considerar;No;Considerar;0;0.174666667;0.403043333;0;0;;-7.98727;;;;;;;;;;
202601120130;2026;1;12;1;30;46034.0625;0;-0.033333333;0;Considerar;S/D;No Considerar;No;Considerar;0;-0.033333333;-0.076916667;0;0;;-8.03005;;;;;;;;;;
202601120145;2026;1;12;1;45;46034.07292;0;-0.033333333;0.016666667;Considerar;S/D;No Considerar;No;Considerar;0;-0.021333333;-0.049226667;0;0;;-8.14373;;;;;;;;;;
202601120200;2026;1;12;2;0;46034.08333;0;0;0.033333333;Considerar;S/D;No Considerar;No;Considerar;0;0.024;0.05538;0;0;;-8.11989;;;;;;;;;;
202601120215;2026;1;12;2;15;46034.09375;0;0.066666667;0.083333333;Considerar;S/D;No Considerar;No;Considerar;0;0.126666667;0.292283333;0;0;;-8.13538;;;;;;;;;;
202601120230;2026;1;12;2;30;46034.10417;0;0.1;0.3;Considerar;S/D;No Considerar;No;Considerar;0;0.316;0.72917;0;0;;-8.11042;;;;;;;;;;
202601120245;2026;1;12;2;45;46034.11458;0;0;0;Considerar;S/D;No Considerar;No;Considerar;0;0;0;0;0;;-8.19952;;;;;;;;;;
202601120300;2026;1;12;3;0;46034.125;0;-0.033333333;0.033333333;Considerar;S/D;No Considerar;No;Considerar;0;-0.009333333;-0.021536667;0;0;;-8.189;;;;;;;;;;
202601120315;2026;1;12;3;15;46034.13542;0;-0.066666667;-0.05;Considerar;S/D;No Considerar;No;Considerar;0;-0.102666667;-0.236903333;0;0;;-8.21262;;;;;;;;;;
202601120330;2026;1;12;3;30;46034.14583;0;0.033333333;0.016666667;Considerar;S/D;No Considerar;No;Considerar;0;0.045333333;0.104606667;0;0;;-8.21031;;;;;;;;;;
202601120345;2026;1;12;3;45;46034.15625;0;0;0.033333333;Considerar;S/D;No Considerar;No;Considerar;0;0.024;0.05538;0;0;;-8.44871;;;;;;;;;;
202601120400;2026;1;12;4;0;46034.16667;0;0.066666667;0.133333333;Considerar;S/D;No Considerar;No;Considerar;0;0.162666667;0.375353333;0;0;;-8.23597;;;;;;;;;;
202601120415;2026;1;12;4;15;46034.17708;0;-0.133333333;-0.033333333;Considerar;S/D;No Considerar;No;Considerar;0;-0.157333333;-0.363046667;0;0;;-8.2606;;;;;;;;;;
202601120430;2026;1;12;4;30;46034.1875;0;0;-0.033333333;Considerar;S/D;No Considerar;No;Considerar;0;-0.024;-0.05538;0;0;;-8.25831;;;;;;;;;;
202601120445;2026;1;12;4;45;46034.19792;0;-0.033333333;0;Considerar;S/D;No Considerar;No;Considerar;0;-0.033333333;-0.076916667;0;0;;-8.2403;;;;;;;;;;
202601120500;2026;1;12;5;0;46034.20833;0;-0.066666667;0;Considerar;S/D;No Considerar;No;Considerar;0;-0.066666667;-0.153833333;0;0;;-8.29456;;;;;;;;;;
202601120515;2026;1;12;5;15;46034.21875;0;-0.233333333;-0.033333333;Considerar;S/D;No Considerar;No;Considerar;0;-0.257333333;-0.593796667;0;0;;-8.28496;;;;;;;;;;
202601120530;2026;1;12;5;30;46034.22917;0;0.066666667;0;Considerar;S/D;No Considerar;No;Considerar;0;0.066666667;0.153833333;0;0;;-8.27102;;;;;;;;;;
202601120545;2026;1;12;5;45;46034.23958;0;-0.133333333;0;Considerar;S/D;No Considerar;No;Considerar;0;-0.133333333;-0.307666667;0;0;;-8.32778;;;;;;;;;;
202601120600;2026;1;12;6;0;46034.25;0;0;-0.016666667;Considerar;S/D;No Considerar;No;Considerar;0;-0.012;-0.02769;0;0;;-8.26473;;;;;;;;;;
202601120615;2026;1;12;6;15;46034.26042;0;0;-0.016666667;Considerar;S/D;No Considerar;No;Considerar;0;-0.012;-0.02769;0;0;;-8.29536;;;;;;;;;;
202601120630;2026;1;12;6;30;46034.27083;0;0.1;0;Considerar;S/D;No Considerar;No;Considerar;0;0.1;0.23075;0;0;;-8.32154;;;;;;;;;;
202601120645;2026;1;12;6;45;46034.28125;2.728491667;2.566666667;0.366666667;Considerar;Operando;No Considerar;No;Considerar;0;2.830666667;6.531763333;0;0;;-8.29137;;;;;;;;;;
202601120700;2026;1;12;7;0;46034.29167;89.11994;8.6;0.95;Considerar;Operando;No Considerar;No;Considerar;0;9.284;21.42283;0;0;;-6.24508;;;;;;;;;;
202601120715;2026;1;12;7;15;46034.30208;377.8385333;29.83333333;3.166666667;Considerar;Operando;No Considerar;No;Considerar;0;32.11333333;74.10151667;0;0;;26.67746;;;;;;;;;;
202601120730;2026;1;12;7;30;46034.3125;754.4159667;102.2666667;6.516666667;Considerar;Operando;Considerar;Si;Considerar;25.56666667;106.9586667;246.8071233;754.4159667;246.8071233;;104.83012;;;;;;;;;;
202601120745;2026;1;12;7;45;46034.32292;876.6702667;165.4;9.9;Considerar;Operando;Considerar;Si;Considerar;41.35;172.528;398.10836;876.6702667;398.10836;;688.4455;;;;;;;;;;
202601120800;2026;1;12;8;0;46034.33333;1968.203333;204.7;10.68333333;Considerar;Operando;Considerar;Si;Considerar;51.175;212.392;490.09454;1968.203333;490.09454;;1356.84533;;;;;;;;;;
202601120815;2026;1;12;8;15;46034.34375;2538.382667;328.9;13.61666667;Considerar;Operando;Considerar;Si;Considerar;82.225;338.704;781.55948;2538.382667;781.55948;;2139.592;;;;;;;;;;
202601120830;2026;1;12;8;30;46034.35417;2387.825333;262.5;13.03333333;Considerar;Operando;Considerar;Si;Considerar;65.625;271.884;627.37233;2387.825333;627.37233;;2999.85333;;;;;;;;;;
202601120845;2026;1;12;8;45;46034.36458;3042.799667;396.7666667;16.75;Considerar;Operando;Considerar;Si;Considerar;99.19166667;408.8266667;943.3675333;3042.799667;943.3675333;;3852.594;;;;;;;;;;
202601120900;2026;1;12;9;0;46034.375;4716.660333;515.7666667;21.96666667;Considerar;Operando;Considerar;Si;Considerar;128.9416667;531.5826667;1226.627003;4716.660333;1226.627003;;4665.24267;;;;;;;;;;
202601120915;2026;1;12;9;15;46034.38542;5330.989;581.9333333;25.66666667;Considerar;Operando;Considerar;Si;Considerar;145.4833333;600.4133333;1385.453767;5330.989;1385.453767;;5377.91333;;;;;;;;;;
202601120930;2026;1;12;9;30;46034.39583;5692.936667;772.2666667;35.13333333;Considerar;Operando;Considerar;Si;Considerar;193.0666667;797.5626667;1840.375853;5692.936667;1840.375853;;5546.03033;;;;;;;;;;
202601120945;2026;1;12;9;45;46034.40625;6456.856333;726.7;40.53333333;Considerar;Operando;Considerar;Si;Considerar;181.675;755.884;1744.20233;6456.856333;1744.20233;;5602.67033;;;;;;;;;;
202601121000;2026;1;12;10;0;46034.41667;4142.894333;760.0666667;56.01666667;Considerar;Operando;Considerar;Si;Considerar;190.0166667;800.3986667;1846.919923;4142.894333;1846.919923;;5626.12733;;;;;;;;;;
202601121015;2026;1;12;10;15;46034.42708;4871.161333;805;63.66666667;Considerar;Operando;Considerar;Si;Considerar;201.25;850.84;1963.3133;4871.161333;1963.3133;;5649.69333;;;;;;;;;;
202601121030;2026;1;12;10;30;46034.4375;6354.306333;909.9333333;62.41666667;Considerar;Operando;Considerar;Si;Considerar;227.4833333;954.8733333;2203.370217;6354.306333;2203.370217;;5653.114;;;;;;;;;;
202601121045;2026;1;12;10;45;46034.44792;6703.465667;918.8;63.38333333;Considerar;Operando;Considerar;Si;Considerar;229.7;964.436;2225.43607;6703.465667;2225.43607;;5637.75567;;;;;;;;;;
202601121100;2026;1;12;11;0;46034.45833;6838.199;1052;70.6;Considerar;Operando;Considerar;Si;Considerar;263;1102.832;2544.78484;6838.199;2544.78484;;5588.00567;;;;;;;;;;
202601121115;2026;1;12;11;15;46034.46875;4055.414667;731.7;55.9;Considerar;Operando;Considerar;Si;Considerar;182.925;771.948;1781.27001;4055.414667;1781.27001;;5650.307;;;;;;;;;;
202601121130;2026;1;12;11;30;46034.47917;5368.057667;590.3666667;51.55;Considerar;Operando;Considerar;Si;Considerar;147.5916667;627.4826667;1447.916253;5368.057667;1447.916253;;5641.49167;;;;;;;;;;
202601121145;2026;1;12;11;45;46034.48958;4864.635667;544.7333333;49.46666667;Considerar;Operando;Considerar;Si;Considerar;136.1833333;580.3493333;1339.156087;4864.635667;1339.156087;;5623.23867;;;;;;;;;;
202601121200;2026;1;12;12;0;46034.5;6227.574333;733.9666667;50.18333333;Considerar;Operando;Considerar;Si;Considerar;183.4916667;770.0986667;1777.002673;6227.574333;1777.002673;;5604.37267;;;;;;;;;;
202601121215;2026;1;12;12;15;46034.51042;5883.058333;894.8666667;59.31666667;Considerar;Operando;Considerar;Si;Considerar;223.7166667;937.5746667;2163.453543;5883.058333;2163.453543;;5595.07133;;;;;;;;;;
202601121230;2026;1;12;12;30;46034.52083;5707.465333;740.0333333;49.8;Considerar;Operando;Considerar;Si;Considerar;185.0083333;775.8893333;1790.364637;5707.465333;1790.364637;;5586.48267;;;;;;;;;;
202601121245;2026;1;12;12;45;46034.53125;7615.779333;1053.833333;61.26666667;Considerar;Operando;Considerar;Si;Considerar;263.4583333;1097.945333;2533.508857;7615.779333;2533.508857;;5558.829;;;;;;;;;;
202601121300;2026;1;12;13;0;46034.54167;6193.896333;996.1;60.15;Considerar;Operando;Considerar;Si;Considerar;249.025;1039.408;2398.43396;6193.896333;2398.43396;;5566.26833;;;;;;;;;;
202601121315;2026;1;12;13;15;46034.55208;7569.601;961.3666667;61.11666667;Considerar;Operando;Considerar;Si;Considerar;240.3416667;1005.370667;2319.892813;7569.601;2319.892813;;5596.54467;;;;;;;;;;
202601121330;2026;1;12;13;30;46034.5625;7797.725;1202.166667;69.7;Considerar;Operando;Considerar;Si;Considerar;300.5416667;1252.350667;2889.799163;7797.725;2889.799163;;5633.38167;;;;;;;;;;
202601121345;2026;1;12;13;45;46034.57292;6797.164;933.2;56.45;Considerar;Operando;Considerar;Si;Considerar;233.3;973.844;2247.14503;6797.164;2247.14503;;5643.81533;;;;;;;;;;
202601121400;2026;1;12;14;0;46034.58333;7581.623667;947.3;58.56666667;Considerar;Operando;Considerar;Si;Considerar;236.825;989.468;2283.19741;7581.623667;2283.19741;;5705.003;;;;;;;;;;
202601121415;2026;1;12;14;15;46034.59375;7775.851333;1064.866667;61.18333333;Considerar;Operando;Considerar;Si;Considerar;266.2166667;1108.918667;2558.829823;7775.851333;2558.829823;;5714.59533;;;;;;;;;;
202601121430;2026;1;12;14;30;46034.60417;7363.026;1080.6;61.7;Considerar;Operando;Considerar;Si;Considerar;270.15;1125.024;2595.99288;7363.026;2595.99288;;5749.60667;;;;;;;;;;
202601121445;2026;1;12;14;45;46034.61458;0;1138;64.8;Considerar;S/D;No Considerar;No;Considerar;0;1184.656;2733.59372;0;0;;5794.699;;;;;;;;;;
202601121500;2026;1;12;15;0;46034.625;0;0;35.08333333;Considerar;S/D;No Considerar;No;Considerar;0;25.26;58.28745;0;0;;5806.72433;;;;;;;;;;
202601121515;2026;1;12;15;15;46034.63542;0;0;25.66666667;Considerar;S/D;No Considerar;No;Considerar;0;18.48;42.6426;0;0;;5803.10733;;;;;;;;;;
202601121530;2026;1;12;15;30;46034.64583;0;0;31.21666667;Considerar;S/D;No Considerar;No;Considerar;0;22.476;51.86337;0;0;;5813.88367;;;;;;;;;;
202601121545;2026;1;12;15;45;46034.65625;0;0;28.91666667;Considerar;S/D;No Considerar;No;Considerar;0;20.82;48.04215;0;0;;5757.67533;;;;;;;;;;
202601121600;2026;1;12;16;0;46034.66667;0;0;29.66666667;Considerar;S/D;No Considerar;No;Considerar;0;21.36;49.2882;0;0;;5689.76667;;;;;;;;;;
202601121615;2026;1;12;16;15;46034.67708;0;0;28.86666667;Considerar;S/D;No Considerar;No;Considerar;0;20.784;47.95908;0;0;;5545.63167;;;;;;;;;;
202601121630;2026;1;12;16;30;46034.6875;0;0;33;Considerar;S/D;No Considerar;No;Considerar;0;23.76;54.8262;0;0;;4821.56;;;;;;;;;;
202601121645;2026;1;12;16;45;46034.69792;0;0;30.36666667;Considerar;S/D;No Considerar;No;Considerar;0;21.864;50.45118;0;0;;3573.09367;;;;;;;;;;
202601121700;2026;1;12;17;0;46034.70833;0;0;31.28333333;Considerar;S/D;No Considerar;No;Considerar;0;22.524;51.97413;0;0;;2922.222;;;;;;;;;;
202601121715;2026;1;12;17;15;46034.71875;0;0;29.53333333;Considerar;S/D;No Considerar;No;Considerar;0;21.264;49.06668;0;0;;2303.31467;;;;;;;;;;
202601121730;2026;1;12;17;30;46034.72917;0;0;29.18333333;Considerar;S/D;No Considerar;No;Considerar;0;21.012;48.48519;0;0;;1608.07367;;;;;;;;;;
202601121745;2026;1;12;17;45;46034.73958;0;0;27.25;Considerar;S/D;No Considerar;No;Considerar;0;19.62;45.27315;0;0;;960.98257;;;;;;;;;;
202601121800;2026;1;12;18;0;46034.75;0;0;22.28333333;Considerar;S/D;No Considerar;No;Considerar;0;16.044;37.02153;0;0;;438.24137;;;;;;;;;;
202601121815;2026;1;12;18;15;46034.76042;0;0;22.05;Considerar;S/D;No Considerar;No;Considerar;0;15.876;36.63387;0;0;;122.01449;;;;;;;;;;
202601121830;2026;1;12;18;30;46034.77083;0;0;23.55;Considerar;S/D;No Considerar;No;Considerar;0;16.956;39.12597;0;0;;20.84872;;;;;;;;;;
202601121845;2026;1;12;18;45;46034.78125;0;0;22.31666667;Considerar;S/D;No Considerar;No;Considerar;0;16.068;37.07691;0;0;;-10.01289;;;;;;;;;;
202601121900;2026;1;12;19;0;46034.79167;0;0;16.88333333;Considerar;S/D;No Considerar;No;Considerar;0;12.156;28.04997;0;0;;-8.0565;;;;;;;;;;
202601121915;2026;1;12;19;15;46034.80208;0;0;12.6;Considerar;S/D;No Considerar;No;Considerar;0;9.072;20.93364;0;0;;-8.00345;;;;;;;;;;
202601121930;2026;1;12;19;30;46034.8125;0;0;8.916666667;Considerar;S/D;No Considerar;No;Considerar;0;6.42;14.81415;0;0;;-8.05698;;;;;;;;;;
202601121945;2026;1;12;19;45;46034.82292;0;0;6.616666667;Considerar;S/D;No Considerar;No;Considerar;0;4.764;10.99293;0;0;;-8.11252;;;;;;;;;;
202601122000;2026;1;12;20;0;46034.83333;0;0;6.5;Considerar;S/D;No Considerar;No;Considerar;0;4.68;10.7991;0;0;;-8.17366;;;;;;;;;;
202601122015;2026;1;12;20;15;46034.84375;0;0;6.083333333;Considerar;S/D;No Considerar;No;Considerar;0;4.38;10.10685;0;0;;-8.23665;;;;;;;;;;
202601122030;2026;1;12;20;30;46034.85417;0;0;2.5;Considerar;S/D;No Considerar;No;Considerar;0;1.8;4.1535;0;0;;-8.28264;;;;;;;;;;
202601122045;2026;1;12;20;45;46034.86458;0;0;0;Considerar;S/D;No Considerar;No;Considerar;0;0;0;0;0;;-8.28393;;;;;;;;;;
202601122100;2026;1;12;21;0;46034.875;0;0;0;Considerar;S/D;No Considerar;No;Considerar;0;0;0;0;0;;-8.35073;;;;;;;;;;
202601122115;2026;1;12;21;15;46034.88542;0;0;0;Considerar;S/D;No Considerar;No;Considerar;0;0;0;0;0;;-8.30499;;;;;;;;;;
202601122130;2026;1;12;21;30;46034.89583;0;0;0;Considerar;S/D;No Considerar;No;Considerar;0;0;0;0;0;;-8.30869;;;;;;;;;;
202601122145;2026;1;12;21;45;46034.90625;0;0;0;Considerar;S/D;No Considerar;No;Considerar;0;0;0;0;0;;-8.38667;;;;;;;;;;
202601122200;2026;1;12;22;0;46034.91667;0;0;0;Considerar;S/D;No Considerar;No;Considerar;0;0;0;0;0;;-8.50379;;;;;;;;;;
202601122215;2026;1;12;22;15;46034.92708;0;0;0;Considerar;S/D;No Considerar;No;Considerar;0;0;0;0;0;;-8.53926;;;;;;;;;;
202601122230;2026;1;12;22;30;46034.9375;0;0;0;Considerar;S/D;No Considerar;No;Considerar;0;0;0;0;0;;-8.48209;;;;;;;;;;
202601122245;2026;1;12;22;45;46034.94792;0;0;0;Considerar;S/D;No Considerar;No;Considerar;0;0;0;0;0;;-8.55452;;;;;;;;;;
202601122300;2026;1;12;23;0;46034.95833;0;0;0;Considerar;S/D;No Considerar;No;Considerar;0;0;0;0;0;;-8.55939;;;;;;;;;;
202601122315;2026;1;12;23;15;46034.96875;0;0;0;Considerar;S/D;No Considerar;No;Considerar;0;0;0;0;0;;-8.46942;;;;;;;;;;
202601122330;2026;1;12;23;30;46034.97917;0;0;0;Considerar;S/D;No Considerar;No;Considerar;0;0;0;0;0;;-8.43517;;;;;;;;;;
202601122345;2026;1;12;23;45;46034.98958;0;0;0;Considerar;S/D;No Considerar;No;Considerar;0;0;0;0;0;;-8.40207;;;;;;;;;;
202601130000;2026;1;13;0;0;46035;0;0;0;Considerar;S/D;No Considerar;No;Considerar;0;0;0;0;0;;-8.40395;;;;;;;;;;
202601130015;2026;1;13;0;15;46035.01042;0;0;0;Considerar;S/D;No Considerar;No;Considerar;0;0;0;0;0;;-8.44343;;;;;;;;;;
202601130030;2026;1;13;0;30;46035.02083;0;0;0;Considerar;S/D;No Considerar;No;Considerar;0;0;0;0;0;;-8.50975;;;;;;;;;;
202601130045;2026;1;13;0;45;46035.03125;0;0;0;Considerar;S/D;No Considerar;No;Considerar;0;0;0;0;0;;-8.53547;;;;;;;;;;
202601130100;2026;1;13;1;0;46035.04167;0;0;0;Considerar;S/D;No Considerar;No;Considerar;0;0;0;0;0;;-8.49577;;;;;;;;;;
202601130115;2026;1;13;1;15;46035.05208;0;0;0;Considerar;S/D;No Considerar;No;Considerar;0;0;0;0;0;;-8.38595;;;;;;;;;;
202601130130;2026;1;13;1;30;46035.0625;0;0;0;Considerar;S/D;No Considerar;No;Considerar;0;0;0;0;0;;-8.37185;;;;;;;;;;
202601130145;2026;1;13;1;45;46035.07292;0;0;0;Considerar;S/D;No Considerar;No;Considerar;0;0;0;0;0;;-8.45841;;;;;;;;;;
202601130200;2026;1;13;2;0;46035.08333;0;0;0;Considerar;S/D;No Considerar;No;Considerar;0;0;0;0;0;;-8.47043;;;;;;;;;;
202601130215;2026;1;13;2;15;46035.09375;0;0;0;Considerar;S/D;No Considerar;No;Considerar;0;0;0;0;0;;-8.51148;;;;;;;;;;
202601130230;2026;1;13;2;30;46035.10417;0;0;0;Considerar;S/D;No Considerar;No;Considerar;0;0;0;0;0;;-8.57128;;;;;;;;;;
202601130245;2026;1;13;2;45;46035.11458;0;0;0;Considerar;S/D;No Considerar;No;Considerar;0;0;0;0;0;;-8.57113;;;;;;;;;;
202601130300;2026;1;13;3;0;46035.125;0;0;0;Considerar;S/D;No Considerar;No;Considerar;0;0;0;0;0;;-8.42653;;;;;;;;;;
202601130315;2026;1;13;3;15;46035.13542;0;0;0;Considerar;S/D;No Considerar;No;Considerar;0;0;0;0;0;;-8.3926;;;;;;;;;;
202601130330;2026;1;13;3;30;46035.14583;0;0;0;Considerar;S/D;No Considerar;No;Considerar;0;0;0;0;0;;-8.17864;;;;;;;;;;
202601130345;2026;1;13;3;45;46035.15625;0;0;0;Considerar;S/D;No Considerar;No;Considerar;0;0;0;0;0;;-8.19739;;;;;;;;;;
202601130400;2026;1;13;4;0;46035.16667;0;0;0;Considerar;S/D;No Considerar;No;Considerar;0;0;0;0;0;;-8.22512;;;;;;;;;;
202601130415;2026;1;13;4;15;46035.17708;0;0;0;Considerar;S/D;No Considerar;No;Considerar;0;0;0;0;0;;-8.20235;;;;;;;;;;
202601130430;2026;1;13;4;30;46035.1875;0;0;0;Considerar;S/D;No Considerar;No;Considerar;0;0;0;0;0;;-8.24921;;;;;;;;;;
202601130445;2026;1;13;4;45;46035.19792;0;0;0;Considerar;S/D;No Considerar;No;Considerar;0;0;0;0;0;;-8.23584;;;;;;;;;;
202601130500;2026;1;13;5;0;46035.20833;0;0;0;Considerar;S/D;No Considerar;No;Considerar;0;0;0;0;0;;-8.31618;;;;;;;;;;
202601130515;2026;1;13;5;15;46035.21875;0;0;0;Considerar;S/D;No Considerar;No;Considerar;0;0;0;0;0;;-8.37135;;;;;;;;;;
202601130530;2026;1;13;5;30;46035.22917;0;0;0;Considerar;S/D;No Considerar;No;Considerar;0;0;0;0;0;;-8.34843;;;;;;;;;;
202601130545;2026;1;13;5;45;46035.23958;0;0;0;Considerar;S/D;No Considerar;No;Considerar;0;0;0;0;0;;-8.30393;;;;;;;;;;
202601130600;2026;1;13;6;0;46035.25;0;0;0;Considerar;S/D;No Considerar;No;Considerar;0;0;0;0;0;;-8.33788;;;;;;;;;;
202601130615;2026;1;13;6;15;46035.26042;0;0;0;Considerar;S/D;No Considerar;No;Considerar;0;0;0;0;0;;-8.34824;;;;;;;;;;
202601130630;2026;1;13;6;30;46035.27083;0;0;0;Considerar;S/D;No Considerar;No;Considerar;0;0;0;0;0;;-8.31811;;;;;;;;;;
202601130645;2026;1;13;6;45;46035.28125;0;0;0;Considerar;S/D;No Considerar;No;Considerar;0;0;0;0;0;;-8.27237;;;;;;;;;;
202601130700;2026;1;13;7;0;46035.29167;0;0;0;Considerar;S/D;No Considerar;No;Considerar;0;0;0;0;0;;-6.77082;;;;;;;;;;
202601130715;2026;1;13;7;15;46035.30208;0;0;0;Considerar;S/D;No Considerar;No;Considerar;0;0;0;0;0;;14.29657;;;;;;;;;;
202601130730;2026;1;13;7;30;46035.3125;0;0;0;Considerar;S/D;No Considerar;No;Considerar;0;0;0;0;0;;79.43164;;;;;;;;;;
202601130745;2026;1;13;7;45;46035.32292;0;0;0;Considerar;S/D;No Considerar;No;Considerar;0;0;0;0;0;;652.73233;;;;;;;;;;
202601130800;2026;1;13;8;0;46035.33333;0;0;0;Considerar;S/D;No Considerar;No;Considerar;0;0;0;0;0;;1336.383;;;;;;;;;;
202601130815;2026;1;13;8;15;46035.34375;0;0;0;Considerar;S/D;No Considerar;No;Considerar;0;0;0;0;0;;2128.177;;;;;;;;;;
202601130830;2026;1;13;8;30;46035.35417;0;0;0;Considerar;S/D;No Considerar;No;Considerar;0;0;0;0;0;;2983.396;;;;;;;;;;
202601130845;2026;1;13;8;45;46035.36458;0;0;0;Considerar;S/D;No Considerar;No;Considerar;0;0;0;0;0;;3765.09733;;;;;;;;;;
202601130900;2026;1;13;9;0;46035.375;0;0;0;Considerar;S/D;No Considerar;No;Considerar;0;0;0;0;0;;4592.67567;;;;;;;;;;
202601130915;2026;1;13;9;15;46035.38542;0;0;0;Considerar;S/D;No Considerar;No;Considerar;0;0;0;0;0;;5299.733;;;;;;;;;;
202601130930;2026;1;13;9;30;46035.39583;0;0;0;Considerar;S/D;No Considerar;No;Considerar;0;0;0;0;0;;5535.69967;;;;;;;;;;
202601130945;2026;1;13;9;45;46035.40625;0;0;0;Considerar;S/D;No Considerar;No;Considerar;0;0;0;0;0;;5583.47433;;;;;;;;;;
202601131000;2026;1;13;10;0;46035.41667;0;0;0;Considerar;S/D;No Considerar;No;Considerar;0;0;0;0;0;;5544.68433;;;;;;;;;;
202601131015;2026;1;13;10;15;46035.42708;0;0;0;Considerar;S/D;No Considerar;No;Considerar;0;0;0;0;0;;5158.855;;;;;;;;;;
202601131030;2026;1;13;10;30;46035.4375;0;0;0;Considerar;S/D;No Considerar;No;Considerar;0;0;0;0;0;;4743.13833;;;;;;;;;;
202601131045;2026;1;13;10;45;46035.44792;0;0;0;Considerar;S/D;No Considerar;No;Considerar;0;0;0;0;0;;5578.75733;;;;;;;;;;
202601131100;2026;1;13;11;0;46035.45833;0;0;0;Considerar;S/D;No Considerar;No;Considerar;0;0;0;0;0;;5030.48233;;;;;;;;;;
202601131115;2026;1;13;11;15;46035.46875;1991.7955;543.2;25.95;Considerar;Operando;Considerar;Si;Considerar;135.8;561.884;1296.54733;1991.7955;1296.54733;;5065.864;;;;;;;;;;
202601131130;2026;1;13;11;30;46035.47917;7716.353;1091.2;52.75;Considerar;Operando;Considerar;Si;Considerar;272.8;1129.18;2605.58285;7716.353;2605.58285;;5424.732;;;;;;;;;;
202601131145;2026;1;13;11;45;46035.48958;7747.734667;1099.1;54.31666667;Considerar;Operando;Considerar;Si;Considerar;274.775;1138.208;2626.41496;7747.734667;2626.41496;;5186.866;;;;;;;;;;
202601131200;2026;1;13;12;0;46035.5;7748.595333;1101.4;55.73333333;Considerar;Operando;Considerar;Si;Considerar;275.35;1141.528;2634.07586;7748.595333;2634.07586;;4160.97233;;;;;;;;;;
202601131215;2026;1;13;12;15;46035.51042;7755.139667;1105.833333;56.93333333;Considerar;Operando;Considerar;Si;Considerar;276.4583333;1146.825333;2646.299457;7755.139667;2646.299457;;4674.128;;;;;;;;;;
202601131230;2026;1;13;12;30;46035.52083;7757.538;1106.1;58.1;Considerar;Operando;Considerar;Si;Considerar;276.525;1147.932;2648.85309;7757.538;2648.85309;;5222.55767;;;;;;;;;;
202601131245;2026;1;13;12;45;46035.53125;7757.167333;1103.366667;58.65;Considerar;Operando;Considerar;Si;Considerar;275.8416667;1145.594667;2643.459693;7757.167333;2643.459693;;5482.68667;;;;;;;;;;
202601131300;2026;1;13;13;0;46035.54167;7754.096667;1103;59.36666667;Considerar;Operando;Considerar;Si;Considerar;275.75;1145.744;2643.80428;7754.096667;2643.80428;;4691.397;;;;;;;;;;
202601131315;2026;1;13;13;15;46035.55208;7757.105333;1101.1;59.66666667;Considerar;Operando;Considerar;Si;Considerar;275.275;1144.06;2639.91845;7757.105333;2639.91845;;5137.14933;;;;;;;;;;
202601131330;2026;1;13;13;30;46035.5625;7755.926667;1105.033333;59.3;Considerar;Operando;Considerar;Si;Considerar;276.2583333;1147.729333;2648.385437;7755.926667;2648.385437;;5227.989;;;;;;;;;;
202601131345;2026;1;13;13;45;46035.57292;7754.682;1097.066667;58.7;Considerar;Operando;Considerar;Si;Considerar;274.2666667;1139.330667;2629.005513;7754.682;2629.005513;;5342.276;;;;;;;;;;
202601131400;2026;1;13;14;0;46035.58333;7758.127333;1107.566667;58.91666667;Considerar;Operando;Considerar;Si;Considerar;276.8916667;1149.986667;2653.594233;7758.127333;2653.594233;;5294.213;;;;;;;;;;
202601131415;2026;1;13;14;15;46035.59375;7754.911667;1106.733333;58.5;Considerar;Operando;Considerar;Si;Considerar;276.6833333;1148.853333;2650.979067;7754.911667;2650.979067;;4585.18267;;;;;;;;;;
202601131430;2026;1;13;14;30;46035.60417;7750.677;1102.466667;57.85;Considerar;Operando;Considerar;Si;Considerar;275.6166667;1144.118667;2640.053823;7750.677;2640.053823;;5028.15433;;;;;;;;;;
202601131445;2026;1;13;14;45;46035.61458;7750.169;1112.166667;58.58333333;Considerar;Operando;Considerar;Si;Considerar;278.0416667;1154.346667;2663.654933;7750.169;2663.654933;;4686.74833;;;;;;;;;;
202601131500;2026;1;13;15;0;46035.625;7752.569;1114.233333;58;Considerar;Operando;Considerar;Si;Considerar;278.5583333;1155.993333;2667.454617;7752.569;2667.454617;;5167.93833;;;;;;;;;;
202601131515;2026;1;13;15;15;46035.63542;7740.079667;1105.766667;57.81666667;Considerar;Operando;Considerar;Si;Considerar;276.4416667;1147.394667;2647.613193;7740.079667;2647.613193;;4835.728;;;;;;;;;;
202601131530;2026;1;13;15;30;46035.64583;7738.173667;1104;56.66666667;Considerar;Operando;Considerar;Si;Considerar;276;1144.8;2641.626;7738.173667;2641.626;;5264.235;;;;;;;;;;
202601131545;2026;1;13;15;45;46035.65625;7723.02;1101.966667;55.36666667;Considerar;Operando;Considerar;Si;Considerar;275.4916667;1141.830667;2634.774263;7723.02;2634.774263;;3962.61367;;;;;;;;;;
202601131600;2026;1;13;16;0;46035.66667;7675.038;1099.6;54.53333333;Considerar;Operando;Considerar;Si;Considerar;274.9;1138.864;2627.92868;7675.038;2627.92868;;4173.833;;;;;;;;;;
202601131615;2026;1;13;16;15;46035.67708;7693.069333;1099.6;53.55;Considerar;Operando;Considerar;Si;Considerar;274.9;1138.156;2626.29497;7693.069333;2626.29497;;4144.333;;;;;;;;;;
202601131630;2026;1;13;16;30;46035.6875;7614.503333;1095.566667;51.83333333;Considerar;Operando;Considerar;Si;Considerar;273.8916667;1132.886667;2614.135983;7614.503333;2614.135983;;2727.98733;;;;;;;;;;
202601131645;2026;1;13;16;45;46035.69792;7595.276;1082.766667;50.25;Considerar;Operando;Considerar;Si;Considerar;270.6916667;1118.946667;2581.969433;7595.276;2581.969433;;2430.70733;;;;;;;;;;
202601131700;2026;1;13;17;0;46035.70833;7579.354333;1074.366667;49.2;Considerar;Operando;Considerar;Si;Considerar;268.5916667;1109.790667;2560.841963;7579.354333;2560.841963;;2306.74133;;;;;;;;;;
202601131715;2026;1;13;17;15;46035.71875;7522.781333;1056.233333;47.86666667;Considerar;Operando;Considerar;Si;Considerar;264.0583333;1090.697333;2516.784097;7522.781333;2516.784097;;1631.681;;;;;;;;;;
202601131730;2026;1;13;17;30;46035.72917;7421.181667;1039.7;46.53333333;Considerar;Operando;Considerar;Si;Considerar;259.925;1073.204;2476.41823;7421.181667;2476.41823;;1071.3792;;;;;;;;;;
202601131745;2026;1;13;17;45;46035.73958;7392.2;1027.8;45.26666667;Considerar;Operando;Considerar;Si;Considerar;256.95;1060.392;2446.85454;7392.2;2446.85454;;633.8794;;;;;;;;;;
202601131800;2026;1;13;18;0;46035.75;7036.297667;991.1333333;41;Considerar;Operando;Considerar;Si;Considerar;247.7833333;1020.653333;2355.157567;7036.297667;2355.157567;;295.06133;;;;;;;;;;
202601131815;2026;1;13;18;15;46035.76042;6489.606333;902.8666667;38.9;Considerar;Operando;Considerar;Si;Considerar;225.7166667;930.8746667;2147.993293;6489.606333;2147.993293;;99.31918;;;;;;;;;;
202601131830;2026;1;13;18;30;46035.77083;5843.878;807.4666667;39.38333333;Considerar;Operando;Considerar;Si;Considerar;201.8666667;835.8226667;1928.660803;5843.878;1928.660803;;19.14517;;;;;;;;;;
202601131845;2026;1;13;18;45;46035.78125;5220.425333;711.3666667;38.3;Considerar;Operando;Considerar;Si;Considerar;177.8416667;738.9426667;1705.110203;5220.425333;1705.110203;;-9.38441;;;;;;;;;;
202601131900;2026;1;13;19;0;46035.79167;4495.978;614.9;32.33333333;Considerar;Operando;Considerar;Si;Considerar;153.725;638.18;1472.60035;4495.978;1472.60035;;-8.14221;;;;;;;;;;
202601131915;2026;1;13;19;15;46035.80208;3772.804;520.2333333;24.83333333;Considerar;Operando;Considerar;Si;Considerar;130.0583333;538.1133333;1241.696517;3772.804;1241.696517;;-7.8903;;;;;;;;;;
202601131930;2026;1;13;19;30;46035.8125;3027.753667;436.9;18.78333333;Considerar;Operando;Considerar;Si;Considerar;109.225;450.424;1039.35338;3027.753667;1039.35338;;-7.87516;;;;;;;;;;
202601131945;2026;1;13;19;45;46035.82292;2278.450667;336.1666667;14.11666667;Considerar;Operando;Considerar;Si;Considerar;84.04166667;346.3306667;799.1580133;2278.450667;799.1580133;;-7.91856;;;;;;;;;;
202601132000;2026;1;13;20;0;46035.83333;1552.070667;252;13.8;Considerar;Operando;Considerar;Si;Considerar;63;261.936;604.41732;1552.070667;604.41732;;-8.13972;;;;;;;;;;
202601132015;2026;1;13;20;15;46035.84375;906.9748667;172.0666667;15.55;Considerar;Operando;Considerar;Si;Considerar;43.01666667;183.2626667;422.8786033;906.9748667;422.8786033;;-8.01595;;;;;;;;;;
202601132030;2026;1;13;20;30;46035.85417;420.4398333;100.2333333;12.13333333;Considerar;Operando;Considerar;Si;Considerar;25.05833333;108.9693333;251.4467367;420.4398333;251.4467367;;-8.00843;;;;;;;;;;
202601132045;2026;1;13;20;45;46035.86458;158.4807;46.96666667;7.8;Considerar;Operando;No Considerar;No;Considerar;0;52.58266667;121.3345033;0;0;;-8.06167;;;;;;;;;;
202601132100;2026;1;13;21;0;46035.875;42.42150667;16.3;2.1;Considerar;Operando;No Considerar;No;Considerar;0;17.812;41.10119;0;0;;-8.09583;;;;;;;;;;
202601132115;2026;1;13;21;15;46035.88542;0;2.866666667;0.716666667;Considerar;S/D;No Considerar;No;Considerar;0;3.382666667;7.805503333;0;0;;-8.16366;;;;;;;;;;
202601132130;2026;1;13;21;30;46035.89583;0;0.733333333;0.45;Considerar;S/D;No Considerar;No;Considerar;0;1.057333333;2.439796667;0;0;;-8.20579;;;;;;;;;;
202601132145;2026;1;13;21;45;46035.90625;0;0.133333333;0.316666667;Considerar;S/D;No Considerar;No;Considerar;0;0.361333333;0.833776667;0;0;;-8.21484;;;;;;;;;;
202601132200;2026;1;13;22;0;46035.91667;0;0.033333333;0.183333333;Considerar;S/D;No Considerar;No;Considerar;0;0.165333333;0.381506667;0;0;;-8.24682;;;;;;;;;;
202601132215;2026;1;13;22;15;46035.92708;0;0.033333333;0.15;Considerar;S/D;No Considerar;No;Considerar;0;0.141333333;0.326126667;0;0;;-8.30976;;;;;;;;;;
202601132230;2026;1;13;22;30;46035.9375;0;0;0.116666667;Considerar;S/D;No Considerar;No;Considerar;0;0.084;0.19383;0;0;;-8.30686;;;;;;;;;;
202601132245;2026;1;13;22;45;46035.94792;0;0;0.083333333;Considerar;S/D;No Considerar;No;Considerar;0;0.06;0.13845;0;0;;-8.34479;;;;;;;;;;
202601132300;2026;1;13;23;0;46035.95833;0;0;0.066666667;Considerar;S/D;No Considerar;No;Considerar;0;0.048;0.11076;0;0;;-8.3695;;;;;;;;;;
202601132315;2026;1;13;23;15;46035.96875;0;0;0;Considerar;S/D;No Considerar;No;Considerar;0;0;0;0;0;;-8.38014;;;;;;;;;;
202601132330;2026;1;13;23;30;46035.97917;0;0;0;Considerar;S/D;No Considerar;No;Considerar;0;0;0;0;0;;-8.49613;;;;;;;;;;
202601132345;2026;1;13;23;45;46035.98958;0;0.033333333;0.016666667;Considerar;S/D;No Considerar;No;Considerar;0;0.045333333;0.104606667;0;0;;-8.52112;;;;;;;;;;
202601140000;2026;1;14;0;0;46036;0;0;0;Considerar;S/D;No Considerar;No;Considerar;0;0;0;0;0;;-8.49021;;;;;;;;;;
202601140015;2026;1;14;0;15;46036.01042;0;0.2;0.133333333;Considerar;S/D;No Considerar;No;Considerar;0;0.296;0.68302;0;0;;-8.4435;;;;;;;;;;
202601140030;2026;1;14;0;30;46036.02083;0;-0.3;-0.05;Considerar;S/D;No Considerar;No;Considerar;0;-0.336;-0.77532;0;0;;-8.40974;;;;;;;;;;
202601140045;2026;1;14;0;45;46036.03125;0;-0.333333333;-0.133333333;Considerar;S/D;No Considerar;No;Considerar;0;-0.429333333;-0.990686667;0;0;;-8.48012;;;;;;;;;;
202601140100;2026;1;14;1;0;46036.04167;0;0.133333333;0.05;Considerar;S/D;No Considerar;No;Considerar;0;0.169333333;0.390736667;0;0;;-8.42734;;;;;;;;;;
202601140115;2026;1;14;1;15;46036.05208;0;0.133333333;0.066666667;Considerar;S/D;No Considerar;No;Considerar;0;0.181333333;0.418426667;0;0;;-8.46182;;;;;;;;;;
202601140130;2026;1;14;1;30;46036.0625;0;0.033333333;0.166666667;Considerar;S/D;No Considerar;No;Considerar;0;0.153333333;0.353816667;0;0;;-8.47714;;;;;;;;;;
202601140145;2026;1;14;1;45;46036.07292;0;0.133333333;0.216666667;Considerar;S/D;No Considerar;No;Considerar;0;0.289333333;0.667636667;0;0;;-8.48669;;;;;;;;;;
202601140200;2026;1;14;2;0;46036.08333;0;0.233333333;0.233333333;Considerar;S/D;No Considerar;No;Considerar;0;0.401333333;0.926076667;0;0;;-8.50536;;;;;;;;;;
202601140215;2026;1;14;2;15;46036.09375;0;0.166666667;0.216666667;Considerar;S/D;No Considerar;No;Considerar;0;0.322666667;0.744553333;0;0;;-8.58988;;;;;;;;;;
202601140230;2026;1;14;2;30;46036.10417;0;0.2;0.25;Considerar;S/D;No Considerar;No;Considerar;0;0.38;0.87685;0;0;;-8.559;;;;;;;;;;
202601140245;2026;1;14;2;45;46036.11458;0;0.133333333;0.133333333;Considerar;S/D;No Considerar;No;Considerar;0;0.229333333;0.529186667;0;0;;-8.58539;;;;;;;;;;
202601140300;2026;1;14;3;0;46036.125;0;0.033333333;0.016666667;Considerar;S/D;No Considerar;No;Considerar;0;0.045333333;0.104606667;0;0;;-8.6051;;;;;;;;;;
202601140315;2026;1;14;3;15;46036.13542;0;0;0.1;Considerar;S/D;No Considerar;No;Considerar;0;0.072;0.16614;0;0;;-8.38717;;;;;;;;;;
202601140330;2026;1;14;3;30;46036.14583;0;0;0.033333333;Considerar;S/D;No Considerar;No;Considerar;0;0.024;0.05538;0;0;;-8.44412;;;;;;;;;;
202601140345;2026;1;14;3;45;46036.15625;0;0;0.016666667;Considerar;S/D;No Considerar;No;Considerar;0;0.012;0.02769;0;0;;-8.37414;;;;;;;;;;
202601140400;2026;1;14;4;0;46036.16667;0;-0.233333333;0;Considerar;S/D;No Considerar;No;Considerar;0;-0.233333333;-0.538416667;0;0;;-8.50105;;;;;;;;;;
202601140415;2026;1;14;4;15;46036.17708;0;-0.233333333;-0.233333333;Considerar;S/D;No Considerar;No;Considerar;0;-0.401333333;-0.926076667;0;0;;-8.43007;;;;;;;;;;
202601140430;2026;1;14;4;30;46036.1875;0;-0.3;-0.15;Considerar;S/D;No Considerar;No;Considerar;0;-0.408;-0.94146;0;0;;-8.41769;;;;;;;;;;
202601140445;2026;1;14;4;45;46036.19792;0;-0.366666667;-0.05;Considerar;S/D;No Considerar;No;Considerar;0;-0.402666667;-0.929153333;0;0;;-8.37152;;;;;;;;;;
202601140500;2026;1;14;5;0;46036.20833;0;-0.166666667;0;Considerar;S/D;No Considerar;No;Considerar;0;-0.166666667;-0.384583333;0;0;;-8.41118;;;;;;;;;;
202601140515;2026;1;14;5;15;46036.21875;0;0;0.083333333;Considerar;S/D;No Considerar;No;Considerar;0;0.06;0.13845;0;0;;-8.3345;;;;;;;;;;
202601140530;2026;1;14;5;30;46036.22917;0;-0.033333333;0;Considerar;S/D;No Considerar;No;Considerar;0;-0.033333333;-0.076916667;0;0;;-8.30529;;;;;;;;;;
202601140545;2026;1;14;5;45;46036.23958;0;0.066666667;0;Considerar;S/D;No Considerar;No;Considerar;0;0.066666667;0.153833333;0;0;;-8.27902;;;;;;;;;;
202601140600;2026;1;14;6;0;46036.25;0;0.1;0.066666667;Considerar;S/D;No Considerar;No;Considerar;0;0.148;0.34151;0;0;;-8.20489;;;;;;;;;;
202601140615;2026;1;14;6;15;46036.26042;0;0.1;0.05;Considerar;S/D;No Considerar;No;Considerar;0;0.136;0.31382;0;0;;-8.04577;;;;;;;;;;
202601140630;2026;1;14;6;30;46036.27083;0;0.266666667;0.05;Considerar;S/D;No Considerar;No;Considerar;0;0.302666667;0.698403333;0;0;;-7.93717;;;;;;;;;;
202601140645;2026;1;14;6;45;46036.28125;0;1.233333333;0.05;Considerar;S/D;No Considerar;No;Considerar;0;1.269333333;2.928986667;0;0;;-7.87059;;;;;;;;;;
202601140700;2026;1;14;7;0;46036.29167;34.00473333;6.166666667;0.4;Considerar;Operando;No Considerar;No;Considerar;0;6.454666667;14.89414333;0;0;;-7.18599;;;;;;;;;;
202601140715;2026;1;14;7;15;46036.30208;153.7590033;15.43333333;1.066666667;Considerar;Operando;No Considerar;No;Considerar;0;16.20133333;37.38457667;0;0;;18.67165;;;;;;;;;;
202601140730;2026;1;14;7;30;46036.3125;521.1318;77.53333333;4.45;Considerar;Operando;No Considerar;No;Considerar;0;80.73733333;186.3013967;0;0;;103.14014;;;;;;;;;;
202601140745;2026;1;14;7;45;46036.32292;975.8726;154.9;7.75;Considerar;Operando;Considerar;Si;Considerar;38.725;160.48;370.3076;975.8726;370.3076;;565.4738;;;;;;;;;;
202601140800;2026;1;14;8;0;46036.33333;1584.563;235.2333333;8.583333333;Considerar;Operando;Considerar;Si;Considerar;58.80833333;241.4133333;557.0612667;1584.563;557.0612667;;1235.85367;;;;;;;;;;
202601140815;2026;1;14;8;15;46036.34375;2341.368667;308.7666667;9.7;Considerar;Operando;Considerar;Si;Considerar;77.19166667;315.7506667;728.5946633;2341.368667;728.5946633;;1760.205;;;;;;;;;;
202601140830;2026;1;14;8;30;46036.35417;3276.637;399.9;12.16666667;Considerar;Operando;Considerar;Si;Considerar;99.975;408.66;942.98295;3276.637;942.98295;;2661.88967;;;;;;;;;;
202601140845;2026;1;14;8;45;46036.36458;4310.404;503.5;14.78333333;Considerar;Operando;Considerar;Si;Considerar;125.875;514.144;1186.38728;4310.404;1186.38728;;3599.96033;;;;;;;;;;
202601140900;2026;1;14;9;0;46036.375;5171.747667;601.4333333;17.86666667;Considerar;Operando;Considerar;Si;Considerar;150.3583333;614.2973333;1417.491097;5171.747667;1417.491097;;3691.31833;;;;;;;;;;
202601140915;2026;1;14;9;15;46036.38542;5883.220667;699.1333333;21.83333333;Considerar;Operando;Considerar;Si;Considerar;174.7833333;714.8533333;1649.524067;5883.220667;1649.524067;;4602.708;;;;;;;;;;
202601140930;2026;1;14;9;30;46036.39583;6565.601;795.5666667;26.61666667;Considerar;Operando;Considerar;Si;Considerar;198.8916667;814.7306667;1879.991013;6565.601;1879.991013;;4795.11933;;;;;;;;;;
202601140945;2026;1;14;9;45;46036.40625;7189.408667;882.9333333;31.18333333;Considerar;Operando;Considerar;Si;Considerar;220.7333333;905.3853333;2089.176657;7189.408667;2089.176657;;4644.17167;;;;;;;;;;
202601141000;2026;1;14;10;0;46036.41667;7565.911;974.7;41.4;Considerar;Operando;Considerar;Si;Considerar;243.675;1004.508;2317.90221;7565.911;2317.90221;;5249.08933;;;;;;;;;;
202601141015;2026;1;14;10;15;46036.42708;7694.322;1013.466667;46.28333333;Considerar;Operando;Considerar;Si;Considerar;253.3666667;1046.790667;2415.469463;7694.322;2415.469463;;5402.15433;;;;;;;;;;
202601141030;2026;1;14;10;30;46036.4375;7748.014;1031.6;48.01666667;Considerar;Operando;Considerar;Si;Considerar;257.9;1066.172;2460.19189;7748.014;2460.19189;;5385.204;;;;;;;;;;
202601141045;2026;1;14;10;45;46036.44792;7760.241;1047;49.4;Considerar;Operando;Considerar;Si;Considerar;261.75;1082.568;2498.02566;7760.241;2498.02566;;4931.39033;;;;;;;;;;
202601141100;2026;1;14;11;0;46036.45833;7762.973333;1055.633333;50.58333333;Considerar;Operando;Considerar;Si;Considerar;263.9083333;1092.053333;2519.913067;7762.973333;2519.913067;;5420.05167;;;;;;;;;;
202601141115;2026;1;14;11;15;46036.46875;7766.092;1062.866667;51.68333333;Considerar;Operando;Considerar;Si;Considerar;265.7166667;1100.078667;2538.431523;7766.092;2538.431523;;5513.772;;;;;;;;;;
202601141130;2026;1;14;11;30;46036.47917;7767.843;1067.466667;52.65;Considerar;Operando;Considerar;Si;Considerar;266.8666667;1105.374667;2550.652043;7767.843;2550.652043;;5484.85333;;;;;;;;;;
202601141145;2026;1;14;11;45;46036.48958;7770.423333;1072.1;54.16666667;Considerar;Operando;Considerar;Si;Considerar;268.025;1111.1;2563.86325;7770.423333;2563.86325;;5093.14667;;;;;;;;;;
202601141200;2026;1;14;12;0;46036.5;7770.056667;1073.366667;55.51666667;Considerar;Operando;Considerar;Si;Considerar;268.3416667;1113.338667;2569.028973;7770.056667;2569.028973;;5200.07533;;;;;;;;;;
202601141215;2026;1;14;12;15;46036.51042;7774.059333;1076.266667;56.5;Considerar;Operando;Considerar;Si;Considerar;269.0666667;1116.946667;2577.354433;7774.059333;2577.354433;;4180.25;;;;;;;;;;
202601141230;2026;1;14;12;30;46036.52083;7777.647;1084.733333;57.15;Considerar;Operando;Considerar;Si;Considerar;271.1833333;1125.881333;2597.971177;7777.647;2597.971177;;3216.65733;;;;;;;;;;
202601141245;2026;1;14;12;45;46036.53125;7780.747;1089.166667;57.73333333;Considerar;Operando;Considerar;Si;Considerar;272.2916667;1130.734667;2609.170243;7780.747;2609.170243;;2954.34767;;;;;;;;;;
202601141300;2026;1;14;13;0;46036.54167;7784.588667;1091.266667;58.6;Considerar;Operando;Considerar;Si;Considerar;272.8166667;1133.458667;2615.455873;7784.588667;2615.455873;;2930.64933;;;;;;;;;;
202601141315;2026;1;14;13;15;46036.55208;7786.136;1092.066667;58.53333333;Considerar;Operando;Considerar;Si;Considerar;273.0166667;1134.210667;2617.191113;7786.136;2617.191113;;2768.95933;;;;;;;;;;
202601141330;2026;1;14;13;30;46036.5625;7787.134;1096.666667;58.7;Considerar;Operando;Considerar;Si;Considerar;274.1666667;1138.930667;2628.082513;7787.134;2628.082513;;2915.53933;;;;;;;;;;
202601141345;2026;1;14;13;45;46036.57292;7788.959667;1102.866667;58.91666667;Considerar;Operando;Considerar;Si;Considerar;275.7166667;1145.286667;2642.748983;7788.959667;2642.748983;;3006.331;;;;;;;;;;
202601141400;2026;1;14;14;0;46036.58333;7786.678333;1105.166667;58.9;Considerar;Operando;Considerar;Si;Considerar;276.2916667;1147.574667;2648.028543;7786.678333;2648.028543;;3508.52467;;;;;;;;;;
202601141415;2026;1;14;14;15;46036.59375;7782.358667;1106.466667;58.81666667;Considerar;Operando;Considerar;Si;Considerar;276.6166667;1148.814667;2650.889843;7782.358667;2650.889843;;3620.72867;;;;;;;;;;
202601141430;2026;1;14;14;30;46036.60417;7779.024333;1109.133333;59.08333333;Considerar;Operando;Considerar;Si;Considerar;277.2833333;1151.673333;2657.486217;7779.024333;2657.486217;;2671.68333;;;;;;;;;;
202601141445;2026;1;14;14;45;46036.61458;7777.013667;1109.666667;58.78333333;Considerar;Operando;Considerar;Si;Considerar;277.4166667;1151.990667;2658.218463;7777.013667;2658.218463;;2955.30867;;;;;;;;;;
202601141500;2026;1;14;15;0;46036.625;7773.457667;1101.566667;57.93333333;Considerar;Operando;Considerar;Si;Considerar;275.3916667;1143.278667;2638.115523;7773.457667;2638.115523;;2725.00867;;;;;;;;;;
202601141515;2026;1;14;15;15;46036.63542;7773.590667;1103.366667;57.83333333;Considerar;Operando;Considerar;Si;Considerar;275.8416667;1145.006667;2642.102883;7773.590667;2642.102883;;2684.222;;;;;;;;;;
202601141530;2026;1;14;15;30;46036.64583;7773.484333;1099.233333;56.9;Considerar;Operando;Considerar;Si;Considerar;274.8083333;1140.201333;2631.014577;7773.484333;2631.014577;;3626.08433;;;;;;;;;;
202601141545;2026;1;14;15;45;46036.65625;7769.988667;1095.266667;55.7;Considerar;Operando;Considerar;Si;Considerar;273.8166667;1135.370667;2619.867813;7769.988667;2619.867813;;3611.93267;;;;;;;;;;
202601141600;2026;1;14;16;0;46036.66667;7770.864333;1096.5;54.98333333;Considerar;Operando;Considerar;Si;Considerar;274.125;1136.088;2621.52306;7770.864333;2621.52306;;2087.729;;;;;;;;;;
202601141615;2026;1;14;16;15;46036.67708;7770.143333;1094;53.83333333;Considerar;Operando;Considerar;Si;Considerar;273.5;1132.76;2613.8437;7770.143333;2613.8437;;2576.75567;;;;;;;;;;
202601141630;2026;1;14;16;30;46036.6875;7763.771333;1085.733333;52.11666667;Considerar;Operando;Considerar;Si;Considerar;271.4333333;1123.257333;2591.916297;7763.771333;2591.916297;;4744.72567;;;;;;;;;;
202601141645;2026;1;14;16;45;46036.69792;7759.945333;1077.566667;51.11666667;Considerar;Operando;Considerar;Si;Considerar;269.3916667;1114.370667;2571.410313;7759.945333;2571.410313;;3425.182;;;;;;;;;;
202601141700;2026;1;14;17;0;46036.70833;7754.229667;1068.233333;49.88333333;Considerar;Operando;Considerar;Si;Considerar;267.0583333;1104.149333;2547.824587;7754.229667;2547.824587;;2025.94367;;;;;;;;;;
202601141715;2026;1;14;17;15;46036.71875;7745.022333;1058.166667;48.71666667;Considerar;Operando;Considerar;Si;Considerar;264.5416667;1093.242667;2522.657453;7745.022333;2522.657453;;899.7137;;;;;;;;;;
202601141730;2026;1;14;17;30;46036.72917;7708.82;1048.033333;47.4;Considerar;Operando;Considerar;Si;Considerar;262.0083333;1082.161333;2497.087277;7708.82;2497.087277;;655.6498;;;;;;;;;;
202601141745;2026;1;14;17;45;46036.73958;7626.428;1029.433333;45.81666667;Considerar;Operando;Considerar;Si;Considerar;257.3583333;1062.421333;2451.537227;7626.428;2451.537227;;354.1887;;;;;;;;;;
202601141800;2026;1;14;18;0;46036.75;7277.799667;997;40.51666667;Considerar;Operando;Considerar;Si;Considerar;249.25;1026.172;2367.89189;7277.799667;2367.89189;;157.68507;;;;;;;;;;
202601141815;2026;1;14;18;15;46036.76042;6666.565333;895.6;38.88333333;Considerar;Operando;Considerar;Si;Considerar;223.9;923.596;2131.19777;6666.565333;2131.19777;;144.03021;;;;;;;;;;
202601141830;2026;1;14;18;30;46036.77083;5954.057333;789.5333333;38.9;Considerar;Operando;Considerar;Si;Considerar;197.3833333;817.5413333;1886.476627;5954.057333;1886.476627;;30.40464;;;;;;;;;;
202601141845;2026;1;14;18;45;46036.78125;5271.236333;694.9;37.81666667;Considerar;Operando;Considerar;Si;Considerar;173.725;722.128;1666.31036;5271.236333;1666.31036;;-11.29536;;;;;;;;;;
202601141900;2026;1;14;19;0;46036.79167;4553.295667;609.6666667;32.53333333;Considerar;Operando;Considerar;Si;Considerar;152.4166667;633.0906667;1460.856713;4553.295667;1460.856713;;-8.08087;;;;;;;;;;
202601141915;2026;1;14;19;15;46036.80208;3834.248667;505.8333333;25.68333333;Considerar;Operando;Considerar;Si;Considerar;126.4583333;524.3253333;1209.880707;3834.248667;1209.880707;;-8.22869;;;;;;;;;;
202601141930;2026;1;14;19;30;46036.8125;3057.956667;414.4;18.3;Considerar;Operando;Considerar;Si;Considerar;103.6;427.576;986.63162;3057.956667;986.63162;;-8.05071;;;;;;;;;;
202601141945;2026;1;14;19;45;46036.82292;2310.685;329.6666667;14.23333333;Considerar;Operando;Considerar;Si;Considerar;82.41666667;339.9146667;784.3530933;2310.685;784.3530933;;-8.18238;;;;;;;;;;
202601142000;2026;1;14;20;0;46036.83333;1555.815333;247.1;14.2;Considerar;Operando;Considerar;Si;Considerar;61.775;257.324;593.77513;1555.815333;593.77513;;-8.08339;;;;;;;;;;
202601142015;2026;1;14;20;15;46036.84375;925.5781667;167.4666667;14.83333333;Considerar;Operando;Considerar;Si;Considerar;41.86666667;178.1466667;411.0734333;925.5781667;411.0734333;;-8.08223;;;;;;;;;;
202601142030;2026;1;14;20;30;46036.85417;427.1970667;103.0333333;12.2;Considerar;Operando;Considerar;Si;Considerar;25.75833333;111.8173333;258.0184967;427.1970667;258.0184967;;-8.04448;;;;;;;;;;
202601142045;2026;1;14;20;45;46036.86458;172.5071667;47.1;8.266666667;Considerar;Operando;No Considerar;No;Considerar;0;53.052;122.41749;0;0;;-8.10273;;;;;;;;;;
202601142100;2026;1;14;21;0;46036.875;46.51338667;13.4;1.733333333;Considerar;Operando;No Considerar;No;Considerar;0;14.648;33.80026;0;0;;-8.11377;;;;;;;;;;
202601142115;2026;1;14;21;15;46036.88542;0;3.166666667;0.516666667;Considerar;S/D;No Considerar;No;Considerar;0;3.538666667;8.165473333;0;0;;-8.12097;;;;;;;;;;
202601142130;2026;1;14;21;30;46036.89583;0;0.4;0.166666667;Considerar;S/D;No Considerar;No;Considerar;0;0.52;1.1999;0;0;;-8.20165;;;;;;;;;;
202601142145;2026;1;14;21;45;46036.90625;0;0.066666667;0.1;Considerar;S/D;No Considerar;No;Considerar;0;0.138666667;0.319973333;0;0;;-8.27089;;;;;;;;;;
202601142200;2026;1;14;22;0;46036.91667;0;0.033333333;0.083333333;Considerar;S/D;No Considerar;No;Considerar;0;0.093333333;0.215366667;0;0;;-8.32977;;;;;;;;;;
202601142215;2026;1;14;22;15;46036.92708;0;0;0.083333333;Considerar;S/D;No Considerar;No;Considerar;0;0.06;0.13845;0;0;;-8.26155;;;;;;;;;;
202601142230;2026;1;14;22;30;46036.9375;0;-0.033333333;0.016666667;Considerar;S/D;No Considerar;No;Considerar;0;-0.021333333;-0.049226667;0;0;;-7.85356;;;;;;;;;;
202601142245;2026;1;14;22;45;46036.94792;0;0;0.05;Considerar;S/D;No Considerar;No;Considerar;0;0.036;0.08307;0;0;;-7.84112;;;;;;;;;;
202601142300;2026;1;14;23;0;46036.95833;0;0;0.083333333;Considerar;S/D;No Considerar;No;Considerar;0;0.06;0.13845;0;0;;-7.76796;;;;;;;;;;
202601142315;2026;1;14;23;15;46036.96875;0;0;0;Considerar;S/D;No Considerar;No;Considerar;0;0;0;0;0;;-7.99116;;;;;;;;;;
202601142330;2026;1;14;23;30;46036.97917;0;0;0.033333333;Considerar;S/D;No Considerar;No;Considerar;0;0.024;0.05538;0;0;;-7.83237;;;;;;;;;;
202601142345;2026;1;14;23;45;46036.98958;0;-0.033333333;0;Considerar;S/D;No Considerar;No;Considerar;0;-0.033333333;-0.076916667;0;0;;-7.98877;;;;;;;;;;
202601150000;2026;1;15;0;0;46037;0;-0.066666667;0;Considerar;S/D;No Considerar;No;Considerar;0;-0.066666667;-0.153833333;0;0;;-7.93256;;;;;;;;;;
202601150015;2026;1;15;0;15;46037.01042;0;0;0;Considerar;S/D;No Considerar;No;Considerar;0;0;0;0;0;;-8.01759;;;;;;;;;;
202601150030;2026;1;15;0;30;46037.02083;0;0;0;Considerar;S/D;No Considerar;No;Considerar;0;0;0;0;0;;-8.06739;;;;;;;;;;
202601150045;2026;1;15;0;45;46037.03125;0;0;0;Considerar;S/D;No Considerar;No;Considerar;0;0;0;0;0;;-8.08196;;;;;;;;;;
202601150100;2026;1;15;1;0;46037.04167;0;0;0;Considerar;S/D;No Considerar;No;Considerar;0;0;0;0;0;;-8.06351;;;;;;;;;;
202601150115;2026;1;15;1;15;46037.05208;0;-0.033333333;0;Considerar;S/D;No Considerar;No;Considerar;0;-0.033333333;-0.076916667;0;0;;-8.15608;;;;;;;;;;
202601150130;2026;1;15;1;30;46037.0625;0;-0.066666667;0;Considerar;S/D;No Considerar;No;Considerar;0;-0.066666667;-0.153833333;0;0;;-8.1717;;;;;;;;;;
202601150145;2026;1;15;1;45;46037.07292;0;0;0;Considerar;S/D;No Considerar;No;Considerar;0;0;0;0;0;;-8.18605;;;;;;;;;;
202601150200;2026;1;15;2;0;46037.08333;0;0;0;Considerar;S/D;No Considerar;No;Considerar;0;0;0;0;0;;-8.17232;;;;;;;;;;
202601150215;2026;1;15;2;15;46037.09375;0;0.066666667;0.033333333;Considerar;S/D;No Considerar;No;Considerar;0;0.090666667;0.209213333;0;0;;-8.18947;;;;;;;;;;
202601150230;2026;1;15;2;30;46037.10417;0;0.1;0.15;Considerar;S/D;No Considerar;No;Considerar;0;0.208;0.47996;0;0;;-8.1915;;;;;;;;;;
202601150245;2026;1;15;2;45;46037.11458;0;0.066666667;0.05;Considerar;S/D;No Considerar;No;Considerar;0;0.102666667;0.236903333;0;0;;-8.20168;;;;;;;;;;
202601150300;2026;1;15;3;0;46037.125;0;-0.033333333;0.016666667;Considerar;S/D;No Considerar;No;Considerar;0;-0.021333333;-0.049226667;0;0;;-8.15814;;;;;;;;;;
202601150315;2026;1;15;3;15;46037.13542;0;-0.033333333;0;Considerar;S/D;No Considerar;No;Considerar;0;-0.033333333;-0.076916667;0;0;;-8.23035;;;;;;;;;;
202601150330;2026;1;15;3;30;46037.14583;0;0;0;Considerar;S/D;No Considerar;No;Considerar;0;0;0;0;0;;-8.23989;;;;;;;;;;
202601150345;2026;1;15;3;45;46037.15625;0;-0.2;-0.066666667;Considerar;S/D;No Considerar;No;Considerar;0;-0.248;-0.57226;0;0;;-8.22703;;;;;;;;;;
202601150400;2026;1;15;4;0;46037.16667;0;-0.733333333;-0.366666667;Considerar;S/D;No Considerar;No;Considerar;0;-0.997333333;-2.301346667;0;0;;-8.25626;;;;;;;;;;
202601150415;2026;1;15;4;15;46037.17708;0;-0.566666667;-0.316666667;Considerar;S/D;No Considerar;No;Considerar;0;-0.794666667;-1.833693333;0;0;;-8.20242;;;;;;;;;;
202601150430;2026;1;15;4;30;46037.1875;0;-0.1;-0.033333333;Considerar;S/D;No Considerar;No;Considerar;0;-0.124;-0.28613;0;0;;-8.18702;;;;;;;;;;
202601150445;2026;1;15;4;45;46037.19792;0;-0.033333333;0;Considerar;S/D;No Considerar;No;Considerar;0;-0.033333333;-0.076916667;0;0;;-8.21784;;;;;;;;;;
202601150500;2026;1;15;5;0;46037.20833;0;0;0;Considerar;S/D;No Considerar;No;Considerar;0;0;0;0;0;;-8.24773;;;;;;;;;;
202601150515;2026;1;15;5;15;46037.21875;0;0.1;0;Considerar;S/D;No Considerar;No;Considerar;0;0.1;0.23075;0;0;;-8.19823;;;;;;;;;;
202601150530;2026;1;15;5;30;46037.22917;0;0;0.05;Considerar;S/D;No Considerar;No;Considerar;0;0.036;0.08307;0;0;;-8.13864;;;;;;;;;;
202601150545;2026;1;15;5;45;46037.23958;0;0;0.016666667;Considerar;S/D;No Considerar;No;Considerar;0;0.012;0.02769;0;0;;-8.10977;;;;;;;;;;
202601150600;2026;1;15;6;0;46037.25;0;-0.033333333;0;Considerar;S/D;No Considerar;No;Considerar;0;-0.033333333;-0.076916667;0;0;;-8.07116;;;;;;;;;;
202601150615;2026;1;15;6;15;46037.26042;0;-0.066666667;0;Considerar;S/D;No Considerar;No;Considerar;0;-0.066666667;-0.153833333;0;0;;-8.02903;;;;;;;;;;
202601150630;2026;1;15;6;30;46037.27083;0;0;0;Considerar;S/D;No Considerar;No;Considerar;0;0;0;0;0;;-7.96393;;;;;;;;;;
202601150645;2026;1;15;6;45;46037.28125;0;0.8;0.033333333;Considerar;S/D;No Considerar;No;Considerar;0;0.824;1.90138;0;0;;-7.90493;;;;;;;;;;
202601150700;2026;1;15;7;0;46037.29167;30.23254667;4.9;0.283333333;Considerar;Operando;No Considerar;No;Considerar;0;5.104;11.77748;0;0;;-5.46961;;;;;;;;;;
202601150715;2026;1;15;7;15;46037.30208;131.9692;14.63333333;0.95;Considerar;Operando;No Considerar;No;Considerar;0;15.31733333;35.34474667;0;0;;25.71129;;;;;;;;;;
202601150730;2026;1;15;7;30;46037.3125;550.3216;73.43333333;4.183333333;Considerar;Operando;No Considerar;No;Considerar;0;76.44533333;176.3976067;0;0;;92.70733;;;;;;;;;;
202601150745;2026;1;15;7;45;46037.32292;988.1122333;151.4666667;7.516666667;Considerar;Operando;Considerar;Si;Considerar;37.86666667;156.8786667;361.9975233;988.1122333;361.9975233;;268.6152;;;;;;;;;;
202601150800;2026;1;15;8;0;46037.33333;1567.382;229.7;8.4;Considerar;Operando;Considerar;Si;Considerar;57.425;235.748;543.98851;1567.382;543.98851;;590.1876;;;;;;;;;;
202601150815;2026;1;15;8;15;46037.34375;2357.824667;300.9;9.65;Considerar;Operando;Considerar;Si;Considerar;75.225;307.848;710.35926;2357.824667;710.35926;;1788.43733;;;;;;;;;;
202601150830;2026;1;15;8;30;46037.35417;3264.219;395.6666667;11.95;Considerar;Operando;Considerar;Si;Considerar;98.91666667;404.2706667;932.8545633;3264.219;932.8545633;;2938.32633;;;;;;;;;;
202601150845;2026;1;15;8;45;46037.36458;4266.530333;504.9333333;14.38333333;Considerar;Operando;Considerar;Si;Considerar;126.2333333;515.2893333;1189.030137;4266.530333;1189.030137;;3741.53567;;;;;;;;;;
202601150900;2026;1;15;9;0;46037.375;5129.140333;602.3333333;17.5;Considerar;Operando;Considerar;Si;Considerar;150.5833333;614.9333333;1418.958667;5129.140333;1418.958667;;4282.74233;;;;;;;;;;
202601150915;2026;1;15;9;15;46037.38542;5879.908333;699.4;21.83333333;Considerar;Operando;Considerar;Si;Considerar;174.85;715.12;1650.1394;5879.908333;1650.1394;;2881.07433;;;;;;;;;;
202601150930;2026;1;15;9;30;46037.39583;6554.444667;796.6333333;26.05;Considerar;Operando;Considerar;Si;Considerar;199.1583333;815.3893333;1881.510887;6554.444667;1881.510887;;4207.036;;;;;;;;;;
202601150945;2026;1;15;9;45;46037.40625;7089.806;880.4333333;30.63333333;Considerar;Operando;Considerar;Si;Considerar;220.1083333;902.4893333;2082.494137;7089.806;2082.494137;;5698.617;;;;;;;;;;
202601151000;2026;1;15;10;0;46037.41667;7414.385333;967.2333333;40.66666667;Considerar;Operando;Considerar;Si;Considerar;241.8083333;996.5133333;2299.454517;7414.385333;2299.454517;;5914.139;;;;;;;;;;
202601151015;2026;1;15;10;15;46037.42708;7642.690333;1018.266667;48.35;Considerar;Operando;Considerar;Si;Considerar;254.5666667;1053.078667;2429.979023;7642.690333;2429.979023;;5256.53967;;;;;;;;;;
202601151030;2026;1;15;10;30;46037.4375;6430.079;938.2;45.68333333;Considerar;Operando;Considerar;Si;Considerar;234.55;971.092;2240.79479;6430.079;2240.79479;;5748.574;;;;;;;;;;
202601151045;2026;1;15;10;45;46037.44792;7546.856333;921.3666667;45.36666667;Considerar;Operando;Considerar;Si;Considerar;230.3416667;954.0306667;2201.425763;7546.856333;2201.425763;;5559.38767;;;;;;;;;;
202601151100;2026;1;15;11;0;46037.45833;7747.538333;1060;50.45;Considerar;Operando;Considerar;Si;Considerar;265;1096.324;2529.76763;7747.538333;2529.76763;;5569.45833;;;;;;;;;;
202601151115;2026;1;15;11;15;46037.46875;7749.619667;1059.566667;51.18333333;Considerar;Operando;Considerar;Si;Considerar;264.8916667;1096.418667;2529.986073;7749.619667;2529.986073;;5501.06333;;;;;;;;;;
202601151130;2026;1;15;11;30;46037.47917;7752.576667;1070.266667;51.86666667;Considerar;Operando;Considerar;Si;Considerar;267.5666667;1107.610667;2555.811613;7752.576667;2555.811613;;5467.988;;;;;;;;;;
202601151145;2026;1;15;11;45;46037.48958;7691.7;1074.366667;52.93333333;Considerar;Operando;Considerar;Si;Considerar;268.5916667;1112.478667;2567.044523;7691.7;2567.044523;;5447.27333;;;;;;;;;;
202601151200;2026;1;15;12;0;46037.5;7751.710333;1085.966667;55.08333333;Considerar;Operando;Considerar;Si;Considerar;271.4916667;1125.626667;2597.383533;7751.710333;2597.383533;;5071.98267;;;;;;;;;;
202601151215;2026;1;15;12;15;46037.51042;7752.84;1089.3;56.25;Considerar;Operando;Considerar;Si;Considerar;272.325;1129.8;2607.0135;7752.84;2607.0135;;4686.616;;;;;;;;;;
202601151230;2026;1;15;12;30;46037.52083;7756.443333;1088.333333;57.38333333;Considerar;Operando;Considerar;Si;Considerar;272.0833333;1129.649333;2606.665837;7756.443333;2606.665837;;4278.164;;;;;;;;;;
202601151245;2026;1;15;12;45;46037.53125;7760.654;1089.133333;57.8;Considerar;Operando;Considerar;Si;Considerar;272.2833333;1130.749333;2609.204087;7760.654;2609.204087;;5442.169;;;;;;;;;;
202601151300;2026;1;15;13;0;46037.54167;7764.525333;1090.766667;58.65;Considerar;Operando;Considerar;Si;Considerar;272.6916667;1132.994667;2614.385193;7764.525333;2614.385193;;5220.591;;;;;;;;;;
202601151315;2026;1;15;13;15;46037.55208;7761.593333;1098.066667;59.01666667;Considerar;Operando;Considerar;Si;Considerar;274.5166667;1140.558667;2631.839123;7761.593333;2631.839123;;4625.30933;;;;;;;;;;
202601151330;2026;1;15;13;30;46037.5625;7760.697333;1090.1;58.36666667;Considerar;Operando;Considerar;Si;Considerar;272.525;1132.124;2612.37613;7760.697333;2612.37613;;4692.464;;;;;;;;;;
202601151345;2026;1;15;13;45;46037.57292;7761.889;1099.9;58.68333333;Considerar;Operando;Considerar;Si;Considerar;274.975;1142.152;2635.51574;7761.889;2635.51574;;3664.222;;;;;;;;;;
202601151400;2026;1;15;14;0;46037.58333;7756.017667;1093.166667;58.51666667;Considerar;Operando;Considerar;Si;Considerar;273.2916667;1135.298667;2619.701673;7756.017667;2619.701673;;3145.69733;;;;;;;;;;
202601151415;2026;1;15;14;15;46037.59375;7756.470667;1085.1;57.58333333;Considerar;Operando;Considerar;Si;Considerar;271.275;1126.56;2599.5372;7756.470667;2599.5372;;2630.952;;;;;;;;;;
202601151430;2026;1;15;14;30;46037.60417;7753.033333;1091.366667;57.35;Considerar;Operando;Considerar;Si;Considerar;272.8416667;1132.658667;2613.609873;7753.033333;2613.609873;;2475.90367;;;;;;;;;;
202601151445;2026;1;15;14;45;46037.61458;7746.816;1089.333333;57.35;Considerar;Operando;Considerar;Si;Considerar;272.3333333;1130.625333;2608.917957;7746.816;2608.917957;;2368.46667;;;;;;;;;;
202601151500;2026;1;15;15;0;46037.625;7740.659667;1087.1;57;Considerar;Operando;Considerar;Si;Considerar;271.775;1128.14;2603.18305;7740.659667;2603.18305;;2437.74433;;;;;;;;;;
202601151515;2026;1;15;15;15;46037.63542;7725.285;1083.633333;56.2;Considerar;Operando;Considerar;Si;Considerar;270.9083333;1124.097333;2593.854597;7725.285;2593.854597;;2234.29967;;;;;;;;;;
202601151530;2026;1;15;15;30;46037.64583;7692.386333;1075.833333;55.73333333;Considerar;Operando;Considerar;Si;Considerar;268.9583333;1115.961333;2575.080777;7692.386333;2575.080777;;2317.94567;;;;;;;;;;
202601151545;2026;1;15;15;45;46037.65625;7691.897333;1066.766667;54.61666667;Considerar;Operando;Considerar;Si;Considerar;266.6916667;1106.090667;2552.304213;7691.897333;2552.304213;;2654.81333;;;;;;;;;;
202601151600;2026;1;15;16;0;46037.66667;7713.146333;1061.233333;54.35;Considerar;Operando;Considerar;Si;Considerar;265.3083333;1100.365333;2539.093007;7713.146333;2539.093007;;1924.29833;;;;;;;;;;
202601151615;2026;1;15;16;15;46037.67708;7719.033333;1064.4;53.28333333;Considerar;Operando;Considerar;Si;Considerar;266.1;1102.764;2544.62793;7719.033333;2544.62793;;1386.706;;;;;;;;;;
202601151630;2026;1;15;16;30;46037.6875;7685.829333;1058;51.21666667;Considerar;Operando;Considerar;Si;Considerar;264.5;1094.876;2526.42637;7685.829333;2526.42637;;1221.231;;;;;;;;;;
202601151645;2026;1;15;16;45;46037.69792;7654.686333;1046.733333;50.26666667;Considerar;Operando;Considerar;Si;Considerar;261.6833333;1082.925333;2498.850207;7654.686333;2498.850207;;798.15823;;;;;;;;;;
202601151700;2026;1;15;17;0;46037.70833;7622.672667;1040.133333;49.48333333;Considerar;Operando;Considerar;Si;Considerar;260.0333333;1075.761333;2482.319277;7622.672667;2482.319277;;1041.0049;;;;;;;;;;
202601151715;2026;1;15;17;15;46037.71875;7485.87;1020.7;48.16666667;Considerar;Operando;Considerar;Si;Considerar;255.175;1055.38;2435.28935;7485.87;2435.28935;;652.51497;;;;;;;;;;
202601151730;2026;1;15;17;30;46037.72917;7420.841333;1005.866667;47;Considerar;Operando;Considerar;Si;Considerar;251.4666667;1039.706667;2399.123133;7420.841333;2399.123133;;541.11553;;;;;;;;;;
202601151745;2026;1;15;17;45;46037.73958;7260.487333;983.8666667;45.56666667;Considerar;Operando;Considerar;Si;Considerar;245.9666667;1016.674667;2345.976793;7260.487333;2345.976793;;630.77427;;;;;;;;;;
202601151800;2026;1;15;18;0;46037.75;6782.294667;930;39.9;Considerar;Operando;Considerar;Si;Considerar;232.5;958.728;2212.26486;6782.294667;2212.26486;;328.0125;;;;;;;;;;
202601151815;2026;1;15;18;15;46037.76042;6243.366;840.2666667;38.31666667;Considerar;Operando;Considerar;Si;Considerar;210.0666667;867.8546667;2002.574643;6243.366;2002.574643;;89.99117;;;;;;;;;;
202601151830;2026;1;15;18;30;46037.77083;5617.704;757.2666667;38.65;Considerar;Operando;Considerar;Si;Considerar;189.3166667;785.0946667;1811.605943;5617.704;1811.605943;;5.01502;;;;;;;;;;
202601151845;2026;1;15;18;45;46037.78125;4936.823;663.0333333;36.96666667;Considerar;Operando;Considerar;Si;Considerar;165.7583333;689.6493333;1591.365837;4936.823;1591.365837;;-11.11125;;;;;;;;;;
202601151900;2026;1;15;19;0;46037.79167;4290.978667;583.1333333;31.8;Considerar;Operando;Considerar;Si;Considerar;145.7833333;606.0293333;1398.412687;4290.978667;1398.412687;;-7.98954;;;;;;;;;;
202601151915;2026;1;15;19;15;46037.80208;3553.570333;483.3;24.73333333;Considerar;Operando;Considerar;Si;Considerar;120.825;501.108;1156.30671;3553.570333;1156.30671;;-7.93805;;;;;;;;;;
202601151930;2026;1;15;19;30;46037.8125;2822.523333;380.8666667;18;Considerar;Operando;Considerar;Si;Considerar;95.21666667;393.8266667;908.7550333;2822.523333;908.7550333;;-7.94226;;;;;;;;;;
202601151945;2026;1;15;19;45;46037.82292;2073.533;304.9666667;13.91666667;Considerar;Operando;Considerar;Si;Considerar;76.24166667;314.9866667;726.8317333;2073.533;726.8317333;;-7.936;;;;;;;;;;
202601152000;2026;1;15;20;0;46037.83333;1376.485667;222.8333333;13.56666667;Considerar;Operando;Considerar;Si;Considerar;55.70833333;232.6013333;536.7275767;1376.485667;536.7275767;;-8.15136;;;;;;;;;;
202601152015;2026;1;15;20;15;46037.84375;833.0854667;151.2666667;13.95;Considerar;Operando;Considerar;Si;Considerar;37.81666667;161.3106667;372.2243633;833.0854667;372.2243633;;-8.02471;;;;;;;;;;
202601152030;2026;1;15;20;30;46037.85417;396.4843667;88.1;11.2;Considerar;Operando;No Considerar;No;Considerar;0;96.164;221.89843;0;0;;-8.03879;;;;;;;;;;
202601152045;2026;1;15;20;45;46037.86458;153.7203333;38;6.55;Considerar;Operando;No Considerar;No;Considerar;0;42.716;98.56717;0;0;;-8.05218;;;;;;;;;;
202601152100;2026;1;15;21;0;46037.875;38.91615667;10.2;1.483333333;Considerar;Operando;No Considerar;No;Considerar;0;11.268;26.00091;0;0;;-8.10676;;;;;;;;;;
202601152115;2026;1;15;21;15;46037.88542;0;2.466666667;0.383333333;Considerar;S/D;No Considerar;No;Considerar;0;2.742666667;6.328703333;0;0;;-8.12719;;;;;;;;;;
202601152130;2026;1;15;21;30;46037.89583;0;0.2;0.116666667;Considerar;S/D;No Considerar;No;Considerar;0;0.284;0.65533;0;0;;-8.18775;;;;;;;;;;
202601152145;2026;1;15;21;45;46037.90625;0;0;0.05;Considerar;S/D;No Considerar;No;Considerar;0;0.036;0.08307;0;0;;-8.19377;;;;;;;;;;
202601152200;2026;1;15;22;0;46037.91667;0;-0.066666667;0;Considerar;S/D;No Considerar;No;Considerar;0;-0.066666667;-0.153833333;0;0;;-8.19966;;;;;;;;;;
202601152215;2026;1;15;22;15;46037.92708;0;0.033333333;0;Considerar;S/D;No Considerar;No;Considerar;0;0.033333333;0.076916667;0;0;;-8.15074;;;;;;;;;;
202601152230;2026;1;15;22;30;46037.9375;0;0.066666667;0.033333333;Considerar;S/D;No Considerar;No;Considerar;0;0.090666667;0.209213333;0;0;;-7.86626;;;;;;;;;;
202601152245;2026;1;15;22;45;46037.94792;0;-0.166666667;0;Considerar;S/D;No Considerar;No;Considerar;0;-0.166666667;-0.384583333;0;0;;-7.81513;;;;;;;;;;
202601152300;2026;1;15;23;0;46037.95833;0;-0.166666667;0;Considerar;S/D;No Considerar;No;Considerar;0;-0.166666667;-0.384583333;0;0;;-7.83784;;;;;;;;;;
202601152315;2026;1;15;23;15;46037.96875;0;-0.2;-0.05;Considerar;S/D;No Considerar;No;Considerar;0;-0.236;-0.54457;0;0;;-7.85152;;;;;;;;;;
202601152330;2026;1;15;23;30;46037.97917;0;-0.266666667;-0.066666667;Considerar;S/D;No Considerar;No;Considerar;0;-0.314666667;-0.726093333;0;0;;-7.85405;;;;;;;;;;
202601152345;2026;1;15;23;45;46037.98958;0;0;0.033333333;Considerar;S/D;No Considerar;No;Considerar;0;0.024;0.05538;0;0;;-7.97405;;;;;;;;;;
202601160000;2026;1;16;0;0;46038;0;0;0;Considerar;S/D;No Considerar;No;Considerar;0;0;0;0;0;;-7.9504;;;;;;;;;;
202601160015;2026;1;16;0;15;46038.01042;0;0;0;Considerar;S/D;No Considerar;No;Considerar;0;0;0;0;0;;-7.92213;;;;;;;;;;
202601160030;2026;1;16;0;30;46038.02083;0;0;0;Considerar;S/D;No Considerar;No;Considerar;0;0;0;0;0;;-7.99248;;;;;;;;;;
202601160045;2026;1;16;0;45;46038.03125;0;0;0;Considerar;S/D;No Considerar;No;Considerar;0;0;0;0;0;;-8.02523;;;;;;;;;;
202601160100;2026;1;16;1;0;46038.04167;0;0.366666667;0.3;Considerar;S/D;No Considerar;No;Considerar;0;0.582666667;1.344503333;0;0;;-7.96911;;;;;;;;;;
202601160115;2026;1;16;1;15;46038.05208;0;0.133333333;0.3;Considerar;S/D;No Considerar;No;Considerar;0;0.349333333;0.806086667;0;0;;-8.09647;;;;;;;;;;
202601160130;2026;1;16;1;30;46038.0625;0;0;0.1;Considerar;S/D;No Considerar;No;Considerar;0;0.072;0.16614;0;0;;-8.40863;;;;;;;;;;
202601160145;2026;1;16;1;45;46038.07292;0;-0.133333333;0;Considerar;S/D;No Considerar;No;Considerar;0;-0.133333333;-0.307666667;0;0;;-8.40984;;;;;;;;;;
202601160200;2026;1;16;2;0;46038.08333;0;0;0;Considerar;S/D;No Considerar;No;Considerar;0;0;0;0;0;;-8.41626;;;;;;;;;;
202601160215;2026;1;16;2;15;46038.09375;0;-0.133333333;-0.033333333;Considerar;S/D;No Considerar;No;Considerar;0;-0.157333333;-0.363046667;0;0;;-8.43971;;;;;;;;;;
202601160230;2026;1;16;2;30;46038.10417;0;-0.1;0.033333333;Considerar;S/D;No Considerar;No;Considerar;0;-0.076;-0.17537;0;0;;-8.49158;;;;;;;;;;
202601160245;2026;1;16;2;45;46038.11458;0;-0.066666667;0.033333333;Considerar;S/D;No Considerar;No;Considerar;0;-0.042666667;-0.098453333;0;0;;-8.50423;;;;;;;;;;
202601160300;2026;1;16;3;0;46038.125;0;0;0;Considerar;S/D;No Considerar;No;Considerar;0;0;0;0;0;;-8.55539;;;;;;;;;;
202601160315;2026;1;16;3;15;46038.13542;0;0.1;0.016666667;Considerar;S/D;No Considerar;No;Considerar;0;0.112;0.25844;0;0;;-8.56034;;;;;;;;;;
202601160330;2026;1;16;3;30;46038.14583;0;0.2;0.083333333;Considerar;S/D;No Considerar;No;Considerar;0;0.26;0.59995;0;0;;-8.5775;;;;;;;;;;
202601160345;2026;1;16;3;45;46038.15625;0;0.066666667;0.033333333;Considerar;S/D;No Considerar;No;Considerar;0;0.090666667;0.209213333;0;0;;-8.6131;;;;;;;;;;
202601160400;2026;1;16;4;0;46038.16667;0;-0.133333333;-0.033333333;Considerar;S/D;No Considerar;No;Considerar;0;-0.157333333;-0.363046667;0;0;;-8.62541;;;;;;;;;;
202601160415;2026;1;16;4;15;46038.17708;0;-0.533333333;-0.166666667;Considerar;S/D;No Considerar;No;Considerar;0;-0.653333333;-1.507566667;0;0;;-8.42704;;;;;;;;;;
202601160430;2026;1;16;4;30;46038.1875;0;-0.1;0;Considerar;S/D;No Considerar;No;Considerar;0;-0.1;-0.23075;0;0;;-8.41656;;;;;;;;;;
202601160445;2026;1;16;4;45;46038.19792;0;0.033333333;0.033333333;Considerar;S/D;No Considerar;No;Considerar;0;0.057333333;0.132296667;0;0;;-8.34341;;;;;;;;;;
202601160500;2026;1;16;5;0;46038.20833;0;0.033333333;0.066666667;Considerar;S/D;No Considerar;No;Considerar;0;0.081333333;0.187676667;0;0;;-8.34653;;;;;;;;;;
202601160515;2026;1;16;5;15;46038.21875;0;0;0.016666667;Considerar;S/D;No Considerar;No;Considerar;0;0.012;0.02769;0;0;;-8.32736;;;;;;;;;;
202601160530;2026;1;16;5;30;46038.22917;0;0.066666667;0.033333333;Considerar;S/D;No Considerar;No;Considerar;0;0.090666667;0.209213333;0;0;;-8.28167;;;;;;;;;;
202601160545;2026;1;16;5;45;46038.23958;0;0;0;Considerar;S/D;No Considerar;No;Considerar;0;0;0;0;0;;-8.26126;;;;;;;;;;
202601160600;2026;1;16;6;0;46038.25;0;-0.133333333;0;Considerar;S/D;No Considerar;No;Considerar;0;-0.133333333;-0.307666667;0;0;;-8.21622;;;;;;;;;;
202601160615;2026;1;16;6;15;46038.26042;0;0.033333333;0;Considerar;S/D;No Considerar;No;Considerar;0;0.033333333;0.076916667;0;0;;-8.12314;;;;;;;;;;
202601160630;2026;1;16;6;30;46038.27083;0;0.1;0.016666667;Considerar;S/D;No Considerar;No;Considerar;0;0.112;0.25844;0;0;;-7.97821;;;;;;;;;;
202601160645;2026;1;16;6;45;46038.28125;0;0.933333333;0.15;Considerar;S/D;No Considerar;No;Considerar;0;1.041333333;2.402876667;0;0;;-7.93585;;;;;;;;;;
202601160700;2026;1;16;7;0;46038.29167;25.321032;5.166666667;0.566666667;Considerar;Operando;No Considerar;No;Considerar;0;5.574666667;12.86354333;0;0;;-7.50839;;;;;;;;;;
202601160715;2026;1;16;7;15;46038.30208;98.19555667;13.06666667;0.966666667;Considerar;Operando;No Considerar;No;Considerar;0;13.76266667;31.75735333;0;0;;12.58812;;;;;;;;;;
202601160730;2026;1;16;7;30;46038.3125;484.9388;69.73333333;4.05;Considerar;Operando;No Considerar;No;Considerar;0;72.64933333;167.6383367;0;0;;82.75341;;;;;;;;;;
202601160745;2026;1;16;7;45;46038.32292;936.0911333;150.2;7.583333333;Considerar;Operando;Considerar;Si;Considerar;37.55;155.66;359.18545;936.0911333;359.18545;;279.50667;;;;;;;;;;
202601160800;2026;1;16;8;0;46038.33333;1517.302;234.4;8.533333333;Considerar;Operando;Considerar;Si;Considerar;58.6;240.544;555.05528;1517.302;555.05528;;627.03427;;;;;;;;;;
202601160815;2026;1;16;8;15;46038.34375;2361.672667;310.9;9.9;Considerar;Operando;Considerar;Si;Considerar;77.725;318.028;733.84961;2361.672667;733.84961;;1105.29027;;;;;;;;;;
202601160830;2026;1;16;8;30;46038.35417;3242.912333;412;12.3;Considerar;Operando;Considerar;Si;Considerar;103;420.856;971.12522;3242.912333;971.12522;;1735.38793;;;;;;;;;;
202601160845;2026;1;16;8;45;46038.36458;4305.015;506.7666667;14.71666667;Considerar;Operando;Considerar;Si;Considerar;126.6916667;517.3626667;1193.814353;4305.015;1193.814353;;3200.095;;;;;;;;;;
202601160900;2026;1;16;9;0;46038.375;5191.28;610.5333333;17.71666667;Considerar;Operando;Considerar;Si;Considerar;152.6333333;623.2893333;1438.240137;5191.28;1438.240137;;3979.40067;;;;;;;;;;
202601160915;2026;1;16;9;15;46038.38542;5927.561;711.5333333;21.8;Considerar;Operando;Considerar;Si;Considerar;177.8833333;727.2293333;1678.081687;5927.561;1678.081687;;4806.41733;;;;;;;;;;
202601160930;2026;1;16;9;30;46038.39583;6586.154667;810.6666667;26.56666667;Considerar;Operando;Considerar;Si;Considerar;202.6666667;829.7946667;1914.751193;6586.154667;1914.751193;;5147.45833;;;;;;;;;;
202601160945;2026;1;16;9;45;46038.40625;7144.907333;899.1666667;30.98333333;Considerar;Operando;Considerar;Si;Considerar;224.7916667;921.4746667;2126.302793;7144.907333;2126.302793;;5321.418;;;;;;;;;;
202601161000;2026;1;16;10;0;46038.41667;7497.541667;1004.833333;40.26666667;Considerar;Operando;Considerar;Si;Considerar;251.2083333;1033.825333;2385.551957;7497.541667;2385.551957;;5326.38;;;;;;;;;;
202601161015;2026;1;16;10;15;46038.42708;7604.466;1035.133333;46.21666667;Considerar;Operando;Considerar;Si;Considerar;258.7833333;1068.409333;2465.354537;7604.466;2465.354537;;5348.87533;;;;;;;;;;
202601161030;2026;1;16;10;30;46038.4375;7679.643667;1051.4;47.65;Considerar;Operando;Considerar;Si;Considerar;262.85;1085.708;2505.27121;7679.643667;2505.27121;;5370.04467;;;;;;;;;;
202601161045;2026;1;16;10;45;46038.44792;7723.038667;1066.933333;49.11666667;Considerar;Operando;Considerar;Si;Considerar;266.7333333;1102.297333;2543.551097;7723.038667;2543.551097;;5370.19433;;;;;;;;;;
202601161100;2026;1;16;11;0;46038.45833;7749.192667;1079.366667;50.45;Considerar;Operando;Considerar;Si;Considerar;269.8416667;1115.690667;2574.456213;7749.192667;2574.456213;;5345.121;;;;;;;;;;
202601161115;2026;1;16;11;15;46038.46875;7753.203;1088.533333;51.53333333;Considerar;Operando;Considerar;Si;Considerar;272.1333333;1125.637333;2597.408147;7753.203;2597.408147;;5324.266;;;;;;;;;;
202601161130;2026;1;16;11;30;46038.47917;7752.981;1093.933333;52.71666667;Considerar;Operando;Considerar;Si;Considerar;273.4833333;1131.889333;2611.834637;7752.981;2611.834637;;5290.72333;;;;;;;;;;
202601161145;2026;1;16;11;45;46038.48958;7753.668;1100.533333;54.15;Considerar;Operando;Considerar;Si;Considerar;275.1333333;1139.521333;2629.445477;7753.668;2629.445477;;5267.279;;;;;;;;;;
202601161200;2026;1;16;12;0;46038.5;7754.607667;1101.633333;55.78333333;Considerar;Operando;Considerar;Si;Considerar;275.4083333;1141.797333;2634.697347;7754.607667;2634.697347;;5260.57567;;;;;;;;;;
202601161215;2026;1;16;12;15;46038.51042;7757.496667;1105.133333;56.83333333;Considerar;Operando;Considerar;Si;Considerar;276.2833333;1146.053333;2644.518067;7757.496667;2644.518067;;5233.46233;;;;;;;;;;
202601161230;2026;1;16;12;30;46038.52083;7753.791667;1105.8;57.33333333;Considerar;Operando;Considerar;Si;Considerar;276.45;1147.08;2646.8871;7753.791667;2646.8871;;5279.15367;;;;;;;;;;
202601161245;2026;1;16;12;45;46038.53125;7758.068667;1103.966667;58.43333333;Considerar;Operando;Considerar;Si;Considerar;275.9916667;1146.038667;2644.484223;7758.068667;2644.484223;;5312.55233;;;;;;;;;;
202601161300;2026;1;16;13;0;46038.54167;7761.428;1104.3;58.98333333;Considerar;Operando;Considerar;Si;Considerar;276.075;1146.768;2646.16716;7761.428;2646.16716;;5345.579;;;;;;;;;;
202601161315;2026;1;16;13;15;46038.55208;7759.598;1104.4;59.2;Considerar;Operando;Considerar;Si;Considerar;276.1;1147.024;2646.75788;7759.598;2646.75788;;5501.51933;;;;;;;;;;
202601161330;2026;1;16;13;30;46038.5625;7757.638333;1107.033333;59.08333333;Considerar;Operando;Considerar;Si;Considerar;276.7583333;1149.573333;2652.640467;7757.638333;2652.640467;;4742.83833;;;;;;;;;;
202601161345;2026;1;16;13;45;46038.57292;7754.960333;1104.3;58.68333333;Considerar;Operando;Considerar;Si;Considerar;276.075;1146.552;2645.66874;7754.960333;2645.66874;;5100.35567;;;;;;;;;;
202601161400;2026;1;16;14;0;46038.58333;7756.437667;1105.333333;58.48333333;Considerar;Operando;Considerar;Si;Considerar;276.3333333;1147.441333;2647.720877;7756.437667;2647.720877;;5534.73867;;;;;;;;;;
202601161415;2026;1;16;14;15;46038.59375;7742.725333;1106.1;58.05;Considerar;Operando;Considerar;Si;Considerar;276.525;1147.896;2648.77002;7742.725333;2648.77002;;5813.45033;;;;;;;;;;
202601161430;2026;1;16;14;30;46038.60417;7751.840667;1105.333333;57.66666667;Considerar;Operando;Considerar;Si;Considerar;276.3333333;1146.853333;2646.364067;7751.840667;2646.364067;;5657.577;;;;;;;;;;
202601161445;2026;1;16;14;45;46038.61458;7757.103333;1108.233333;58.3;Considerar;Operando;Considerar;Si;Considerar;277.0583333;1150.209333;2654.108037;7757.103333;2654.108037;;5695.483;;;;;;;;;;
202601161500;2026;1;16;15;0;46038.625;7759.082667;1106.533333;57.83333333;Considerar;Operando;Considerar;Si;Considerar;276.6333333;1148.173333;2649.409967;7759.082667;2649.409967;;5776.291;;;;;;;;;;
202601161515;2026;1;16;15;15;46038.63542;7759.492333;1106.4;57.45;Considerar;Operando;Considerar;Si;Considerar;276.6;1147.764;2648.46543;7759.492333;2648.46543;;4668.67133;;;;;;;;;;
202601161530;2026;1;16;15;30;46038.64583;7754.411;1106.7;56.88333333;Considerar;Operando;Considerar;Si;Considerar;276.675;1147.656;2648.21622;7754.411;2648.21622;;4581.042;;;;;;;;;;
202601161545;2026;1;16;15;45;46038.65625;7756.306333;1103.1;56.11666667;Considerar;Operando;Considerar;Si;Considerar;275.775;1143.504;2638.63548;7756.306333;2638.63548;;5401.083;;;;;;;;;;
202601161600;2026;1;16;16;0;46038.66667;7753.762;1099.3;54.8;Considerar;Operando;Considerar;Si;Considerar;274.825;1138.756;2627.67947;7753.762;2627.67947;;5479.18833;;;;;;;;;;
202601161615;2026;1;16;16;15;46038.67708;7732.59;1092.7;53.51666667;Considerar;Operando;Considerar;Si;Considerar;273.175;1131.232;2610.31784;7732.59;2610.31784;;5388.46433;;;;;;;;;;
202601161630;2026;1;16;16;30;46038.6875;7728.817667;1088.8;51.83333333;Considerar;Operando;Considerar;Si;Considerar;272.2;1126.12;2598.5219;7728.817667;2598.5219;;4191.22767;;;;;;;;;;
202601161645;2026;1;16;16;45;46038.69792;7686.448667;1083.933333;50.56666667;Considerar;Operando;Considerar;Si;Considerar;270.9833333;1120.341333;2585.187627;7686.448667;2585.187627;;3217.17367;;;;;;;;;;
202601161700;2026;1;16;17;0;46038.70833;7642.244667;1069.9;49.51666667;Considerar;Operando;Considerar;Si;Considerar;267.475;1105.552;2551.06124;7642.244667;2551.06124;;2607.24767;;;;;;;;;;
202601161715;2026;1;16;17;15;46038.71875;7568.824667;1058.966667;48.13333333;Considerar;Operando;Considerar;Si;Considerar;264.7416667;1093.622667;2523.534303;7568.824667;2523.534303;;2007.432;;;;;;;;;;
202601161730;2026;1;16;17;30;46038.72917;7534.940667;1047.566667;47.05;Considerar;Operando;Considerar;Si;Considerar;261.8916667;1081.442667;2495.428953;7534.940667;2495.428953;;1389.835;;;;;;;;;;
202601161745;2026;1;16;17;45;46038.73958;7437.243;1027.833333;45.51666667;Considerar;Operando;Considerar;Si;Considerar;256.9583333;1060.605333;2447.346807;7437.243;2447.346807;;942.61913;;;;;;;;;;
202601161800;2026;1;16;18;0;46038.75;7124.336667;1001.666667;40.46666667;Considerar;Operando;Considerar;Si;Considerar;250.4166667;1030.802667;2378.577153;7124.336667;2378.577153;;393.77363;;;;;;;;;;
202601161815;2026;1;16;18;15;46038.76042;6526.747667;902.7;39.38333333;Considerar;Operando;Considerar;Si;Considerar;225.675;931.056;2148.41172;6526.747667;2148.41172;;79.75515;;;;;;;;;;
202601161830;2026;1;16;18;30;46038.77083;5919.169;810.2333333;39.88333333;Considerar;Operando;Considerar;Si;Considerar;202.5583333;838.9493333;1935.875587;5919.169;1935.875587;;19.09729;;;;;;;;;;
202601161845;2026;1;16;18;45;46038.78125;5220.679667;713.6;38.23333333;Considerar;Operando;Considerar;Si;Considerar;178.4;741.128;1710.15286;5220.679667;1710.15286;;-11.64329;;;;;;;;;;
202601161900;2026;1;16;19;0;46038.79167;4545.000667;628.2;33.1;Considerar;Operando;Considerar;Si;Considerar;157.05;652.032;1504.56384;4545.000667;1504.56384;;-8.3284;;;;;;;;;;
202601161915;2026;1;16;19;15;46038.80208;3806.026;525.6333333;25.65;Considerar;Operando;Considerar;Si;Considerar;131.4083333;544.1013333;1255.513827;3806.026;1255.513827;;-8.0269;;;;;;;;;;
202601161930;2026;1;16;19;30;46038.8125;3070.565333;429.4;18.5;Considerar;Operando;Considerar;Si;Considerar;107.35;442.72;1021.5764;3070.565333;1021.5764;;-8.08809;;;;;;;;;;
202601161945;2026;1;16;19;45;46038.82292;2300.622;340.8;14.16666667;Considerar;Operando;Considerar;Si;Considerar;85.2;351;809.9325;2300.622;809.9325;;-8.24241;;;;;;;;;;
202601162000;2026;1;16;20;0;46038.83333;1535.645667;252.9;14.43333333;Considerar;Operando;Considerar;Si;Considerar;63.225;263.292;607.54629;1535.645667;607.54629;;-8.10403;;;;;;;;;;
202601162015;2026;1;16;20;15;46038.84375;906.2371;172.6666667;15.3;Considerar;Operando;Considerar;Si;Considerar;43.16666667;183.6826667;423.8477533;906.2371;423.8477533;;-8.48874;;;;;;;;;;
202601162030;2026;1;16;20;30;46038.85417;411.7442667;107.4666667;13.28333333;Considerar;Operando;Considerar;Si;Considerar;26.86666667;117.0306667;270.0482633;411.7442667;270.0482633;;-8.16907;;;;;;;;;;
202601162045;2026;1;16;20;45;46038.86458;153.3834;44.93333333;8.433333333;Considerar;Operando;No Considerar;No;Considerar;0;51.00533333;117.6948067;0;0;;-8.3292;;;;;;;;;;
202601162100;2026;1;16;21;0;46038.875;36.07174433;12.16666667;1.55;Considerar;Operando;No Considerar;No;Considerar;0;13.28266667;30.64975333;0;0;;-8.38968;;;;;;;;;;
202601162115;2026;1;16;21;15;46038.88542;0;2.433333333;0.416666667;Considerar;S/D;No Considerar;No;Considerar;0;2.733333333;6.307166667;0;0;;-8.25346;;;;;;;;;;
202601162130;2026;1;16;21;30;46038.89583;0;0.066666667;0.016666667;Considerar;S/D;No Considerar;No;Considerar;0;0.078666667;0.181523333;0;0;;-8.45702;;;;;;;;;;
202601162145;2026;1;16;21;45;46038.90625;0;0;0.016666667;Considerar;S/D;No Considerar;No;Considerar;0;0.012;0.02769;0;0;;-8.31473;;;;;;;;;;
202601162200;2026;1;16;22;0;46038.91667;0;0;0;Considerar;S/D;No Considerar;No;Considerar;0;0;0;0;0;;-8.25253;;;;;;;;;;
202601162215;2026;1;16;22;15;46038.92708;0;-0.033333333;0;Considerar;S/D;No Considerar;No;Considerar;0;-0.033333333;-0.076916667;0;0;;-8.50309;;;;;;;;;;
202601162230;2026;1;16;22;30;46038.9375;0;0.166666667;0.2;Considerar;S/D;No Considerar;No;Considerar;0;0.310666667;0.716863333;0;0;;-7.83002;;;;;;;;;;
202601162245;2026;1;16;22;45;46038.94792;0;0.033333333;0.066666667;Considerar;S/D;No Considerar;No;Considerar;0;0.081333333;0.187676667;0;0;;-7.78498;;;;;;;;;;
202601162300;2026;1;16;23;0;46038.95833;0;0.166666667;0.266666667;Considerar;S/D;No Considerar;No;Considerar;0;0.358666667;0.827623333;0;0;;-7.95066;;;;;;;;;;
202601162315;2026;1;16;23;15;46038.96875;0;0.3;0.35;Considerar;S/D;No Considerar;No;Considerar;0;0.552;1.27374;0;0;;-7.82349;;;;;;;;;;
202601162330;2026;1;16;23;30;46038.97917;0;-0.1;0.066666667;Considerar;S/D;No Considerar;No;Considerar;0;-0.052;-0.11999;0;0;;-7.87557;;;;;;;;;;
202601162345;2026;1;16;23;45;46038.98958;0;0;0.016666667;Considerar;S/D;No Considerar;No;Considerar;0;0.012;0.02769;0;0;;-8.03741;;;;;;;;;;
202601170000;2026;1;17;0;0;46039;0;0;0.05;Considerar;S/D;No Considerar;No;Considerar;0;0.036;0.08307;0;0;;-7.88232;;;;;;;;;;
202601170015;2026;1;17;0;15;46039.01042;0;0;0.066666667;Considerar;S/D;No Considerar;No;Considerar;0;0.048;0.11076;0;0;;-7.88444;;;;;;;;;;
202601170030;2026;1;17;0;30;46039.02083;0;0;0.05;Considerar;S/D;No Considerar;No;Considerar;0;0.036;0.08307;0;0;;-7.96297;;;;;;;;;;
202601170045;2026;1;17;0;45;46039.03125;0;0;0.083333333;Considerar;S/D;No Considerar;No;Considerar;0;0.06;0.13845;0;0;;-8.0291;;;;;;;;;;
202601170100;2026;1;17;1;0;46039.04167;0;0;0;Considerar;S/D;No Considerar;No;Considerar;0;0;0;0;0;;-7.9437;;;;;;;;;;
202601170115;2026;1;17;1;15;46039.05208;0;0;-0.033333333;Considerar;S/D;No Considerar;No;Considerar;0;-0.024;-0.05538;0;0;;-8.01147;;;;;;;;;;
202601170130;2026;1;17;1;30;46039.0625;0;0;0;Considerar;S/D;No Considerar;No;Considerar;0;0;0;0;0;;-8.10779;;;;;;;;;;
202601170145;2026;1;17;1;45;46039.07292;0;0;-0.016666667;Considerar;S/D;No Considerar;No;Considerar;0;-0.012;-0.02769;0;0;;-8.07389;;;;;;;;;;
202601170200;2026;1;17;2;0;46039.08333;0;0;-0.033333333;Considerar;S/D;No Considerar;No;Considerar;0;-0.024;-0.05538;0;0;;-8.14257;;;;;;;;;;
202601170215;2026;1;17;2;15;46039.09375;0;0;-0.033333333;Considerar;S/D;No Considerar;No;Considerar;0;-0.024;-0.05538;0;0;;-8.18044;;;;;;;;;;
202601170230;2026;1;17;2;30;46039.10417;0;0;0.25;Considerar;S/D;No Considerar;No;Considerar;0;0.18;0.41535;0;0;;-8.2298;;;;;;;;;;
202601170245;2026;1;17;2;45;46039.11458;0;0;-0.333333333;Considerar;S/D;No Considerar;No;Considerar;0;-0.24;-0.5538;0;0;;-8.21176;;;;;;;;;;
202601170300;2026;1;17;3;0;46039.125;0;0;-0.3;Considerar;S/D;No Considerar;No;Considerar;0;-0.216;-0.49842;0;0;;-8.18158;;;;;;;;;;
202601170315;2026;1;17;3;15;46039.13542;0;0;-0.033333333;Considerar;S/D;No Considerar;No;Considerar;0;-0.024;-0.05538;0;0;;-8.21879;;;;;;;;;;
202601170330;2026;1;17;3;30;46039.14583;0;0;0;Considerar;S/D;No Considerar;No;Considerar;0;0;0;0;0;;-8.22108;;;;;;;;;;
202601170345;2026;1;17;3;45;46039.15625;0;0;0;Considerar;S/D;No Considerar;No;Considerar;0;0;0;0;0;;-8.22195;;;;;;;;;;
202601170400;2026;1;17;4;0;46039.16667;0;0;0;Considerar;S/D;No Considerar;No;Considerar;0;0;0;0;0;;-8.22522;;;;;;;;;;
202601170415;2026;1;17;4;15;46039.17708;0;0;0;Considerar;S/D;No Considerar;No;Considerar;0;0;0;0;0;;-8.21249;;;;;;;;;;
202601170430;2026;1;17;4;30;46039.1875;0;0;0;Considerar;S/D;No Considerar;No;Considerar;0;0;0;0;0;;-8.15909;;;;;;;;;;
202601170445;2026;1;17;4;45;46039.19792;0;0;0;Considerar;S/D;No Considerar;No;Considerar;0;0;0;0;0;;-8.16245;;;;;;;;;;
202601170500;2026;1;17;5;0;46039.20833;0;0;0;Considerar;S/D;No Considerar;No;Considerar;0;0;0;0;0;;-8.10107;;;;;;;;;;
202601170515;2026;1;17;5;15;46039.21875;0;0;0;Considerar;S/D;No Considerar;No;Considerar;0;0;0;0;0;;-8.13668;;;;;;;;;;
202601170530;2026;1;17;5;30;46039.22917;0;0;0;Considerar;S/D;No Considerar;No;Considerar;0;0;0;0;0;;-8.15834;;;;;;;;;;
202601170545;2026;1;17;5;45;46039.23958;0;0;0;Considerar;S/D;No Considerar;No;Considerar;0;0;0;0;0;;-8.0788;;;;;;;;;;
202601170600;2026;1;17;6;0;46039.25;0;0;0;Considerar;S/D;No Considerar;No;Considerar;0;0;0;0;0;;-8.12822;;;;;;;;;;
202601170615;2026;1;17;6;15;46039.26042;0;0;0;Considerar;S/D;No Considerar;No;Considerar;0;0;0;0;0;;-8.07501;;;;;;;;;;
202601170630;2026;1;17;6;30;46039.27083;0;0;0;Considerar;S/D;No Considerar;No;Considerar;0;0;0;0;0;;-8.03033;;;;;;;;;;
202601170645;2026;1;17;6;45;46039.28125;0;0;0;Considerar;S/D;No Considerar;No;Considerar;0;0;0;0;0;;-7.93537;;;;;;;;;;
202601170700;2026;1;17;7;0;46039.29167;0;0;0;Considerar;S/D;No Considerar;No;Considerar;0;0;0;0;0;;-7.95889;;;;;;;;;;
202601170715;2026;1;17;7;15;46039.30208;0;0;0;Considerar;S/D;No Considerar;No;Considerar;0;0;0;0;0;;-6.36231;;;;;;;;;;
202601170730;2026;1;17;7;30;46039.3125;0;0;0;Considerar;S/D;No Considerar;No;Considerar;0;0;0;0;0;;18.8426;;;;;;;;;;
202601170745;2026;1;17;7;45;46039.32292;0;0;0;Considerar;S/D;No Considerar;No;Considerar;0;0;0;0;0;;55.55366;;;;;;;;;;
202601170800;2026;1;17;8;0;46039.33333;0;0;0;Considerar;S/D;No Considerar;No;Considerar;0;0;0;0;0;;169.714;;;;;;;;;;
202601170815;2026;1;17;8;15;46039.34375;0;0;0;Considerar;S/D;No Considerar;No;Considerar;0;0;0;0;0;;323.83387;;;;;;;;;;
202601170830;2026;1;17;8;30;46039.35417;0;0;0;Considerar;S/D;No Considerar;No;Considerar;0;0;0;0;0;;407.7273;;;;;;;;;;
202601170845;2026;1;17;8;45;46039.36458;0;0;0;Considerar;S/D;No Considerar;No;Considerar;0;0;0;0;0;;554.9267;;;;;;;;;;
202601170900;2026;1;17;9;0;46039.375;0;0;0;Considerar;S/D;No Considerar;No;Considerar;0;0;0;0;0;;575.79763;;;;;;;;;;
202601170915;2026;1;17;9;15;46039.38542;4089.6615;0;0;Considerar;Operando;No Considerar;No;Considerar;0;0;0;0;0;;497.8186;;;;;;;;;;
202601170930;2026;1;17;9;30;46039.39583;6195.287667;773.8;27.01666667;Considerar;Operando;Considerar;Si;Considerar;193.45;793.252;1830.42899;6195.287667;1830.42899;;623.70313;;;;;;;;;;
202601170945;2026;1;17;9;45;46039.40625;6762.566;854.5333333;31.95;Considerar;Operando;Considerar;Si;Considerar;213.6333333;877.5373333;2024.917397;6762.566;2024.917397;;735.51907;;;;;;;;;;
202601171000;2026;1;17;10;0;46039.41667;7336.694333;948.2;41.58333333;Considerar;Operando;Considerar;Si;Considerar;237.05;978.14;2257.05805;7336.694333;2257.05805;;835.95247;;;;;;;;;;
202601171015;2026;1;17;10;15;46039.42708;7540.316;1001.333333;47.95;Considerar;Operando;Considerar;Si;Considerar;250.3333333;1035.857333;2390.240797;7540.316;2390.240797;;839.71053;;;;;;;;;;
202601171030;2026;1;17;10;30;46039.4375;7559.295;1020.233333;49.23333333;Considerar;Operando;Considerar;Si;Considerar;255.0583333;1055.681333;2435.984677;7559.295;2435.984677;;1022.5825;;;;;;;;;;
202601171045;2026;1;17;10;45;46039.44792;7601.819667;1024.533333;50.35;Considerar;Operando;Considerar;Si;Considerar;256.1333333;1060.785333;2447.762157;7601.819667;2447.762157;;1062.063;;;;;;;;;;
202601171100;2026;1;17;11;0;46039.45833;7690.667667;1045.9;51.83333333;Considerar;Operando;Considerar;Si;Considerar;261.475;1083.22;2499.53015;7690.667667;2499.53015;;1167.765;;;;;;;;;;
202601171115;2026;1;17;11;15;46039.46875;7717.974333;1060.033333;52.78333333;Considerar;Operando;Considerar;Si;Considerar;265.0083333;1098.037333;2533.721147;7717.974333;2533.721147;;1212.06367;;;;;;;;;;
202601171130;2026;1;17;11;30;46039.47917;7742.283;1071.166667;53.85;Considerar;Operando;Considerar;Si;Considerar;267.7916667;1109.938667;2561.183473;7742.283;2561.183473;;1502.18733;;;;;;;;;;
202601171145;2026;1;17;11;45;46039.48958;7747.416667;1080.866667;54.96666667;Considerar;Operando;Considerar;Si;Considerar;270.2166667;1120.442667;2585.421453;7747.416667;2585.421453;;1629.667;;;;;;;;;;
202601171200;2026;1;17;12;0;46039.5;7747.524333;1088.066667;56.43333333;Considerar;Operando;Considerar;Si;Considerar;272.0166667;1128.698667;2604.472173;7747.524333;2604.472173;;1780.046;;;;;;;;;;
202601171215;2026;1;17;12;15;46039.51042;7753.996;1098.166667;57.4;Considerar;Operando;Considerar;Si;Considerar;274.5416667;1139.494667;2629.383943;7753.996;2629.383943;;2119.64133;;;;;;;;;;
202601171230;2026;1;17;12;30;46039.52083;7756.814333;1102.5;58.3;Considerar;Operando;Considerar;Si;Considerar;275.625;1144.476;2640.87837;7756.814333;2640.87837;;2324.309;;;;;;;;;;
202601171245;2026;1;17;12;45;46039.53125;7757.669667;1105.933333;59.18333333;Considerar;Operando;Considerar;Si;Considerar;276.4833333;1148.545333;2650.268357;7757.669667;2650.268357;;2577.727;;;;;;;;;;
202601171300;2026;1;17;13;0;46039.54167;7759.565;1104;59.75;Considerar;Operando;Considerar;Si;Considerar;276;1147.02;2646.74865;7759.565;2646.74865;;2079.05533;;;;;;;;;;
202601171315;2026;1;17;13;15;46039.55208;7756.197667;1100.733333;59.76666667;Considerar;Operando;Considerar;Si;Considerar;275.1833333;1143.765333;2639.238507;7756.197667;2639.238507;;3009.838;;;;;;;;;;
202601171330;2026;1;17;13;30;46039.5625;7759.900333;1100.433333;59.55;Considerar;Operando;Considerar;Si;Considerar;275.1083333;1143.309333;2638.186287;7759.900333;2638.186287;;2790.124;;;;;;;;;;
202601171345;2026;1;17;13;45;46039.57292;7760.808667;1097.666667;59.05;Considerar;Operando;Considerar;Si;Considerar;274.4166667;1140.182667;2630.971503;7760.808667;2630.971503;;2560.20967;;;;;;;;;;
202601171400;2026;1;17;14;0;46039.58333;7763.404;1095.3;59.15;Considerar;Operando;Considerar;Si;Considerar;273.825;1137.888;2625.67656;7763.404;2625.67656;;3491.60167;;;;;;;;;;
202601171415;2026;1;17;14;15;46039.59375;7763.842;1097.066667;58.93333333;Considerar;Operando;Considerar;Si;Considerar;274.2666667;1139.498667;2629.393173;7763.842;2629.393173;;3215.573;;;;;;;;;;
202601171430;2026;1;17;14;30;46039.60417;7766.953333;1100;58.65;Considerar;Operando;Considerar;Si;Considerar;275;1142.228;2635.69111;7766.953333;2635.69111;;5830.75967;;;;;;;;;;
202601171445;2026;1;17;14;45;46039.61458;7766.317;1102.1;58.58333333;Considerar;Operando;Considerar;Si;Considerar;275.525;1144.28;2640.4261;7766.317;2640.4261;;5709.11433;;;;;;;;;;
202601171500;2026;1;17;15;0;46039.625;7763.008333;1103.6;58.25;Considerar;Operando;Considerar;Si;Considerar;275.9;1145.54;2643.33355;7763.008333;2643.33355;;5576.951;;;;;;;;;;
202601171515;2026;1;17;15;15;46039.63542;7764.96;1104.1;58.26666667;Considerar;Operando;Considerar;Si;Considerar;276.025;1146.052;2644.51499;7764.96;2644.51499;;4841.72567;;;;;;;;;;
202601171530;2026;1;17;15;30;46039.64583;7762.132667;1102.4;57.21666667;Considerar;Operando;Considerar;Si;Considerar;275.6;1143.596;2638.84777;7762.132667;2638.84777;;4023.08433;;;;;;;;;;
202601171545;2026;1;17;15;45;46039.65625;7764.110667;1101.833333;56.45;Considerar;Operando;Considerar;Si;Considerar;275.4583333;1142.477333;2636.266447;7764.110667;2636.266447;;4755.31033;;;;;;;;;;
202601171600;2026;1;17;16;0;46039.66667;7761.430667;1103.433333;55.56666667;Considerar;Operando;Considerar;Si;Considerar;275.8583333;1143.441333;2638.490877;7761.430667;2638.490877;;5390.525;;;;;;;;;;
202601171615;2026;1;17;16;15;46039.67708;7762.935667;1106.3;54.43333333;Considerar;Operando;Considerar;Si;Considerar;276.575;1145.492;2643.22279;7762.935667;2643.22279;;5279.91667;;;;;;;;;;
202601171630;2026;1;17;16;30;46039.6875;7765.511333;1111.5;53.36666667;Considerar;Operando;Considerar;Si;Considerar;277.875;1149.924;2653.44963;7765.511333;2653.44963;;3837.336;;;;;;;;;;
202601171645;2026;1;17;16;45;46039.69792;7753.930667;1105.966667;52.61666667;Considerar;Operando;Considerar;Si;Considerar;276.4916667;1143.850667;2639.435413;7753.930667;2639.435413;;3646.92767;;;;;;;;;;
202601171700;2026;1;17;17;0;46039.70833;7748.893;1083.233333;51.96666667;Considerar;Operando;Considerar;Si;Considerar;270.8083333;1120.649333;2585.898337;7748.893;2585.898337;;2989.276;;;;;;;;;;
202601171715;2026;1;17;17;15;46039.71875;7719.55;1076.466667;49.51666667;Considerar;Operando;Considerar;Si;Considerar;269.1166667;1112.118667;2566.213823;7719.55;2566.213823;;2308.24933;;;;;;;;;;
202601171730;2026;1;17;17;30;46039.72917;7683.064333;1072.333333;48.56666667;Considerar;Operando;Considerar;Si;Considerar;268.0833333;1107.301333;2555.097827;7683.064333;2555.097827;;1417.96467;;;;;;;;;;
202601171745;2026;1;17;17;45;46039.73958;7572.763667;1056.066667;46.85;Considerar;Operando;Considerar;Si;Considerar;264.0166667;1089.798667;2514.710423;7572.763667;2514.710423;;777.75843;;;;;;;;;;
202601171800;2026;1;17;18;0;46039.75;7306.396333;1020.566667;42.08333333;Considerar;Operando;Considerar;Si;Considerar;255.1416667;1050.866667;2424.874833;7306.396333;2424.874833;;320.6423;;;;;;;;;;
202601171815;2026;1;17;18;15;46039.76042;6792.626;935.4;41.23333333;Considerar;Operando;Considerar;Si;Considerar;233.85;965.088;2226.94056;6792.626;2226.94056;;67.75254;;;;;;;;;;
202601171830;2026;1;17;18;30;46039.77083;6087.727667;849.8;41.85;Considerar;Operando;Considerar;Si;Considerar;212.45;879.932;2030.44309;6087.727667;2030.44309;;-2.2594;;;;;;;;;;
202601171845;2026;1;17;18;45;46039.78125;5421.847;740.4;40.53333333;Considerar;Operando;Considerar;Si;Considerar;185.1;769.584;1775.81508;5421.847;1775.81508;;-11.03835;;;;;;;;;;
202601171900;2026;1;17;19;0;46039.79167;4728.084;643.7;34.5;Considerar;Operando;Considerar;Si;Considerar;160.925;668.54;1542.65605;4728.084;1542.65605;;-8.26529;;;;;;;;;;
202601171915;2026;1;17;19;15;46039.80208;3965.441667;545.3;26.7;Considerar;Operando;Considerar;Si;Considerar;136.325;564.524;1302.63913;3965.441667;1302.63913;;-8.12091;;;;;;;;;;
202601171930;2026;1;17;19;30;46039.8125;3160.925;460.2;19.51666667;Considerar;Operando;Considerar;Si;Considerar;115.05;474.252;1094.33649;3160.925;1094.33649;;-8.15371;;;;;;;;;;
202601171945;2026;1;17;19;45;46039.82292;2368.804;352.9333333;14.45;Considerar;Operando;Considerar;Si;Considerar;88.23333333;363.3373333;838.4008967;2368.804;838.4008967;;-8.11455;;;;;;;;;;
202601172000;2026;1;17;20;0;46039.83333;1642.25;277.0666667;14.71666667;Considerar;Operando;Considerar;Si;Considerar;69.26666667;287.6626667;663.7816033;1642.25;663.7816033;;-8.15388;;;;;;;;;;
202601172015;2026;1;17;20;15;46039.84375;968.0858;186.7;16.88333333;Considerar;Operando;Considerar;Si;Considerar;46.675;198.856;458.86022;968.0858;458.86022;;-8.15329;;;;;;;;;;
202601172030;2026;1;17;20;30;46039.85417;434.5016667;108.0333333;14.25;Considerar;Operando;Considerar;Si;Considerar;27.00833333;118.2933333;272.9618667;434.5016667;272.9618667;;-8.11955;;;;;;;;;;
202601172045;2026;1;17;20;45;46039.86458;156.2581667;51.83333333;8.4;Considerar;Operando;No Considerar;No;Considerar;0;57.88133333;133.5611767;0;0;;-8.18657;;;;;;;;;;
202601172100;2026;1;17;21;0;46039.875;39.13742;17.56666667;1.966666667;Considerar;Operando;No Considerar;No;Considerar;0;18.98266667;43.80250333;0;0;;-8.23151;;;;;;;;;;
202601172115;2026;1;17;21;15;46039.88542;0;2.533333333;0.45;Considerar;S/D;No Considerar;No;Considerar;0;2.857333333;6.593296667;0;0;;-8.29745;;;;;;;;;;
202601172130;2026;1;17;21;30;46039.89583;0;0.133333333;0;Considerar;S/D;No Considerar;No;Considerar;0;0.133333333;0.307666667;0;0;;-8.31861;;;;;;;;;;
202601172145;2026;1;17;21;45;46039.90625;0;0;0;Considerar;S/D;No Considerar;No;Considerar;0;0;0;0;0;;-8.33747;;;;;;;;;;
202601172200;2026;1;17;22;0;46039.91667;0;-0.066666667;0;Considerar;S/D;No Considerar;No;Considerar;0;-0.066666667;-0.153833333;0;0;;-8.3778;;;;;;;;;;
202601172215;2026;1;17;22;15;46039.92708;0;0;0;Considerar;S/D;No Considerar;No;Considerar;0;0;0;0;0;;-8.36788;;;;;;;;;;
202601172230;2026;1;17;22;30;46039.9375;0;0;0;Considerar;S/D;No Considerar;No;Considerar;0;0;0;0;0;;-8.1406;;;;;;;;;;
202601172245;2026;1;17;22;45;46039.94792;0;0;0;Considerar;S/D;No Considerar;No;Considerar;0;0;0;0;0;;-7.92476;;;;;;;;;;
202601172300;2026;1;17;23;0;46039.95833;0;-0.066666667;0;Considerar;S/D;No Considerar;No;Considerar;0;-0.066666667;-0.153833333;0;0;;-7.81759;;;;;;;;;;
202601172315;2026;1;17;23;15;46039.96875;0;0;0;Considerar;S/D;No Considerar;No;Considerar;0;0;0;0;0;;-7.78945;;;;;;;;;;
202601172330;2026;1;17;23;30;46039.97917;0;0;0;Considerar;S/D;No Considerar;No;Considerar;0;0;0;0;0;;-7.73603;;;;;;;;;;
202601172345;2026;1;17;23;45;46039.98958;0;0;0.033333333;Considerar;S/D;No Considerar;No;Considerar;0;0.024;0.05538;0;0;;-7.83915;;;;;;;;;;
202601180000;2026;1;18;0;0;46040;0;0;0.016666667;Considerar;S/D;No Considerar;No;Considerar;0;0.012;0.02769;0;0;;-7.8415;;;;;;;;;;
202601180015;2026;1;18;0;15;46040.01042;0;0.066666667;0.15;Considerar;S/D;No Considerar;No;Considerar;0;0.174666667;0.403043333;0;0;;-7.9755;;;;;;;;;;
202601180030;2026;1;18;0;30;46040.02083;0;0.066666667;0.183333333;Considerar;S/D;No Considerar;No;Considerar;0;0.198666667;0.458423333;0;0;;-8.01459;;;;;;;;;;
202601180045;2026;1;18;0;45;46040.03125;0;0;0.116666667;Considerar;S/D;No Considerar;No;Considerar;0;0.084;0.19383;0;0;;-8.03627;;;;;;;;;;
202601180100;2026;1;18;1;0;46040.04167;0;0.066666667;0.05;Considerar;S/D;No Considerar;No;Considerar;0;0.102666667;0.236903333;0;0;;-8.11135;;;;;;;;;;
202601180115;2026;1;18;1;15;46040.05208;0;-0.033333333;0.016666667;Considerar;S/D;No Considerar;No;Considerar;0;-0.021333333;-0.049226667;0;0;;-8.15317;;;;;;;;;;
202601180130;2026;1;18;1;30;46040.0625;0;0;0.066666667;Considerar;S/D;No Considerar;No;Considerar;0;0.048;0.11076;0;0;;-8.16895;;;;;;;;;;
202601180145;2026;1;18;1;45;46040.07292;0;-0.033333333;0.033333333;Considerar;S/D;No Considerar;No;Considerar;0;-0.009333333;-0.021536667;0;0;;-8.19599;;;;;;;;;;
202601180200;2026;1;18;2;0;46040.08333;0;-0.166666667;0;Considerar;S/D;No Considerar;No;Considerar;0;-0.166666667;-0.384583333;0;0;;-8.25464;;;;;;;;;;
202601180215;2026;1;18;2;15;46040.09375;0;-0.066666667;0;Considerar;S/D;No Considerar;No;Considerar;0;-0.066666667;-0.153833333;0;0;;-8.27998;;;;;;;;;;
202601180230;2026;1;18;2;30;46040.10417;0;0;0;Considerar;S/D;No Considerar;No;Considerar;0;0;0;0;0;;-8.37334;;;;;;;;;;
202601180245;2026;1;18;2;45;46040.11458;0;0;0;Considerar;S/D;No Considerar;No;Considerar;0;0;0;0;0;;-8.43281;;;;;;;;;;
202601180300;2026;1;18;3;0;46040.125;0;0.033333333;0.016666667;Considerar;S/D;No Considerar;No;Considerar;0;0.045333333;0.104606667;0;0;;-8.42141;;;;;;;;;;
202601180315;2026;1;18;3;15;46040.13542;0;-0.066666667;0.016666667;Considerar;S/D;No Considerar;No;Considerar;0;-0.054666667;-0.126143333;0;0;;-8.44495;;;;;;;;;;
202601180330;2026;1;18;3;30;46040.14583;0;-0.166666667;0;Considerar;S/D;No Considerar;No;Considerar;0;-0.166666667;-0.384583333;0;0;;-8.46645;;;;;;;;;;
202601180345;2026;1;18;3;45;46040.15625;0;-0.133333333;0;Considerar;S/D;No Considerar;No;Considerar;0;-0.133333333;-0.307666667;0;0;;-8.47439;;;;;;;;;;
202601180400;2026;1;18;4;0;46040.16667;0;-0.066666667;0;Considerar;S/D;No Considerar;No;Considerar;0;-0.066666667;-0.153833333;0;0;;-8.50861;;;;;;;;;;
202601180415;2026;1;18;4;15;46040.17708;0;0;0;Considerar;S/D;No Considerar;No;Considerar;0;0;0;0;0;;-8.52358;;;;;;;;;;
202601180430;2026;1;18;4;30;46040.1875;0;0;0;Considerar;S/D;No Considerar;No;Considerar;0;0;0;0;0;;-8.54453;;;;;;;;;;
202601180445;2026;1;18;4;45;46040.19792;0;0;0;Considerar;S/D;No Considerar;No;Considerar;0;0;0;0;0;;-8.54371;;;;;;;;;;
202601180500;2026;1;18;5;0;46040.20833;0;0;0;Considerar;S/D;No Considerar;No;Considerar;0;0;0;0;0;;-8.52985;;;;;;;;;;
202601180515;2026;1;18;5;15;46040.21875;0;0;0;Considerar;S/D;No Considerar;No;Considerar;0;0;0;0;0;;-8.50576;;;;;;;;;;
202601180530;2026;1;18;5;30;46040.22917;0;-0.133333333;0;Considerar;S/D;No Considerar;No;Considerar;0;-0.133333333;-0.307666667;0;0;;-8.51372;;;;;;;;;;
202601180545;2026;1;18;5;45;46040.23958;0;0;0;Considerar;S/D;No Considerar;No;Considerar;0;0;0;0;0;;-8.53444;;;;;;;;;;
202601180600;2026;1;18;6;0;46040.25;0;0;0;Considerar;S/D;No Considerar;No;Considerar;0;0;0;0;0;;-8.53372;;;;;;;;;;
202601180615;2026;1;18;6;15;46040.26042;0;0;0;Considerar;S/D;No Considerar;No;Considerar;0;0;0;0;0;;-8.52692;;;;;;;;;;
202601180630;2026;1;18;6;30;46040.27083;0;0.066666667;0;Considerar;S/D;No Considerar;No;Considerar;0;0.066666667;0.153833333;0;0;;-8.53892;;;;;;;;;;
202601180645;2026;1;18;6;45;46040.28125;0;0.866666667;0.1;Considerar;S/D;No Considerar;No;Considerar;0;0.938666667;2.165973333;0;0;;-8.61309;;;;;;;;;;
202601180700;2026;1;18;7;0;46040.29167;27.21019;5.166666667;0.433333333;Considerar;Operando;No Considerar;No;Considerar;0;5.478666667;12.64202333;0;0;;-8.86135;;;;;;;;;;
202601180715;2026;1;18;7;15;46040.30208;99.29039667;12.1;0.983333333;Considerar;Operando;No Considerar;No;Considerar;0;12.808;29.55446;0;0;;10.2933;;;;;;;;;;
202601180730;2026;1;18;7;30;46040.3125;500.0933667;63.26666667;4.116666667;Considerar;Operando;No Considerar;No;Considerar;0;66.23066667;152.8272633;0;0;;69.16446;;;;;;;;;;
202601180745;2026;1;18;7;45;46040.32292;898.3768333;144.0666667;7.85;Considerar;Operando;Considerar;Si;Considerar;36.01666667;149.7186667;345.4758233;898.3768333;345.4758233;;471.07083;;;;;;;;;;
202601180800;2026;1;18;8;0;46040.33333;1428.177667;221;8.783333333;Considerar;Operando;Considerar;Si;Considerar;55.25;227.324;524.55013;1428.177667;524.55013;;1110.56247;;;;;;;;;;
202601180815;2026;1;18;8;15;46040.34375;2164.685333;296.7333333;9.933333333;Considerar;Operando;Considerar;Si;Considerar;74.18333333;303.8853333;701.2154067;2164.685333;701.2154067;;1895.99767;;;;;;;;;;
202601180830;2026;1;18;8;30;46040.35417;3107.664667;385.8;12.15;Considerar;Operando;Considerar;Si;Considerar;96.45;394.548;910.41951;3107.664667;910.41951;;2738.512;;;;;;;;;;
202601180845;2026;1;18;8;45;46040.36458;4090.648;492.5333333;14.65;Considerar;Operando;Considerar;Si;Considerar;123.1333333;503.0813333;1160.860177;4090.648;1160.860177;;3576.59733;;;;;;;;;;
202601180900;2026;1;18;9;0;46040.375;4964.909667;590.9;17.55;Considerar;Operando;Considerar;Si;Considerar;147.725;603.536;1392.65932;4964.909667;1392.65932;;4395.265;;;;;;;;;;
202601180915;2026;1;18;9;15;46040.38542;5718.953333;690.8;21.61666667;Considerar;Operando;Considerar;Si;Considerar;172.7;706.364;1629.93493;5718.953333;1629.93493;;5207.47033;;;;;;;;;;
202601180930;2026;1;18;9;30;46040.39583;6379.804667;791.3666667;26.31666667;Considerar;Operando;Considerar;Si;Considerar;197.8416667;810.3146667;1869.801093;6379.804667;1869.801093;;5535.60333;;;;;;;;;;
202601180945;2026;1;18;9;45;46040.40625;6925.642667;878.5666667;30.75;Considerar;Operando;Considerar;Si;Considerar;219.6416667;900.7066667;2078.380633;6925.642667;2078.380633;;5571.54133;;;;;;;;;;
202601181000;2026;1;18;10;0;46040.41667;7340.638667;971.2;39.01666667;Considerar;Operando;Considerar;Si;Considerar;242.8;999.292;2305.86629;7340.638667;2305.86629;;5578.81667;;;;;;;;;;
202601181015;2026;1;18;10;15;46040.42708;7459.879667;1014.566667;46.61666667;Considerar;Operando;Considerar;Si;Considerar;253.6416667;1048.130667;2418.561513;7459.879667;2418.561513;;5547.84333;;;;;;;;;;
202601181030;2026;1;18;10;30;46040.4375;7522.579667;1032.766667;47.91666667;Considerar;Operando;Considerar;Si;Considerar;258.1916667;1067.266667;2462.717833;7522.579667;2462.717833;;5531.75933;;;;;;;;;;
202601181045;2026;1;18;10;45;46040.44792;7584.422333;1047.233333;49.41666667;Considerar;Operando;Considerar;Si;Considerar;261.8083333;1082.813333;2498.591767;7584.422333;2498.591767;;5517.31733;;;;;;;;;;
202601181100;2026;1;18;11;0;46040.45833;7628.927333;1060.966667;50.63333333;Considerar;Operando;Considerar;Si;Considerar;265.2416667;1097.422667;2532.302803;7628.927333;2532.302803;;5481.381;;;;;;;;;;
202601181115;2026;1;18;11;15;46040.46875;7668.803;1069.9;51.66666667;Considerar;Operando;Considerar;Si;Considerar;267.475;1107.1;2554.63325;7668.803;2554.63325;;5432.78167;;;;;;;;;;
202601181130;2026;1;18;11;30;46040.47917;7735.265667;1080.2;52.75;Considerar;Operando;Considerar;Si;Considerar;270.05;1118.18;2580.20035;7735.265667;2580.20035;;5365.02033;;;;;;;;;;
202601181145;2026;1;18;11;45;46040.48958;7761.059667;1089.8;54.96666667;Considerar;Operando;Considerar;Si;Considerar;272.45;1129.376;2606.03512;7761.059667;2606.03512;;5325.11867;;;;;;;;;;
202601181200;2026;1;18;12;0;46040.5;7769.151333;1093.633333;56.56666667;Considerar;Operando;Considerar;Si;Considerar;273.4083333;1134.361333;2617.538777;7769.151333;2617.538777;;5296.80367;;;;;;;;;;
202601181215;2026;1;18;12;15;46040.51042;7771.059333;1095.1;57.33333333;Considerar;Operando;Considerar;Si;Considerar;273.775;1136.38;2622.19685;7771.059333;2622.19685;;5242.121;;;;;;;;;;
202601181230;2026;1;18;12;30;46040.52083;7771.548667;1097.333333;58.2;Considerar;Operando;Considerar;Si;Considerar;274.3333333;1139.237333;2628.790147;7771.548667;2628.790147;;5245.383;;;;;;;;;;
202601181245;2026;1;18;12;45;46040.53125;7771.642333;1096.833333;58.9;Considerar;Operando;Considerar;Si;Considerar;274.2083333;1139.241333;2628.799377;7771.642333;2628.799377;;5277.496;;;;;;;;;;
202601181300;2026;1;18;13;0;46040.54167;7772.100667;1096.466667;59.78333333;Considerar;Operando;Considerar;Si;Considerar;274.1166667;1139.510667;2629.420863;7772.100667;2629.420863;;5288.40067;;;;;;;;;;
202601181315;2026;1;18;13;15;46040.55208;7771.431333;1096.7;60.08333333;Considerar;Operando;Considerar;Si;Considerar;274.175;1139.96;2630.4577;7771.431333;2630.4577;;5306.731;;;;;;;;;;
202601181330;2026;1;18;13;30;46040.5625;7772.090667;1096.166667;59.63333333;Considerar;Operando;Considerar;Si;Considerar;274.0416667;1139.102667;2628.479403;7772.090667;2628.479403;;5300.18233;;;;;;;;;;
202601181345;2026;1;18;13;45;46040.57292;7774.177;1099.033333;59.9;Considerar;Operando;Considerar;Si;Considerar;274.7583333;1142.161333;2635.537277;7774.177;2635.537277;;5320.26633;;;;;;;;;;
202601181400;2026;1;18;14;0;46040.58333;7770.477333;1099.233333;59.56666667;Considerar;Operando;Considerar;Si;Considerar;274.8083333;1142.121333;2635.444977;7770.477333;2635.444977;;5338.02533;;;;;;;;;;
202601181415;2026;1;18;14;15;46040.59375;7762.864667;1099.033333;59.25;Considerar;Operando;Considerar;Si;Considerar;274.7583333;1141.693333;2634.457367;7762.864667;2634.457367;;5352.1;;;;;;;;;;
202601181430;2026;1;18;14;30;46040.60417;7761.638667;1101.6;59.61666667;Considerar;Operando;Considerar;Si;Considerar;275.4;1144.524;2640.98913;7761.638667;2640.98913;;5391.74867;;;;;;;;;;
202601181445;2026;1;18;14;45;46040.61458;7758.934333;1101.5;59.36666667;Considerar;Operando;Considerar;Si;Considerar;275.375;1144.244;2640.34303;7758.934333;2640.34303;;5416.61833;;;;;;;;;;
202601181500;2026;1;18;15;0;46040.625;7756.985;1104.3;59.35;Considerar;Operando;Considerar;Si;Considerar;276.075;1147.032;2646.77634;7756.985;2646.77634;;5433.275;;;;;;;;;;
202601181515;2026;1;18;15;15;46040.63542;7754.109333;1097.7;58.8;Considerar;Operando;Considerar;Si;Considerar;274.425;1140.036;2630.63307;7754.109333;2630.63307;;5468.44933;;;;;;;;;;
202601181530;2026;1;18;15;30;46040.64583;7736.257667;1090.433333;57.9;Considerar;Operando;Considerar;Si;Considerar;272.6083333;1132.121333;2612.369977;7736.257667;2612.369977;;5452.48733;;;;;;;;;;
202601181545;2026;1;18;15;45;46040.65625;7723.736667;1082.9;56.61666667;Considerar;Operando;Considerar;Si;Considerar;270.725;1123.664;2592.85468;7723.736667;2592.85468;;5398.573;;;;;;;;;;
202601181600;2026;1;18;16;0;46040.66667;7714.042;1076.166667;55.51666667;Considerar;Operando;Considerar;Si;Considerar;269.0416667;1116.138667;2575.489973;7714.042;2575.489973;;5320.14433;;;;;;;;;;
202601181615;2026;1;18;16;15;46040.67708;7695.281333;1072.1;54.15;Considerar;Operando;Considerar;Si;Considerar;268.025;1111.088;2563.83556;7695.281333;2563.83556;;5103.976;;;;;;;;;;
202601181630;2026;1;18;16;30;46040.6875;7678.801667;1069.333333;52.83333333;Considerar;Operando;Considerar;Si;Considerar;267.3333333;1107.373333;2555.263967;7678.801667;2555.263967;;3757.49033;;;;;;;;;;
202601181645;2026;1;18;16;45;46040.69792;7654.619;1063.666667;51.71666667;Considerar;Operando;Considerar;Si;Considerar;265.9166667;1100.902667;2540.332903;7654.619;2540.332903;;3043.42367;;;;;;;;;;
202601181700;2026;1;18;17;0;46040.70833;7611.440333;1057.133333;50.7;Considerar;Operando;Considerar;Si;Considerar;264.2833333;1093.637333;2523.568147;7611.440333;2523.568147;;2430.51667;;;;;;;;;;
202601181715;2026;1;18;17;15;46040.71875;7551.051667;1046.033333;49.55;Considerar;Operando;Considerar;Si;Considerar;261.5083333;1081.709333;2496.044287;7551.051667;2496.044287;;1773.04667;;;;;;;;;;
202601181730;2026;1;18;17;30;46040.72917;7468.919667;1028.6;48.16666667;Considerar;Operando;Considerar;Si;Considerar;257.15;1063.28;2453.5186;7468.919667;2453.5186;;1149.54713;;;;;;;;;;
202601181745;2026;1;18;17;45;46040.73958;7342.217667;1001.433333;46.56666667;Considerar;Operando;Considerar;Si;Considerar;250.3583333;1034.961333;2388.173277;7342.217667;2388.173277;;619.34377;;;;;;;;;;
202601181800;2026;1;18;18;0;46040.75;6925.508667;958.3666667;40.66666667;Considerar;Operando;Considerar;Si;Considerar;239.5916667;987.6466667;2278.994683;6925.508667;2278.994683;;230.8673;;;;;;;;;;
202601181815;2026;1;18;18;15;46040.76042;6320.637333;870.4333333;39.08333333;Considerar;Operando;Considerar;Si;Considerar;217.6083333;898.5733333;2073.457967;6320.637333;2073.457967;;45.51825;;;;;;;;;;
202601181830;2026;1;18;18;30;46040.77083;5624.719;777.6;39.61666667;Considerar;Operando;Considerar;Si;Considerar;194.4;806.124;1860.13113;5624.719;1860.13113;;-7.92343;;;;;;;;;;
202601181845;2026;1;18;18;45;46040.78125;4972.817;675.7333333;37.58333333;Considerar;Operando;Considerar;Si;Considerar;168.9333333;702.7933333;1621.695617;4972.817;1621.695617;;-8.44321;;;;;;;;;;
202601181900;2026;1;18;19;0;46040.79167;4083.671667;578.1333333;32.25;Considerar;Operando;Considerar;Si;Considerar;144.5333333;601.3533333;1387.622817;4083.671667;1387.622817;;-7.90943;;;;;;;;;;
202601181915;2026;1;18;19;15;46040.80208;3455.971;468.5;24.7;Considerar;Operando;Considerar;Si;Considerar;117.125;486.284;1122.10033;3455.971;1122.10033;;-7.89091;;;;;;;;;;
202601181930;2026;1;18;19;30;46040.8125;2827.326;396.6333333;18.86666667;Considerar;Operando;Considerar;Si;Considerar;99.15833333;410.2173333;946.5764967;2827.326;946.5764967;;-7.87133;;;;;;;;;;
202601181945;2026;1;18;19;45;46040.82292;2132.832;317.2;14.51666667;Considerar;Operando;Considerar;Si;Considerar;79.3;327.652;756.05699;2132.832;756.05699;;-7.87499;;;;;;;;;;
202601182000;2026;1;18;20;0;46040.83333;1425.225;229.4666667;14.46666667;Considerar;Operando;Considerar;Si;Considerar;57.36666667;239.8826667;553.5292533;1425.225;553.5292533;;-7.96676;;;;;;;;;;
202601182015;2026;1;18;20;15;46040.84375;821.2620667;155.4333333;14.28333333;Considerar;Operando;Considerar;Si;Considerar;38.85833333;165.7173333;382.3927467;821.2620667;382.3927467;;-8.01195;;;;;;;;;;
202601182030;2026;1;18;20;30;46040.85417;381.8186;91.93333333;11.9;Considerar;Operando;No Considerar;No;Considerar;0;100.5013333;231.9068267;0;0;;-8.02062;;;;;;;;;;
202601182045;2026;1;18;20;45;46040.86458;151.5238667;36.36666667;5.783333333;Considerar;Operando;No Considerar;No;Considerar;0;40.53066667;93.52451333;0;0;;-8.0613;;;;;;;;;;
202601182100;2026;1;18;21;0;46040.875;36.42753333;12.66666667;1.55;Considerar;Operando;No Considerar;No;Considerar;0;13.78266667;31.80350333;0;0;;-8.09939;;;;;;;;;;
202601182115;2026;1;18;21;15;46040.88542;0;2.6;0.566666667;Considerar;S/D;No Considerar;No;Considerar;0;3.008;6.94096;0;0;;-8.13255;;;;;;;;;;
202601182130;2026;1;18;21;30;46040.89583;0;0.366666667;0.25;Considerar;S/D;No Considerar;No;Considerar;0;0.546666667;1.261433333;0;0;;-8.14213;;;;;;;;;;
202601182145;2026;1;18;21;45;46040.90625;0;0.033333333;0.116666667;Considerar;S/D;No Considerar;No;Considerar;0;0.117333333;0.270746667;0;0;;-8.15026;;;;;;;;;;
202601182200;2026;1;18;22;0;46040.91667;0;0;0.033333333;Considerar;S/D;No Considerar;No;Considerar;0;0.024;0.05538;0;0;;-8.21858;;;;;;;;;;
202601182215;2026;1;18;22;15;46040.92708;0;-0.066666667;0;Considerar;S/D;No Considerar;No;Considerar;0;-0.066666667;-0.153833333;0;0;;-8.19475;;;;;;;;;;
202601182230;2026;1;18;22;30;46040.9375;0;0;0.05;Considerar;S/D;No Considerar;No;Considerar;0;0.036;0.08307;0;0;;-8.09855;;;;;;;;;;
202601182245;2026;1;18;22;45;46040.94792;0;0;0.033333333;Considerar;S/D;No Considerar;No;Considerar;0;0.024;0.05538;0;0;;-8.11247;;;;;;;;;;
202601182300;2026;1;18;23;0;46040.95833;0;0;0.083333333;Considerar;S/D;No Considerar;No;Considerar;0;0.06;0.13845;0;0;;-8.1443;;;;;;;;;;
202601182315;2026;1;18;23;15;46040.96875;0;0;0.15;Considerar;S/D;No Considerar;No;Considerar;0;0.108;0.24921;0;0;;-8.17592;;;;;;;;;;
202601182330;2026;1;18;23;30;46040.97917;0;0;0.05;Considerar;S/D;No Considerar;No;Considerar;0;0.036;0.08307;0;0;;-8.22998;;;;;;;;;;
202601182345;2026;1;18;23;45;46040.98958;0;0.066666667;0.033333333;Considerar;S/D;No Considerar;No;Considerar;0;0.090666667;0.209213333;0;0;;-8.28882;;;;;;;;;;
202601190000;2026;1;19;0;0;46041;0;0.033333333;0.033333333;Considerar;S/D;No Considerar;No;Considerar;0;0.057333333;0.132296667;0;0;;-8.31251;;;;;;;;;;
202601190015;2026;1;19;0;15;46041.01042;0;0.066666667;0.116666667;Considerar;S/D;No Considerar;No;Considerar;0;0.150666667;0.347663333;0;0;;-8.3829;;;;;;;;;;
202601190030;2026;1;19;0;30;46041.02083;0;0;0.033333333;Considerar;S/D;No Considerar;No;Considerar;0;0.024;0.05538;0;0;;-8.33388;;;;;;;;;;
202601190045;2026;1;19;0;45;46041.03125;0;0;0;Considerar;S/D;No Considerar;No;Considerar;0;0;0;0;0;;-8.43316;;;;;;;;;;
202601190100;2026;1;19;1;0;46041.04167;0;0;0;Considerar;S/D;No Considerar;No;Considerar;0;0;0;0;0;;-8.49175;;;;;;;;;;
202601190115;2026;1;19;1;15;46041.05208;0;0;0;Considerar;S/D;No Considerar;No;Considerar;0;0;0;0;0;;-8.55489;;;;;;;;;;
202601190130;2026;1;19;1;30;46041.0625;0;0.033333333;0.033333333;Considerar;S/D;No Considerar;No;Considerar;0;0.057333333;0.132296667;0;0;;-8.53649;;;;;;;;;;
202601190145;2026;1;19;1;45;46041.07292;0;0.066666667;0.016666667;Considerar;S/D;No Considerar;No;Considerar;0;0.078666667;0.181523333;0;0;;-8.38361;;;;;;;;;;
202601190200;2026;1;19;2;0;46041.08333;0;0;0.1;Considerar;S/D;No Considerar;No;Considerar;0;0.072;0.16614;0;0;;-8.41236;;;;;;;;;;
202601190215;2026;1;19;2;15;46041.09375;0;0;0.083333333;Considerar;S/D;No Considerar;No;Considerar;0;0.06;0.13845;0;0;;-8.46022;;;;;;;;;;
202601190230;2026;1;19;2;30;46041.10417;0;0.166666667;0.116666667;Considerar;S/D;No Considerar;No;Considerar;0;0.250666667;0.578413333;0;0;;-8.46956;;;;;;;;;;
202601190245;2026;1;19;2;45;46041.11458;0;0.1;0.116666667;Considerar;S/D;No Considerar;No;Considerar;0;0.184;0.42458;0;0;;-8.48668;;;;;;;;;;
202601190300;2026;1;19;3;0;46041.125;0;0;0.116666667;Considerar;S/D;No Considerar;No;Considerar;0;0.084;0.19383;0;0;;-8.45656;;;;;;;;;;
202601190315;2026;1;19;3;15;46041.13542;0;0;0.05;Considerar;S/D;No Considerar;No;Considerar;0;0.036;0.08307;0;0;;-8.50041;;;;;;;;;;
202601190330;2026;1;19;3;30;46041.14583;0;0;0;Considerar;S/D;No Considerar;No;Considerar;0;0;0;0;0;;-8.50237;;;;;;;;;;
202601190345;2026;1;19;3;45;46041.15625;0;0;0;Considerar;S/D;No Considerar;No;Considerar;0;0;0;0;0;;-8.50316;;;;;;;;;;
202601190400;2026;1;19;4;0;46041.16667;0;0;0;Considerar;S/D;No Considerar;No;Considerar;0;0;0;0;0;;-8.53981;;;;;;;;;;
202601190415;2026;1;19;4;15;46041.17708;0;0;0.05;Considerar;S/D;No Considerar;No;Considerar;0;0.036;0.08307;0;0;;-8.57167;;;;;;;;;;
202601190430;2026;1;19;4;30;46041.1875;0;0;0.066666667;Considerar;S/D;No Considerar;No;Considerar;0;0.048;0.11076;0;0;;-8.55886;;;;;;;;;;
202601190445;2026;1;19;4;45;46041.19792;0;0;0;Considerar;S/D;No Considerar;No;Considerar;0;0;0;0;0;;-8.58158;;;;;;;;;;
202601190500;2026;1;19;5;0;46041.20833;0;0;0.016666667;Considerar;S/D;No Considerar;No;Considerar;0;0.012;0.02769;0;0;;-8.59231;;;;;;;;;;
202601190515;2026;1;19;5;15;46041.21875;0;0;0;Considerar;S/D;No Considerar;No;Considerar;0;0;0;0;0;;-8.6177;;;;;;;;;;
202601190530;2026;1;19;5;30;46041.22917;0;-0.066666667;0;Considerar;S/D;No Considerar;No;Considerar;0;-0.066666667;-0.153833333;0;0;;-8.61425;;;;;;;;;;
202601190545;2026;1;19;5;45;46041.23958;0;0;0.016666667;Considerar;S/D;No Considerar;No;Considerar;0;0.012;0.02769;0;0;;-8.6;;;;;;;;;;
202601190600;2026;1;19;6;0;46041.25;0;0;0;Considerar;S/D;No Considerar;No;Considerar;0;0;0;0;0;;-8.62831;;;;;;;;;;
202601190615;2026;1;19;6;15;46041.26042;0;-0.033333333;0;Considerar;S/D;No Considerar;No;Considerar;0;-0.033333333;-0.076916667;0;0;;-8.61123;;;;;;;;;;
202601190630;2026;1;19;6;30;46041.27083;0;0;0;Considerar;S/D;No Considerar;No;Considerar;0;0;0;0;0;;-8.62664;;;;;;;;;;
202601190645;2026;1;19;6;45;46041.28125;0;0.633333333;0.066666667;Considerar;S/D;No Considerar;No;Considerar;0;0.681333333;1.572176667;0;0;;-8.60562;;;;;;;;;;
202601190700;2026;1;19;7;0;46041.29167;19.040919;3.6;0.3;Considerar;Operando;No Considerar;No;Considerar;0;3.816;8.80542;0;0;;-8.53077;;;;;;;;;;
202601190715;2026;1;19;7;15;46041.30208;92.25080667;11.4;0.916666667;Considerar;Operando;No Considerar;No;Considerar;0;12.06;27.82845;0;0;;11.6307;;;;;;;;;;
202601190730;2026;1;19;7;30;46041.3125;392.1498;48.96666667;3.233333333;Considerar;Operando;No Considerar;No;Considerar;0;51.29466667;118.3624433;0;0;;69.1049;;;;;;;;;;
202601190745;2026;1;19;7;45;46041.32292;791.5638;117;6.35;Considerar;Operando;Considerar;Si;Considerar;29.25;121.572;280.52739;791.5638;280.52739;;443.9973;;;;;;;;;;
202601190800;2026;1;19;8;0;46041.33333;1316.679;178.4333333;8;Considerar;Operando;Considerar;Si;Considerar;44.60833333;184.1933333;425.0261167;1316.679;425.0261167;;1116.32093;;;;;;;;;;
202601190815;2026;1;19;8;15;46041.34375;1981.248;270.6333333;9.65;Considerar;Operando;Considerar;Si;Considerar;67.65833333;277.5813333;640.5189267;1981.248;640.5189267;;1883.197;;;;;;;;;;
202601190830;2026;1;19;8;30;46041.35417;2856.984333;369.7;12;Considerar;Operando;Considerar;Si;Considerar;92.425;378.34;873.01955;2856.984333;873.01955;;2721.56833;;;;;;;;;;
202601190845;2026;1;19;8;45;46041.36458;3743.526333;460.8666667;14.58333333;Considerar;Operando;Considerar;Si;Considerar;115.2166667;471.3666667;1087.678583;3743.526333;1087.678583;;3531.08233;;;;;;;;;;
202601190900;2026;1;19;9;0;46041.375;4586.754;547.2;17.38333333;Considerar;Operando;Considerar;Si;Considerar;136.8;559.716;1291.54467;4586.754;1291.54467;;4297.901;;;;;;;;;;
202601190915;2026;1;19;9;15;46041.38542;5330.112;641.6666667;21.28333333;Considerar;Operando;Considerar;Si;Considerar;160.4166667;656.9906667;1516.005963;5330.112;1516.005963;;5031.81333;;;;;;;;;;
202601190930;2026;1;19;9;30;46041.39583;6045.324667;728.2333333;25.75;Considerar;Operando;Considerar;Si;Considerar;182.0583333;746.7733333;1723.179467;6045.324667;1723.179467;;5337.711;;;;;;;;;;
202601190945;2026;1;19;9;45;46041.40625;6666.362667;836.9;30.33333333;Considerar;Operando;Considerar;Si;Considerar;209.225;858.74;1981.54255;6666.362667;1981.54255;;5391.043;;;;;;;;;;
202601191000;2026;1;19;10;0;46041.41667;7167.756;932.0333333;38.35;Considerar;Operando;Considerar;Si;Considerar;233.0083333;959.6453333;2214.381607;7167.756;2214.381607;;5416.48367;;;;;;;;;;
202601191015;2026;1;19;10;15;46041.42708;7374.039;973.5333333;46.91666667;Considerar;Operando;Considerar;Si;Considerar;243.3833333;1007.313333;2324.375517;7374.039;2324.375517;;5414.04467;;;;;;;;;;
202601191030;2026;1;19;10;30;46041.4375;7486.326667;993.4666667;48.45;Considerar;Operando;Considerar;Si;Considerar;248.3666667;1028.350667;2372.919163;7486.326667;2372.919163;;5395.598;;;;;;;;;;
202601191045;2026;1;19;10;45;46041.44792;7592.672667;1013.533333;50.13333333;Considerar;Operando;Considerar;Si;Considerar;253.3833333;1049.629333;2422.019687;7592.672667;2422.019687;;5382.28667;;;;;;;;;;
202601191100;2026;1;19;11;0;46041.45833;7647.92;1027.233333;51.33333333;Considerar;Operando;Considerar;Si;Considerar;256.8083333;1064.193333;2455.626117;7647.92;2455.626117;;5347.74767;;;;;;;;;;
202601191115;2026;1;19;11;15;46041.46875;7718.771667;1039.966667;52.48333333;Considerar;Operando;Considerar;Si;Considerar;259.9916667;1077.754667;2486.918893;7718.771667;2486.918893;;5297.049;;;;;;;;;;
202601191130;2026;1;19;11;30;46041.47917;7751.748667;1050.533333;53.66666667;Considerar;Operando;Considerar;Si;Considerar;262.6333333;1089.173333;2513.267467;7751.748667;2513.267467;;5284.68533;;;;;;;;;;
202601191145;2026;1;19;11;45;46041.48958;7755.796333;1059.166667;55.01666667;Considerar;Operando;Considerar;Si;Considerar;264.7916667;1098.778667;2535.431773;7755.796333;2535.431773;;5335.83467;;;;;;;;;;
202601191200;2026;1;19;12;0;46041.5;7759.798;1066.566667;56.58333333;Considerar;Operando;Considerar;Si;Considerar;266.6416667;1107.306667;2555.110133;7759.798;2555.110133;;3481.227;;;;;;;;;;
202601191215;2026;1;19;12;15;46041.51042;7764.042333;1070.866667;57.6;Considerar;Operando;Considerar;Si;Considerar;267.7166667;1112.338667;2566.721473;7764.042333;2566.721473;;4003.806;;;;;;;;;;
202601191230;2026;1;19;12;30;46041.52083;7765.765333;1074.733333;58.38333333;Considerar;Operando;Considerar;Si;Considerar;268.6833333;1116.769333;2576.945237;7765.765333;2576.945237;;4816.28367;;;;;;;;;;
202601191245;2026;1;19;12;45;46041.53125;7768.778333;1078.2;59.26666667;Considerar;Operando;Considerar;Si;Considerar;269.55;1120.872;2586.41214;7768.778333;2586.41214;;5111.023;;;;;;;;;;
202601191300;2026;1;19;13;0;46041.54167;7766.586;1079.766667;59.9;Considerar;Operando;Considerar;Si;Considerar;269.9416667;1122.894667;2591.079443;7766.586;2591.079443;;4908.68433;;;;;;;;;;
202601191315;2026;1;19;13;15;46041.55208;7767.092;1076.333333;60.46666667;Considerar;Operando;Considerar;Si;Considerar;269.0833333;1119.869333;2584.098487;7767.092;2584.098487;;5167.584;;;;;;;;;;
202601191330;2026;1;19;13;30;46041.5625;7765.414;1073.866667;59.98333333;Considerar;Operando;Considerar;Si;Considerar;268.4666667;1117.054667;2577.603643;7765.414;2577.603643;;5193.614;;;;;;;;;;
202601191345;2026;1;19;13;45;46041.57292;7763.672667;1072.033333;59.66666667;Considerar;Operando;Considerar;Si;Considerar;268.0083333;1114.993333;2572.847117;7763.672667;2572.847117;;5177.39333;;;;;;;;;;
202601191400;2026;1;19;14;0;46041.58333;7762.359667;1073.466667;59.68333333;Considerar;Operando;Considerar;Si;Considerar;268.3666667;1116.438667;2576.182223;7762.359667;2576.182223;;5192.30433;;;;;;;;;;
202601191415;2026;1;19;14;15;46041.59375;7757.575333;1072.566667;59.5;Considerar;Operando;Considerar;Si;Considerar;268.1416667;1115.406667;2573.800883;7757.575333;2573.800883;;5261.20833;;;;;;;;;;
202601191430;2026;1;19;14;30;46041.60417;7756.055;1076.066667;59.6;Considerar;Operando;Considerar;Si;Considerar;269.0166667;1118.978667;2582.043273;7756.055;2582.043273;;5272.77867;;;;;;;;;;
202601191445;2026;1;19;14;45;46041.61458;7752.522667;1078.133333;59.46666667;Considerar;Operando;Considerar;Si;Considerar;269.5333333;1120.949333;2586.590587;7752.522667;2586.590587;;5026.165;;;;;;;;;;
202601191500;2026;1;19;15;0;46041.625;7753.435333;1077.6;59.33333333;Considerar;Operando;Considerar;Si;Considerar;269.4;1120.32;2585.1384;7753.435333;2585.1384;;3884.41633;;;;;;;;;;
202601191515;2026;1;19;15;15;46041.63542;7732.409667;1073.9;58.73333333;Considerar;Operando;Considerar;Si;Considerar;268.475;1116.188;2575.60381;7732.409667;2575.60381;;1783.857;;;;;;;;;;
202601191530;2026;1;19;15;30;46041.64583;7751.649;1072.433333;58.08333333;Considerar;Operando;Considerar;Si;Considerar;268.1083333;1114.253333;2571.139567;7751.649;2571.139567;;2194.18567;;;;;;;;;;
202601191545;2026;1;19;15;45;46041.65625;7750.547667;1072.4;57.33333333;Considerar;Operando;Considerar;Si;Considerar;268.1;1113.68;2569.8166;7750.547667;2569.8166;;1640.49567;;;;;;;;;;
202601191600;2026;1;19;16;0;46041.66667;7743.728667;1063.666667;55.93333333;Considerar;Operando;Considerar;Si;Considerar;265.9166667;1103.938667;2547.338473;7743.728667;2547.338473;;1238.19933;;;;;;;;;;
202601191615;2026;1;19;16;15;46041.67708;7731.664;1063.766667;54.83333333;Considerar;Operando;Considerar;Si;Considerar;265.9416667;1103.246667;2545.741683;7731.664;2545.741683;;925.54117;;;;;;;;;;
202601191630;2026;1;19;16;30;46041.6875;7702.513667;1060.566667;53.51666667;Considerar;Operando;Considerar;Si;Considerar;265.1416667;1099.098667;2536.170173;7702.513667;2536.170173;;741.36587;;;;;;;;;;
202601191645;2026;1;19;16;45;46041.69792;7653.815667;1046.8;52.23333333;Considerar;Operando;Considerar;Si;Considerar;261.7;1084.408;2502.27146;7653.815667;2502.27146;;655.51027;;;;;;;;;;
202601191700;2026;1;19;17;0;46041.70833;7596.063333;1034.6;51.18333333;Considerar;Operando;Considerar;Si;Considerar;258.65;1071.452;2472.37549;7596.063333;2472.37549;;568.39677;;;;;;;;;;
202601191715;2026;1;19;17;15;46041.71875;7517.320667;1025.266667;50.06666667;Considerar;Operando;Considerar;Si;Considerar;256.3166667;1061.314667;2448.983593;7517.320667;2448.983593;;437.98243;;;;;;;;;;
202601191730;2026;1;19;17;30;46041.72917;7440.399667;1011.933333;48.15;Considerar;Operando;Considerar;Si;Considerar;252.9833333;1046.601333;2415.032577;7440.399667;2415.032577;;289.6385;;;;;;;;;;
202601191745;2026;1;19;17;45;46041.73958;7329.016333;994.6;47.18333333;Considerar;Operando;Considerar;Si;Considerar;248.65;1028.572;2373.42989;7329.016333;2373.42989;;191.37483;;;;;;;;;;
202601191800;2026;1;19;18;0;46041.75;6956.931667;956.1;41.75;Considerar;Operando;Considerar;Si;Considerar;239.025;986.16;2275.5642;6956.931667;2275.5642;;67.60779;;;;;;;;;;
202601191815;2026;1;19;18;15;46041.76042;6346.756;863.5;39.33333333;Considerar;Operando;Considerar;Si;Considerar;215.875;891.82;2057.87465;6346.756;2057.87465;;8.96511;;;;;;;;;;
202601191830;2026;1;19;18;30;46041.77083;5688.236667;769.8333333;39.43333333;Considerar;Operando;Considerar;Si;Considerar;192.4583333;798.2253333;1841.904957;5688.236667;1841.904957;;-11.58564;;;;;;;;;;
202601191845;2026;1;19;18;45;46041.78125;4978.792333;684.7;37.71666667;Considerar;Operando;Considerar;Si;Considerar;171.175;711.856;1642.60772;4978.792333;1642.60772;;-8.1617;;;;;;;;;;
202601191900;2026;1;19;19;0;46041.79167;4237.49;574.9;31.73333333;Considerar;Operando;Considerar;Si;Considerar;143.725;597.748;1379.30351;4237.49;1379.30351;;-7.74245;;;;;;;;;;
202601191915;2026;1;19;19;15;46041.80208;3435.848;477.6666667;25.01666667;Considerar;Operando;Considerar;Si;Considerar;119.4166667;495.6786667;1143.778523;3435.848;1143.778523;;-7.85409;;;;;;;;;;
202601191930;2026;1;19;19;30;46041.8125;2650.343;376.4333333;18.38333333;Considerar;Operando;Considerar;Si;Considerar;94.10833333;389.6693333;899.1619867;2650.343;899.1619867;;-7.74819;;;;;;;;;;
202601191945;2026;1;19;19;45;46041.82292;1902.656667;284.6;14.16666667;Considerar;Operando;Considerar;Si;Considerar;71.15;294.8;680.251;1902.656667;680.251;;-7.93498;;;;;;;;;;
202601192000;2026;1;19;20;0;46041.83333;1143.022233;192.8666667;13.31666667;Considerar;Operando;Considerar;Si;Considerar;48.21666667;202.4546667;467.1641433;1143.022233;467.1641433;;-7.75339;;;;;;;;;;
202601192015;2026;1;19;20;15;46041.84375;613.2122667;124.7333333;11.63333333;Considerar;Operando;Considerar;Si;Considerar;31.18333333;133.1093333;307.1497867;613.2122667;307.1497867;;-7.76369;;;;;;;;;;
202601192030;2026;1;19;20;30;46041.85417;264.9343333;58.13333333;8;Considerar;Operando;No Considerar;No;Considerar;0;63.89333333;147.4338667;0;0;;-7.81645;;;;;;;;;;
202601192045;2026;1;19;20;45;46041.86458;96.62603;23.5;3.366666667;Considerar;Operando;No Considerar;No;Considerar;0;25.924;59.81963;0;0;;-8.14962;;;;;;;;;;
202601192100;2026;1;19;21;0;46041.875;23.034752;8.4;0.983333333;Considerar;Operando;No Considerar;No;Considerar;0;9.108;21.01671;0;0;;-7.87953;;;;;;;;;;
202601192115;2026;1;19;21;15;46041.88542;0;2.3;0.483333333;Considerar;S/D;No Considerar;No;Considerar;0;2.648;6.11026;0;0;;-7.96028;;;;;;;;;;
202601192130;2026;1;19;21;30;46041.89583;0;0.4;0.216666667;Considerar;S/D;No Considerar;No;Considerar;0;0.556;1.28297;0;0;;-7.94412;;;;;;;;;;
202601192145;2026;1;19;21;45;46041.90625;0;0.1;0.083333333;Considerar;S/D;No Considerar;No;Considerar;0;0.16;0.3692;0;0;;-7.94339;;;;;;;;;;
202601192200;2026;1;19;22;0;46041.91667;0;0;0.066666667;Considerar;S/D;No Considerar;No;Considerar;0;0.048;0.11076;0;0;;-7.98516;;;;;;;;;;
202601192215;2026;1;19;22;15;46041.92708;0;0;0.016666667;Considerar;S/D;No Considerar;No;Considerar;0;0.012;0.02769;0;0;;-7.92942;;;;;;;;;;
202601192230;2026;1;19;22;30;46041.9375;0;0;0.016666667;Considerar;S/D;No Considerar;No;Considerar;0;0.012;0.02769;0;0;;-7.89968;;;;;;;;;;
202601192245;2026;1;19;22;45;46041.94792;0;0;0;Considerar;S/D;No Considerar;No;Considerar;0;0;0;0;0;;-7.90836;;;;;;;;;;
202601192300;2026;1;19;23;0;46041.95833;0;0;0;Considerar;S/D;No Considerar;No;Considerar;0;0;0;0;0;;-7.92688;;;;;;;;;;
202601192315;2026;1;19;23;15;46041.96875;0;0;0;Considerar;S/D;No Considerar;No;Considerar;0;0;0;0;0;;-7.99274;;;;;;;;;;
202601192330;2026;1;19;23;30;46041.97917;0;0;0.1;Considerar;S/D;No Considerar;No;Considerar;0;0.072;0.16614;0;0;;-8.04274;;;;;;;;;;
202601192345;2026;1;19;23;45;46041.98958;0;0;0.033333333;Considerar;S/D;No Considerar;No;Considerar;0;0.024;0.05538;0;0;;-8.02822;;;;;;;;;;
202601200000;2026;1;20;0;0;46042;0;0;0;Considerar;S/D;No Considerar;No;Considerar;0;0;0;0;0;;-8.00543;;;;;;;;;;
202601200015;2026;1;20;0;15;46042.01042;0;0;0;Considerar;S/D;No Considerar;No;Considerar;0;0;0;0;0;;-8.01842;;;;;;;;;;
202601200030;2026;1;20;0;30;46042.02083;0;0;0;Considerar;S/D;No Considerar;No;Considerar;0;0;0;0;0;;-8.10207;;;;;;;;;;
202601200045;2026;1;20;0;45;46042.03125;0;-0.066666667;0;Considerar;S/D;No Considerar;No;Considerar;0;-0.066666667;-0.153833333;0;0;;-8.14236;;;;;;;;;;
202601200100;2026;1;20;1;0;46042.04167;0;0;0;Considerar;S/D;No Considerar;No;Considerar;0;0;0;0;0;;-8.17531;;;;;;;;;;
202601200115;2026;1;20;1;15;46042.05208;0;0;0;Considerar;S/D;No Considerar;No;Considerar;0;0;0;0;0;;-8.22929;;;;;;;;;;
202601200130;2026;1;20;1;30;46042.0625;0;0;0;Considerar;S/D;No Considerar;No;Considerar;0;0;0;0;0;;-8.31804;;;;;;;;;;
202601200145;2026;1;20;1;45;46042.07292;0;0;0;Considerar;S/D;No Considerar;No;Considerar;0;0;0;0;0;;-8.3569;;;;;;;;;;
202601200200;2026;1;20;2;0;46042.08333;0;0;0;Considerar;S/D;No Considerar;No;Considerar;0;0;0;0;0;;-8.35188;;;;;;;;;;
202601200215;2026;1;20;2;15;46042.09375;0;0;0;Considerar;S/D;No Considerar;No;Considerar;0;0;0;0;0;;-8.37173;;;;;;;;;;
202601200230;2026;1;20;2;30;46042.10417;0;0;0;Considerar;S/D;No Considerar;No;Considerar;0;0;0;0;0;;-8.37079;;;;;;;;;;
202601200245;2026;1;20;2;45;46042.11458;0;-0.033333333;0;Considerar;S/D;No Considerar;No;Considerar;0;-0.033333333;-0.076916667;0;0;;-8.39364;;;;;;;;;;
202601200300;2026;1;20;3;0;46042.125;0;0;0;Considerar;S/D;No Considerar;No;Considerar;0;0;0;0;0;;-8.42896;;;;;;;;;;
202601200315;2026;1;20;3;15;46042.13542;0;0;0.033333333;Considerar;S/D;No Considerar;No;Considerar;0;0.024;0.05538;0;0;;-8.41003;;;;;;;;;;
202601200330;2026;1;20;3;30;46042.14583;0;0;0.016666667;Considerar;S/D;No Considerar;No;Considerar;0;0.012;0.02769;0;0;;-8.40779;;;;;;;;;;
202601200345;2026;1;20;3;45;46042.15625;0;0;0;Considerar;S/D;No Considerar;No;Considerar;0;0;0;0;0;;-8.46184;;;;;;;;;;
202601200400;2026;1;20;4;0;46042.16667;0;0;0;Considerar;S/D;No Considerar;No;Considerar;0;0;0;0;0;;-8.49687;;;;;;;;;;
202601200415;2026;1;20;4;15;46042.17708;0;0;0;Considerar;S/D;No Considerar;No;Considerar;0;0;0;0;0;;-8.53206;;;;;;;;;;
202601200430;2026;1;20;4;30;46042.1875;0;0;0;Considerar;S/D;No Considerar;No;Considerar;0;0;0;0;0;;-8.516;;;;;;;;;;
202601200445;2026;1;20;4;45;46042.19792;0;0;0;Considerar;S/D;No Considerar;No;Considerar;0;0;0;0;0;;-8.5054;;;;;;;;;;
202601200500;2026;1;20;5;0;46042.20833;0;0;0;Considerar;S/D;No Considerar;No;Considerar;0;0;0;0;0;;-8.51657;;;;;;;;;;
202601200515;2026;1;20;5;15;46042.21875;0;-0.2;0;Considerar;S/D;No Considerar;No;Considerar;0;-0.2;-0.4615;0;0;;-8.53548;;;;;;;;;;
202601200530;2026;1;20;5;30;46042.22917;0;0;0;Considerar;S/D;No Considerar;No;Considerar;0;0;0;0;0;;-8.49624;;;;;;;;;;
202601200545;2026;1;20;5;45;46042.23958;0;-0.066666667;0;Considerar;S/D;No Considerar;No;Considerar;0;-0.066666667;-0.153833333;0;0;;-8.51236;;;;;;;;;;
202601200600;2026;1;20;6;0;46042.25;0;-0.433333333;-0.05;Considerar;S/D;No Considerar;No;Considerar;0;-0.469333333;-1.082986667;0;0;;-8.48513;;;;;;;;;;
202601200615;2026;1;20;6;15;46042.26042;0;-0.233333333;-0.1;Considerar;S/D;No Considerar;No;Considerar;0;-0.305333333;-0.704556667;0;0;;-8.4634;;;;;;;;;;
202601200630;2026;1;20;6;30;46042.27083;0;-0.2;-0.066666667;Considerar;S/D;No Considerar;No;Considerar;0;-0.248;-0.57226;0;0;;-8.47254;;;;;;;;;;
202601200645;2026;1;20;6;45;46042.28125;0;0.1;-0.016666667;Considerar;S/D;No Considerar;No;Considerar;0;0.088;0.20306;0;0;;-8.45052;;;;;;;;;;
202601200700;2026;1;20;7;0;46042.29167;3.294372;1.966666667;0;Considerar;Operando;No Considerar;No;Considerar;0;1.966666667;4.538083333;0;0;;-8.42216;;;;;;;;;;
202601200715;2026;1;20;7;15;46042.30208;45.30009333;7.566666667;0.316666667;Considerar;Operando;No Considerar;No;Considerar;0;7.794666667;17.98619333;0;0;;5.09319;;;;;;;;;;
202601200730;2026;1;20;7;30;46042.3125;179.0703333;18.9;1.55;Considerar;Operando;No Considerar;No;Considerar;0;20.016;46.18692;0;0;;49.83577;;;;;;;;;;
202601200745;2026;1;20;7;45;46042.32292;311.2222;32.96666667;3.033333333;Considerar;Operando;No Considerar;No;Considerar;0;35.15066667;81.11016333;0;0;;213.61337;;;;;;;;;;
202601200800;2026;1;20;8;0;46042.33333;508.9741;53.7;5.266666667;Considerar;Operando;No Considerar;No;Considerar;0;57.492;132.66279;0;0;;673.77903;;;;;;;;;;
202601200815;2026;1;20;8;15;46042.34375;709.3288667;78.36666667;7.916666667;Considerar;Operando;No Considerar;No;Considerar;0;84.06666667;193.9838333;0;0;;923.17067;;;;;;;;;;
202601200830;2026;1;20;8;30;46042.35417;966.5872333;99.3;10.46666667;Considerar;Operando;No Considerar;No;Considerar;0;106.836;246.52407;0;0;;1393.052;;;;;;;;;;
202601200845;2026;1;20;8;45;46042.36458;1439.604667;133.4666667;14.26666667;Considerar;Operando;Considerar;Si;Considerar;33.36666667;143.7386667;331.6769733;1439.604667;331.6769733;;1536.85933;;;;;;;;;;
202601200900;2026;1;20;9;0;46042.375;1833.376667;196.4;17.88333333;Considerar;Operando;Considerar;Si;Considerar;49.1;209.276;482.90437;1833.376667;482.90437;;2442.74067;;;;;;;;;;
202601200915;2026;1;20;9;15;46042.38542;4503.687667;462.8333333;22.11666667;Considerar;Operando;Considerar;Si;Considerar;115.7083333;478.7573333;1104.732547;4503.687667;1104.732547;;4599.424;;;;;;;;;;
202601200930;2026;1;20;9;30;46042.39583;5760.212667;668.6666667;27.95;Considerar;Operando;Considerar;Si;Considerar;167.1666667;688.7906667;1589.384463;5760.212667;1589.384463;;5261.90267;;;;;;;;;;
202601200945;2026;1;20;9;45;46042.40625;6304.774;756.5333333;33.26666667;Considerar;Operando;Considerar;Si;Considerar;189.1333333;780.4853333;1800.969907;6304.774;1800.969907;;5320.34;;;;;;;;;;
202601201000;2026;1;20;10;0;46042.41667;6263.089333;862.3666667;46.18333333;Considerar;Operando;Considerar;Si;Considerar;215.5916667;895.6186667;2066.640073;6263.089333;2066.640073;;5361.28833;;;;;;;;;;
202601201015;2026;1;20;10;15;46042.42708;5899.416;881.6666667;63.66666667;Considerar;Operando;Considerar;Si;Considerar;220.4166667;927.5066667;2140.221633;5899.416;2140.221633;;5346.651;;;;;;;;;;
202601201030;2026;1;20;10;30;46042.4375;6049.649;958.0333333;68.36666667;Considerar;Operando;Considerar;Si;Considerar;239.5083333;1007.257333;2324.246297;6049.649;2324.246297;;5311.55833;;;;;;;;;;
202601201045;2026;1;20;10;45;46042.44792;7550.004;971.7333333;61.06666667;Considerar;Operando;Considerar;Si;Considerar;242.9333333;1015.701333;2343.730827;7550.004;2343.730827;;5289.13667;;;;;;;;;;
202601201100;2026;1;20;11;0;46042.45833;7684.783;989.9333333;55.66666667;Considerar;Operando;Considerar;Si;Considerar;247.4833333;1030.013333;2376.755767;7684.783;2376.755767;;5255.69433;;;;;;;;;;
202601201115;2026;1;20;11;15;46042.46875;7732.172;1010.533333;54.43333333;Considerar;Operando;Considerar;Si;Considerar;252.6333333;1049.725333;2422.241207;7732.172;2422.241207;;5180.85633;;;;;;;;;;
202601201130;2026;1;20;11;30;46042.47917;7753.267333;1022.866667;55.01666667;Considerar;Operando;Considerar;Si;Considerar;255.7166667;1062.478667;2451.669523;7753.267333;2451.669523;;5141.94633;;;;;;;;;;
202601201145;2026;1;20;11;45;46042.48958;7758.811333;1033.066667;56.03333333;Considerar;Operando;Considerar;Si;Considerar;258.2666667;1073.410667;2476.895113;7758.811333;2476.895113;;5100.739;;;;;;;;;;
202601201200;2026;1;20;12;0;46042.5;7763.781;1039.366667;57.48333333;Considerar;Operando;Considerar;Si;Considerar;259.8416667;1080.754667;2493.841393;7763.781;2493.841393;;5063.13867;;;;;;;;;;
202601201215;2026;1;20;12;15;46042.51042;7767.030333;1042.033333;58.28333333;Considerar;Operando;Considerar;Si;Considerar;260.5083333;1083.997333;2501.323847;7767.030333;2501.323847;;5051.813;;;;;;;;;;
202601201230;2026;1;20;12;30;46042.52083;7769.845333;1044.366667;59.03333333;Considerar;Operando;Considerar;Si;Considerar;261.0916667;1086.870667;2507.954063;7769.845333;2507.954063;;5060.08867;;;;;;;;;;
202601201245;2026;1;20;12;45;46042.53125;7771.846333;1046.966667;59.66666667;Considerar;Operando;Considerar;Si;Considerar;261.7416667;1089.926667;2515.005783;7771.846333;2515.005783;;5070.53667;;;;;;;;;;
202601201300;2026;1;20;13;0;46042.54167;7772.228;1048.566667;60.58333333;Considerar;Operando;Considerar;Si;Considerar;262.1416667;1092.186667;2520.220733;7772.228;2520.220733;;5076.55367;;;;;;;;;;
202601201315;2026;1;20;13;15;46042.55208;7771.265;1048.2;60.43333333;Considerar;Operando;Considerar;Si;Considerar;262.05;1091.712;2519.12544;7771.265;2519.12544;;5082.948;;;;;;;;;;
202601201330;2026;1;20;13;30;46042.5625;7771.294;1043.466667;60.03333333;Considerar;Operando;Considerar;Si;Considerar;260.8666667;1086.690667;2507.538713;7771.294;2507.538713;;5083.54167;;;;;;;;;;
202601201345;2026;1;20;13;45;46042.57292;7759.527667;1042.6;59.83333333;Considerar;Operando;Considerar;Si;Considerar;260.65;1085.68;2505.2066;7759.527667;2505.2066;;5106.85733;;;;;;;;;;
202601201400;2026;1;20;14;0;46042.58333;7768.185667;1044.066667;59.51666667;Considerar;Operando;Considerar;Si;Considerar;261.0166667;1086.918667;2508.064823;7768.185667;2508.064823;;5143.234;;;;;;;;;;
202601201415;2026;1;20;14;15;46042.59375;7760.269333;1043.5;59.08333333;Considerar;Operando;Considerar;Si;Considerar;260.875;1086.04;2506.0373;7760.269333;2506.0373;;5181.674;;;;;;;;;;
202601201430;2026;1;20;14;30;46042.60417;7748.832333;1045.9;59.11666667;Considerar;Operando;Considerar;Si;Considerar;261.475;1088.464;2511.63068;7748.832333;2511.63068;;5222.52533;;;;;;;;;;
202601201445;2026;1;20;14;45;46042.61458;7754.507667;1043.466667;58.96666667;Considerar;Operando;Considerar;Si;Considerar;260.8666667;1085.922667;2505.766553;7754.507667;2505.766553;;5242.10333;;;;;;;;;;
202601201500;2026;1;20;15;0;46042.625;7756.209667;1048.2;58.8;Considerar;Operando;Considerar;Si;Considerar;262.05;1090.536;2516.41182;7756.209667;2516.41182;;5257.09433;;;;;;;;;;
202601201515;2026;1;20;15;15;46042.63542;7748.014667;1048.133333;58.18333333;Considerar;Operando;Considerar;Si;Considerar;262.0333333;1090.025333;2515.233457;7748.014667;2515.233457;;5244.521;;;;;;;;;;
202601201530;2026;1;20;15;30;46042.64583;7732.092;1042.866667;57.53333333;Considerar;Operando;Considerar;Si;Considerar;260.7166667;1084.290667;2502.000713;7732.092;2502.000713;;5216.56133;;;;;;;;;;
202601201545;2026;1;20;15;45;46042.65625;7743.217;1045.233333;56.88333333;Considerar;Operando;Considerar;Si;Considerar;261.3083333;1086.189333;2506.381887;7743.217;2506.381887;;5149.31133;;;;;;;;;;
202601201600;2026;1;20;16;0;46042.66667;7725.118667;1043.733333;55.83333333;Considerar;Operando;Considerar;Si;Considerar;260.9333333;1083.933333;2501.176167;7725.118667;2501.176167;;5040.042;;;;;;;;;;
202601201615;2026;1;20;16;15;46042.67708;7693.468333;1035.166667;54.46666667;Considerar;Operando;Considerar;Si;Considerar;258.7916667;1074.382667;2479.138003;7693.468333;2479.138003;;4840.534;;;;;;;;;;
202601201630;2026;1;20;16;30;46042.6875;7635.973667;1023.533333;52.98333333;Considerar;Operando;Considerar;Si;Considerar;255.8833333;1061.681333;2449.829677;7635.973667;2449.829677;;3444.49867;;;;;;;;;;
202601201645;2026;1;20;16;45;46042.69792;7502.392;1007.733333;51.96666667;Considerar;Operando;Considerar;Si;Considerar;251.9333333;1045.149333;2411.682087;7502.392;2411.682087;;2860.93333;;;;;;;;;;
202601201700;2026;1;20;17;0;46042.70833;7430.502333;988.9333333;50.81666667;Considerar;Operando;Considerar;Si;Considerar;247.2333333;1025.521333;2366.390477;7430.502333;2366.390477;;2275.896;;;;;;;;;;
202601201715;2026;1;20;17;15;46042.71875;7330.587667;972.2;49.83333333;Considerar;Operando;Considerar;Si;Considerar;243.05;1008.08;2326.1446;7330.587667;2326.1446;;1656.63033;;;;;;;;;;
202601201730;2026;1;20;17;30;46042.72917;7158.734333;948.5666667;48.51666667;Considerar;Operando;Considerar;Si;Considerar;237.1416667;983.4986667;2269.423173;7158.734333;2269.423173;;1001.51653;;;;;;;;;;
202601201745;2026;1;20;17;45;46042.73958;6949.545333;932.3;47.3;Considerar;Operando;Considerar;Si;Considerar;233.075;966.356;2229.86647;6949.545333;2229.86647;;534.04153;;;;;;;;;;
202601201800;2026;1;20;18;0;46042.75;6488.776333;873.1;40.15;Considerar;Operando;Considerar;Si;Considerar;218.275;902.008;2081.38346;6488.776333;2081.38346;;154.0604;;;;;;;;;;
202601201815;2026;1;20;18;15;46042.76042;5865.663667;789.3666667;37.95;Considerar;Operando;Considerar;Si;Considerar;197.3416667;816.6906667;1884.513713;5865.663667;1884.513713;;17.97311;;;;;;;;;;
202601201830;2026;1;20;18;30;46042.77083;5190.601333;701.8;37.43333333;Considerar;Operando;Considerar;Si;Considerar;175.45;728.752;1681.59524;5190.601333;1681.59524;;-11.14099;;;;;;;;;;
202601201845;2026;1;20;18;45;46042.78125;4364.783333;595.2;34.76666667;Considerar;Operando;Considerar;Si;Considerar;148.8;620.232;1431.18534;4364.783333;1431.18534;;-7.70531;;;;;;;;;;
202601201900;2026;1;20;19;0;46042.79167;3799.355;517.7;29.98333333;Considerar;Operando;Considerar;Si;Considerar;129.425;539.288;1244.40706;3799.355;1244.40706;;-7.85463;;;;;;;;;;
202601201915;2026;1;20;19;15;46042.80208;3148.685;430.7;23.6;Considerar;Operando;Considerar;Si;Considerar;107.675;447.692;1033.04929;3148.685;1033.04929;;-7.82097;;;;;;;;;;
202601201930;2026;1;20;19;30;46042.8125;2449.518333;346.4666667;17.93333333;Considerar;Operando;Considerar;Si;Considerar;86.61666667;359.3786667;829.2662733;2449.518333;829.2662733;;-8.03356;;;;;;;;;;
202601201945;2026;1;20;19;45;46042.82292;1735.583;264.0333333;13.68333333;Considerar;Operando;Considerar;Si;Considerar;66.00833333;273.8853333;631.9904067;1735.583;631.9904067;;-7.92523;;;;;;;;;;
202601202000;2026;1;20;20;0;46042.83333;1149.491467;187;13.08333333;Considerar;Operando;Considerar;Si;Considerar;46.75;196.42;453.23915;1149.491467;453.23915;;-7.92035;;;;;;;;;;
202601202015;2026;1;20;20;15;46042.84375;662.2665333;120.5;11.31666667;Considerar;Operando;Considerar;Si;Considerar;30.125;128.648;296.85526;662.2665333;296.85526;;-7.97304;;;;;;;;;;
202601202030;2026;1;20;20;30;46042.85417;319.6236667;69.2;8.666666667;Considerar;Operando;No Considerar;No;Considerar;0;75.44;174.0778;0;0;;-7.98887;;;;;;;;;;
202601202045;2026;1;20;20;45;46042.86458;138.4143233;28.7;4.233333333;Considerar;Operando;No Considerar;No;Considerar;0;31.748;73.25851;0;0;;-8.00894;;;;;;;;;;
202601202100;2026;1;20;21;0;46042.875;26.67543867;10.26666667;1.233333333;Considerar;Operando;No Considerar;No;Considerar;0;11.15466667;25.73939333;0;0;;-8.04617;;;;;;;;;;
202601202115;2026;1;20;21;15;46042.88542;0;2.033333333;0.333333333;Considerar;S/D;No Considerar;No;Considerar;0;2.273333333;5.245716667;0;0;;-8.0567;;;;;;;;;;
202601202130;2026;1;20;21;30;46042.89583;0;0.2;0.116666667;Considerar;S/D;No Considerar;No;Considerar;0;0.284;0.65533;0;0;;-8.09201;;;;;;;;;;
202601202145;2026;1;20;21;45;46042.90625;0;0.033333333;0.033333333;Considerar;S/D;No Considerar;No;Considerar;0;0.057333333;0.132296667;0;0;;-8.06901;;;;;;;;;;
202601202200;2026;1;20;22;0;46042.91667;0;0.033333333;0.05;Considerar;S/D;No Considerar;No;Considerar;0;0.069333333;0.159986667;0;0;;-8.1288;;;;;;;;;;
202601202215;2026;1;20;22;15;46042.92708;0;-0.066666667;0;Considerar;S/D;No Considerar;No;Considerar;0;-0.066666667;-0.153833333;0;0;;-8.21582;;;;;;;;;;
202601202230;2026;1;20;22;30;46042.9375;0;-0.033333333;0;Considerar;S/D;No Considerar;No;Considerar;0;-0.033333333;-0.076916667;0;0;;-8.22077;;;;;;;;;;
202601202245;2026;1;20;22;45;46042.94792;0;0.066666667;0.066666667;Considerar;S/D;No Considerar;No;Considerar;0;0.114666667;0.264593333;0;0;;-8.18795;;;;;;;;;;
202601202300;2026;1;20;23;0;46042.95833;0;0.033333333;0.05;Considerar;S/D;No Considerar;No;Considerar;0;0.069333333;0.159986667;0;0;;-8.18713;;;;;;;;;;
202601202315;2026;1;20;23;15;46042.96875;0;0;0.05;Considerar;S/D;No Considerar;No;Considerar;0;0.036;0.08307;0;0;;-8.3144;;;;;;;;;;
202601202330;2026;1;20;23;30;46042.97917;0;0.033333333;0.033333333;Considerar;S/D;No Considerar;No;Considerar;0;0.057333333;0.132296667;0;0;;-8.31411;;;;;;;;;;
202601202345;2026;1;20;23;45;46042.98958;0;-0.066666667;0;Considerar;S/D;No Considerar;No;Considerar;0;-0.066666667;-0.153833333;0;0;;-8.32431;;;;;;;;;;
202601210000;2026;1;21;0;0;46043;0;-0.1;0;Considerar;S/D;No Considerar;No;Considerar;0;-0.1;-0.23075;0;0;;-8.38305;;;;;;;;;;
202601210015;2026;1;21;0;15;46043.01042;0;-0.133333333;0;Considerar;S/D;No Considerar;No;Considerar;0;-0.133333333;-0.307666667;0;0;;-8.33594;;;;;;;;;;
202601210030;2026;1;21;0;30;46043.02083;0;-0.066666667;0;Considerar;S/D;No Considerar;No;Considerar;0;-0.066666667;-0.153833333;0;0;;-8.34676;;;;;;;;;;
202601210045;2026;1;21;0;45;46043.03125;0;0;0;Considerar;S/D;No Considerar;No;Considerar;0;0;0;0;0;;-8.3296;;;;;;;;;;
202601210100;2026;1;21;1;0;46043.04167;0;-0.033333333;0;Considerar;S/D;No Considerar;No;Considerar;0;-0.033333333;-0.076916667;0;0;;-8.27219;;;;;;;;;;
202601210115;2026;1;21;1;15;46043.05208;0;0;0;Considerar;S/D;No Considerar;No;Considerar;0;0;0;0;0;;-8.34038;;;;;;;;;;
202601210130;2026;1;21;1;30;46043.0625;0;0;0;Considerar;S/D;No Considerar;No;Considerar;0;0;0;0;0;;-8.30393;;;;;;;;;;
202601210145;2026;1;21;1;45;46043.07292;0;-0.066666667;0;Considerar;S/D;No Considerar;No;Considerar;0;-0.066666667;-0.153833333;0;0;;-8.40909;;;;;;;;;;
202601210200;2026;1;21;2;0;46043.08333;0;-0.033333333;0;Considerar;S/D;No Considerar;No;Considerar;0;-0.033333333;-0.076916667;0;0;;-8.38522;;;;;;;;;;
202601210215;2026;1;21;2;15;46043.09375;0;0;0;Considerar;S/D;No Considerar;No;Considerar;0;0;0;0;0;;-8.39588;;;;;;;;;;
202601210230;2026;1;21;2;30;46043.10417;0;-0.166666667;0;Considerar;S/D;No Considerar;No;Considerar;0;-0.166666667;-0.384583333;0;0;;-8.42771;;;;;;;;;;
202601210245;2026;1;21;2;45;46043.11458;0;-0.066666667;0;Considerar;S/D;No Considerar;No;Considerar;0;-0.066666667;-0.153833333;0;0;;-8.42106;;;;;;;;;;
202601210300;2026;1;21;3;0;46043.125;0;0;0;Considerar;S/D;No Considerar;No;Considerar;0;0;0;0;0;;-8.40109;;;;;;;;;;
202601210315;2026;1;21;3;15;46043.13542;0;0;0;Considerar;S/D;No Considerar;No;Considerar;0;0;0;0;0;;-8.46185;;;;;;;;;;
202601210330;2026;1;21;3;30;46043.14583;0;0;0;Considerar;S/D;No Considerar;No;Considerar;0;0;0;0;0;;-8.41811;;;;;;;;;;
202601210345;2026;1;21;3;45;46043.15625;0;0;0;Considerar;S/D;No Considerar;No;Considerar;0;0;0;0;0;;-8.45548;;;;;;;;;;
202601210400;2026;1;21;4;0;46043.16667;0;0;0;Considerar;S/D;No Considerar;No;Considerar;0;0;0;0;0;;-8.39322;;;;;;;;;;
202601210415;2026;1;21;4;15;46043.17708;0;0.066666667;0.033333333;Considerar;S/D;No Considerar;No;Considerar;0;0.090666667;0.209213333;0;0;;-8.37134;;;;;;;;;;
202601210430;2026;1;21;4;30;46043.1875;0;0.066666667;0.083333333;Considerar;S/D;No Considerar;No;Considerar;0;0.126666667;0.292283333;0;0;;-8.30731;;;;;;;;;;
202601210445;2026;1;21;4;45;46043.19792;0;0;0.033333333;Considerar;S/D;No Considerar;No;Considerar;0;0.024;0.05538;0;0;;-8.30797;;;;;;;;;;
202601210500;2026;1;21;5;0;46043.20833;0;0.033333333;0.016666667;Considerar;S/D;No Considerar;No;Considerar;0;0.045333333;0.104606667;0;0;;-8.30935;;;;;;;;;;
202601210515;2026;1;21;5;15;46043.21875;0;0;0.016666667;Considerar;S/D;No Considerar;No;Considerar;0;0.012;0.02769;0;0;;-8.25543;;;;;;;;;;
202601210530;2026;1;21;5;30;46043.22917;0;0;0.033333333;Considerar;S/D;No Considerar;No;Considerar;0;0.024;0.05538;0;0;;-8.24316;;;;;;;;;;
202601210545;2026;1;21;5;45;46043.23958;0;0;0.083333333;Considerar;S/D;No Considerar;No;Considerar;0;0.06;0.13845;0;0;;-8.21703;;;;;;;;;;
202601210600;2026;1;21;6;0;46043.25;0;-0.066666667;0.033333333;Considerar;S/D;No Considerar;No;Considerar;0;-0.042666667;-0.098453333;0;0;;-8.10392;;;;;;;;;;
202601210615;2026;1;21;6;15;46043.26042;0;0;-0.016666667;Considerar;S/D;No Considerar;No;Considerar;0;-0.012;-0.02769;0;0;;-8.02784;;;;;;;;;;
202601210630;2026;1;21;6;30;46043.27083;0;0;0;Considerar;S/D;No Considerar;No;Considerar;0;0;0;0;0;;-8.00023;;;;;;;;;;
202601210645;2026;1;21;6;45;46043.28125;0;0.4;0;Considerar;S/D;No Considerar;No;Considerar;0;0.4;0.923;0;0;;-7.85028;;;;;;;;;;
202601210700;2026;1;21;7;0;46043.29167;13.535211;3.233333333;0.333333333;Considerar;Operando;No Considerar;No;Considerar;0;3.473333333;8.014716667;0;0;;-7.77442;;;;;;;;;;
202601210715;2026;1;21;7;15;46043.30208;74.77371333;9.466666667;0.616666667;Considerar;Operando;No Considerar;No;Considerar;0;9.910666667;22.86886333;0;0;;14.07792;;;;;;;;;;
202601210730;2026;1;21;7;30;46043.3125;348.846;37.13333333;2.75;Considerar;Operando;No Considerar;No;Considerar;0;39.11333333;90.25401667;0;0;;99.91748;;;;;;;;;;
202601210745;2026;1;21;7;45;46043.32292;712.0875667;95.73333333;5.95;Considerar;Operando;No Considerar;No;Considerar;0;100.0173333;230.7899967;0;0;;327.026;;;;;;;;;;
202601210800;2026;1;21;8;0;46043.33333;1180.8057;158.6666667;7.4;Considerar;Operando;Considerar;Si;Considerar;39.66666667;163.9946667;378.4176933;1180.8057;378.4176933;;754.81377;;;;;;;;;;
202601210815;2026;1;21;8;15;46043.34375;1776.072667;223.9666667;9.033333333;Considerar;Operando;Considerar;Si;Considerar;55.99166667;230.4706667;531.8110633;1776.072667;531.8110633;;1044.69367;;;;;;;;;;
202601210830;2026;1;21;8;30;46043.35417;2553.073667;321.3;12.13333333;Considerar;Operando;Considerar;Si;Considerar;80.325;330.036;761.55807;2553.073667;761.55807;;1038.34947;;;;;;;;;;
202601210845;2026;1;21;8;45;46043.36458;3372.022333;405.9333333;14.63333333;Considerar;Operando;Considerar;Si;Considerar;101.4833333;416.4693333;961.0029867;3372.022333;961.0029867;;3759.514;;;;;;;;;;
202601210900;2026;1;21;9;0;46043.375;4232.82;506.9666667;17.66666667;Considerar;Operando;Considerar;Si;Considerar;126.7416667;519.6866667;1199.176983;4232.82;1199.176983;;2454.88433;;;;;;;;;;
202601210915;2026;1;21;9;15;46043.38542;5013.037333;601.5333333;21.5;Considerar;Operando;Considerar;Si;Considerar;150.3833333;617.0133333;1423.758267;5013.037333;1423.758267;;1255.03533;;;;;;;;;;
202601210930;2026;1;21;9;30;46043.39583;5720.051;695.9666667;26.21666667;Considerar;Operando;Considerar;Si;Considerar;173.9916667;714.8426667;1649.499453;5720.051;1649.499453;;1472.72633;;;;;;;;;;
202601210945;2026;1;21;9;45;46043.40625;6418.449667;779.3333333;30.51666667;Considerar;Operando;Considerar;Si;Considerar;194.8333333;801.3053333;1849.012057;6418.449667;1849.012057;;2499.79567;;;;;;;;;;
202601211000;2026;1;21;10;0;46043.41667;6973.863;879.7666667;38.05;Considerar;Operando;Considerar;Si;Considerar;219.9416667;907.1626667;2093.277853;6973.863;2093.277853;;2809.53467;;;;;;;;;;
202601211015;2026;1;21;10;15;46043.42708;7244.146333;929;48.16666667;Considerar;Operando;Considerar;Si;Considerar;232.25;963.68;2223.6916;7244.146333;2223.6916;;1623.88433;;;;;;;;;;
202601211030;2026;1;21;10;30;46043.4375;7431.512333;956.3333333;49.61666667;Considerar;Operando;Considerar;Si;Considerar;239.0833333;992.0573333;2289.172297;7431.512333;2289.172297;;1477.94267;;;;;;;;;;
202601211045;2026;1;21;10;45;46043.44792;7554.899333;980.2;51.06666667;Considerar;Operando;Considerar;Si;Considerar;245.05;1016.968;2346.65366;7554.899333;2346.65366;;1110.88667;;;;;;;;;;
202601211100;2026;1;21;11;0;46043.45833;7646.418667;997.4;52.23333333;Considerar;Operando;Considerar;Si;Considerar;249.35;1035.008;2388.28096;7646.418667;2388.28096;;1088.66667;;;;;;;;;;
202601211115;2026;1;21;11;15;46043.46875;7714.713667;1010.466667;53.1;Considerar;Operando;Considerar;Si;Considerar;252.6166667;1048.698667;2419.872173;7714.713667;2419.872173;;1264.397;;;;;;;;;;
202601211130;2026;1;21;11;30;46043.47917;7741.062;1019.866667;53.95;Considerar;Operando;Considerar;Si;Considerar;254.9666667;1058.710667;2442.974863;7741.062;2442.974863;;1305.382;;;;;;;;;;
202601211145;2026;1;21;11;45;46043.48958;7752.866667;1029.833333;55.11666667;Considerar;Operando;Considerar;Si;Considerar;257.4583333;1069.517333;2467.911247;7752.866667;2467.911247;;1486.59967;;;;;;;;;;
202601211200;2026;1;21;12;0;46043.5;7752.978667;1035.3;56.41666667;Considerar;Operando;Considerar;Si;Considerar;258.825;1075.92;2482.6854;7752.978667;2482.6854;;1534.561;;;;;;;;;;
202601211215;2026;1;21;12;15;46043.51042;7757.190667;1039.366667;57.28333333;Considerar;Operando;Considerar;Si;Considerar;259.8416667;1080.610667;2493.509113;7757.190667;2493.509113;;1616.38533;;;;;;;;;;
202601211230;2026;1;21;12;30;46043.52083;7757.539;1041.233333;58.01666667;Considerar;Operando;Considerar;Si;Considerar;260.3083333;1083.005333;2499.034807;7757.539;2499.034807;;1616.68933;;;;;;;;;;
202601211245;2026;1;21;12;45;46043.53125;7759.607333;1041.2;58.71666667;Considerar;Operando;Considerar;Si;Considerar;260.3;1083.476;2500.12087;7759.607333;2500.12087;;1643.91267;;;;;;;;;;
202601211300;2026;1;21;13;0;46043.54167;7762.217333;1042.4;59.33333333;Considerar;Operando;Considerar;Si;Considerar;260.6;1085.12;2503.9144;7762.217333;2503.9144;;1720.645;;;;;;;;;;
202601211315;2026;1;21;13;15;46043.55208;7764.489;1040.066667;59.48333333;Considerar;Operando;Considerar;Si;Considerar;260.0166667;1082.894667;2498.779443;7764.489;2498.779443;;1691.53467;;;;;;;;;;
202601211330;2026;1;21;13;30;46043.5625;7761.205;1041.1;59.55;Considerar;Operando;Considerar;Si;Considerar;260.275;1083.976;2501.27462;7761.205;2501.27462;;1863.208;;;;;;;;;;
202601211345;2026;1;21;13;45;46043.57292;7765.087333;1044.6;59.36666667;Considerar;Operando;Considerar;Si;Considerar;261.15;1087.344;2509.04628;7765.087333;2509.04628;;1416.528;;;;;;;;;;
202601211400;2026;1;21;14;0;46043.58333;7762.523667;1044.4;58.86666667;Considerar;Operando;Considerar;Si;Considerar;261.1;1086.784;2507.75408;7762.523667;2507.75408;;1227.852;;;;;;;;;;
202601211415;2026;1;21;14;15;46043.59375;7757.054;1046.033333;58.58333333;Considerar;Operando;Considerar;Si;Considerar;261.5083333;1088.213333;2511.052267;7757.054;2511.052267;;1104.103;;;;;;;;;;
202601211430;2026;1;21;14;30;46043.60417;7754.028667;1044.166667;58.66666667;Considerar;Operando;Considerar;Si;Considerar;261.0416667;1086.406667;2506.883383;7754.028667;2506.883383;;1052.15133;;;;;;;;;;
202601211445;2026;1;21;14;45;46043.61458;7753.511667;1043.266667;58.45;Considerar;Operando;Considerar;Si;Considerar;260.8166667;1085.350667;2504.446663;7753.511667;2504.446663;;874.68943;;;;;;;;;;
202601211500;2026;1;21;15;0;46043.625;7749.572;1039.266667;58.03333333;Considerar;Operando;Considerar;Si;Considerar;259.8166667;1081.050667;2494.524413;7749.572;2494.524413;;665.50177;;;;;;;;;;
202601211515;2026;1;21;15;15;46043.63542;7746.847;1039.3;57.53333333;Considerar;Operando;Considerar;Si;Considerar;259.825;1080.724;2493.77063;7746.847;2493.77063;;757.38637;;;;;;;;;;
202601211530;2026;1;21;15;30;46043.64583;7740.686333;1040.033333;56.81666667;Considerar;Operando;Considerar;Si;Considerar;260.0083333;1080.941333;2494.272127;7740.686333;2494.272127;;721.0832;;;;;;;;;;
202601211545;2026;1;21;15;45;46043.65625;7733.557;1037.9;56.06666667;Considerar;Operando;Considerar;Si;Considerar;259.475;1078.268;2488.10341;7733.557;2488.10341;;675.6995;;;;;;;;;;
202601211600;2026;1;21;16;0;46043.66667;7708.088667;1035.266667;55.15;Considerar;Operando;Considerar;Si;Considerar;258.8166667;1074.974667;2480.504043;7708.088667;2480.504043;;578.8081;;;;;;;;;;
202601211615;2026;1;21;16;15;46043.67708;7668.086667;1028.5;53.85;Considerar;Operando;Considerar;Si;Considerar;257.125;1067.272;2462.73014;7668.086667;2462.73014;;481.2947;;;;;;;;;;
202601211630;2026;1;21;16;30;46043.6875;7621.396;1018.3;52.18333333;Considerar;Operando;Considerar;Si;Considerar;254.575;1055.872;2436.42464;7621.396;2436.42464;;368.47523;;;;;;;;;;
202601211645;2026;1;21;16;45;46043.69792;7567.016;1009.133333;51.15;Considerar;Operando;Considerar;Si;Considerar;252.2833333;1045.961333;2413.555777;7567.016;2413.555777;;404.84723;;;;;;;;;;
202601211700;2026;1;21;17;0;46043.70833;7506.453;1000.466667;50.15;Considerar;Operando;Considerar;Si;Considerar;250.1166667;1036.574667;2391.896043;7506.453;2391.896043;;361.12167;;;;;;;;;;
202601211715;2026;1;21;17;15;46043.71875;7424.170333;985.8;49.28333333;Considerar;Operando;Considerar;Si;Considerar;246.45;1021.284;2356.61283;7424.170333;2356.61283;;292.43787;;;;;;;;;;
202601211730;2026;1;21;17;30;46043.72917;7268.523667;965.7666667;47.23333333;Considerar;Operando;Considerar;Si;Considerar;241.4416667;999.7746667;2306.980043;7268.523667;2306.980043;;279.8454;;;;;;;;;;
202601211745;2026;1;21;17;45;46043.73958;7161.787;944.1;46.33333333;Considerar;Operando;Considerar;Si;Considerar;236.025;977.46;2255.48895;7161.787;2255.48895;;241.4712;;;;;;;;;;
202601211800;2026;1;21;18;0;46043.75;6709.778333;898.5666667;39.81666667;Considerar;Operando;Considerar;Si;Considerar;224.6416667;927.2346667;2139.593993;6709.778333;2139.593993;;112.30007;;;;;;;;;;
202601211815;2026;1;21;18;15;46043.76042;6076.759333;813.7666667;37.75;Considerar;Operando;Considerar;Si;Considerar;203.4416667;840.9466667;1940.484433;6076.759333;1940.484433;;7.32804;;;;;;;;;;
202601211830;2026;1;21;18;30;46043.77083;5419.684667;738.0333333;37.6;Considerar;Operando;Considerar;Si;Considerar;184.5083333;765.1053333;1765.480557;5419.684667;1765.480557;;-11.86732;;;;;;;;;;
202601211845;2026;1;21;18;45;46043.78125;4705.779;633.8666667;35.58333333;Considerar;Operando;Considerar;Si;Considerar;158.4666667;659.4866667;1521.765483;4705.779;1521.765483;;-8.21588;;;;;;;;;;
202601211900;2026;1;21;19;0;46043.79167;3981.954667;545.2666667;30.08333333;Considerar;Operando;Considerar;Si;Considerar;136.3166667;566.9266667;1308.183283;3981.954667;1308.183283;;-8.06287;;;;;;;;;;
202601211915;2026;1;21;19;15;46043.80208;3266.134667;444.6333333;23.08333333;Considerar;Operando;Considerar;Si;Considerar;111.1583333;461.2533333;1064.342067;3266.134667;1064.342067;;-8.07051;;;;;;;;;;
202601211930;2026;1;21;19;30;46043.8125;2573.210333;357.0666667;17.85;Considerar;Operando;Considerar;Si;Considerar;89.26666667;369.9186667;853.5873233;2573.210333;853.5873233;;-8.07975;;;;;;;;;;
202601211945;2026;1;21;19;45;46043.82292;1891.993667;274.6333333;13.8;Considerar;Operando;Considerar;Si;Considerar;68.65833333;284.5693333;656.6437367;1891.993667;656.6437367;;-8.11057;;;;;;;;;;
202601212000;2026;1;21;20;0;46043.83333;1219.995667;199.0666667;13.35;Considerar;Operando;Considerar;Si;Considerar;49.76666667;208.6786667;481.5260233;1219.995667;481.5260233;;-8.14566;;;;;;;;;;
202601212015;2026;1;21;20;15;46043.84375;725.374;128.6666667;12;Considerar;Operando;Considerar;Si;Considerar;32.16666667;137.3066667;316.8351333;725.374;316.8351333;;-8.13037;;;;;;;;;;
202601212030;2026;1;21;20;30;46043.85417;358.6564333;78.33333333;9.966666667;Considerar;Operando;No Considerar;No;Considerar;0;85.50933333;197.3127867;0;0;;-8.11863;;;;;;;;;;
202601212045;2026;1;21;20;45;46043.86458;141.5461533;31.66666667;4.333333333;Considerar;Operando;No Considerar;No;Considerar;0;34.78666667;80.27023333;0;0;;-8.17074;;;;;;;;;;
202601212100;2026;1;21;21;0;46043.875;27.45847867;10.73333333;1.266666667;Considerar;Operando;No Considerar;No;Considerar;0;11.64533333;26.87160667;0;0;;-8.19885;;;;;;;;;;
202601212115;2026;1;21;21;15;46043.88542;0;2.066666667;0.35;Considerar;S/D;No Considerar;No;Considerar;0;2.318666667;5.350323333;0;0;;-8.1783;;;;;;;;;;
202601212130;2026;1;21;21;30;46043.89583;0;0.266666667;0.116666667;Considerar;S/D;No Considerar;No;Considerar;0;0.350666667;0.809163333;0;0;;-8.19691;;;;;;;;;;
202601212145;2026;1;21;21;45;46043.90625;0;-0.033333333;0.016666667;Considerar;S/D;No Considerar;No;Considerar;0;-0.021333333;-0.049226667;0;0;;-8.29595;;;;;;;;;;
202601212200;2026;1;21;22;0;46043.91667;0;-0.033333333;0;Considerar;S/D;No Considerar;No;Considerar;0;-0.033333333;-0.076916667;0;0;;-8.31658;;;;;;;;;;
202601212215;2026;1;21;22;15;46043.92708;0;0;0;Considerar;S/D;No Considerar;No;Considerar;0;0;0;0;0;;-8.29131;;;;;;;;;;
202601212230;2026;1;21;22;30;46043.9375;0;0;0.033333333;Considerar;S/D;No Considerar;No;Considerar;0;0.024;0.05538;0;0;;-7.91958;;;;;;;;;;
202601212245;2026;1;21;22;45;46043.94792;0;0;0.05;Considerar;S/D;No Considerar;No;Considerar;0;0.036;0.08307;0;0;;-7.64536;;;;;;;;;;
202601212300;2026;1;21;23;0;46043.95833;0;0;0.033333333;Considerar;S/D;No Considerar;No;Considerar;0;0.024;0.05538;0;0;;-7.65143;;;;;;;;;;
202601212315;2026;1;21;23;15;46043.96875;0;0;0;Considerar;S/D;No Considerar;No;Considerar;0;0;0;0;0;;-7.66518;;;;;;;;;;
202601212330;2026;1;21;23;30;46043.97917;0;0;0;Considerar;S/D;No Considerar;No;Considerar;0;0;0;0;0;;-7.67679;;;;;;;;;;
202601212345;2026;1;21;23;45;46043.98958;0;0;0;Considerar;S/D;No Considerar;No;Considerar;0;0;0;0;0;;-7.79754;;;;;;;;;;
202601220000;2026;1;22;0;0;46044;0;0;0.016666667;Considerar;S/D;No Considerar;No;Considerar;0;0.012;0.02769;0;0;;-7.91213;;;;;;;;;;
202601220015;2026;1;22;0;15;46044.01042;0;0;0.016666667;Considerar;S/D;No Considerar;No;Considerar;0;0.012;0.02769;0;0;;-7.95373;;;;;;;;;;
202601220030;2026;1;22;0;30;46044.02083;0;0;0;Considerar;S/D;No Considerar;No;Considerar;0;0;0;0;0;;-7.99047;;;;;;;;;;
202601220045;2026;1;22;0;45;46044.03125;0;0;0;Considerar;S/D;No Considerar;No;Considerar;0;0;0;0;0;;-8.05386;;;;;;;;;;
202601220100;2026;1;22;1;0;46044.04167;0;0;0;Considerar;S/D;No Considerar;No;Considerar;0;0;0;0;0;;-8.08922;;;;;;;;;;
202601220115;2026;1;22;1;15;46044.05208;0;0;0;Considerar;S/D;No Considerar;No;Considerar;0;0;0;0;0;;-8.19403;;;;;;;;;;
202601220130;2026;1;22;1;30;46044.0625;0;0;0;Considerar;S/D;No Considerar;No;Considerar;0;0;0;0;0;;-8.30773;;;;;;;;;;
202601220145;2026;1;22;1;45;46044.07292;0;0;0;Considerar;S/D;No Considerar;No;Considerar;0;0;0;0;0;;-8.29118;;;;;;;;;;
202601220200;2026;1;22;2;0;46044.08333;0;0;0;Considerar;S/D;No Considerar;No;Considerar;0;0;0;0;0;;-8.39062;;;;;;;;;;
202601220215;2026;1;22;2;15;46044.09375;0;0;0;Considerar;S/D;No Considerar;No;Considerar;0;0;0;0;0;;-8.1799;;;;;;;;;;
202601220230;2026;1;22;2;30;46044.10417;0;-0.066666667;0;Considerar;S/D;No Considerar;No;Considerar;0;-0.066666667;-0.153833333;0;0;;-8.1544;;;;;;;;;;
202601220245;2026;1;22;2;45;46044.11458;0;-0.133333333;0;Considerar;S/D;No Considerar;No;Considerar;0;-0.133333333;-0.307666667;0;0;;-8.19614;;;;;;;;;;
202601220300;2026;1;22;3;0;46044.125;0;-0.033333333;0;Considerar;S/D;No Considerar;No;Considerar;0;-0.033333333;-0.076916667;0;0;;-8.18589;;;;;;;;;;
202601220315;2026;1;22;3;15;46044.13542;0;-0.066666667;0;Considerar;S/D;No Considerar;No;Considerar;0;-0.066666667;-0.153833333;0;0;;-8.19682;;;;;;;;;;
202601220330;2026;1;22;3;30;46044.14583;0;-0.033333333;0;Considerar;S/D;No Considerar;No;Considerar;0;-0.033333333;-0.076916667;0;0;;-8.1773;;;;;;;;;;
202601220345;2026;1;22;3;45;46044.15625;0;-0.033333333;0;Considerar;S/D;No Considerar;No;Considerar;0;-0.033333333;-0.076916667;0;0;;-8.13191;;;;;;;;;;
202601220400;2026;1;22;4;0;46044.16667;0;0;0;Considerar;S/D;No Considerar;No;Considerar;0;0;0;0;0;;-8.13564;;;;;;;;;;
202601220415;2026;1;22;4;15;46044.17708;0;0;0;Considerar;S/D;No Considerar;No;Considerar;0;0;0;0;0;;-8.128;;;;;;;;;;
202601220430;2026;1;22;4;30;46044.1875;0;0;0;Considerar;S/D;No Considerar;No;Considerar;0;0;0;0;0;;-8.13814;;;;;;;;;;
202601220445;2026;1;22;4;45;46044.19792;0;0;0.016666667;Considerar;S/D;No Considerar;No;Considerar;0;0.012;0.02769;0;0;;-8.11214;;;;;;;;;;
202601220500;2026;1;22;5;0;46044.20833;0;0;0.033333333;Considerar;S/D;No Considerar;No;Considerar;0;0.024;0.05538;0;0;;-8.10016;;;;;;;;;;
202601220515;2026;1;22;5;15;46044.21875;0;0;0.016666667;Considerar;S/D;No Considerar;No;Considerar;0;0.012;0.02769;0;0;;-8.04526;;;;;;;;;;
202601220530;2026;1;22;5;30;46044.22917;0;0;0;Considerar;S/D;No Considerar;No;Considerar;0;0;0;0;0;;-8.03459;;;;;;;;;;
202601220545;2026;1;22;5;45;46044.23958;0;-0.1;0;Considerar;S/D;No Considerar;No;Considerar;0;-0.1;-0.23075;0;0;;-8.02682;;;;;;;;;;
202601220600;2026;1;22;6;0;46044.25;0;0;0;Considerar;S/D;No Considerar;No;Considerar;0;0;0;0;0;;-7.98214;;;;;;;;;;
202601220615;2026;1;22;6;15;46044.26042;0;-0.033333333;0;Considerar;S/D;No Considerar;No;Considerar;0;-0.033333333;-0.076916667;0;0;;-7.88236;;;;;;;;;;
202601220630;2026;1;22;6;30;46044.27083;0;-0.033333333;0;Considerar;S/D;No Considerar;No;Considerar;0;-0.033333333;-0.076916667;0;0;;-7.78351;;;;;;;;;;
202601220645;2026;1;22;6;45;46044.28125;0;0.2;0;Considerar;S/D;No Considerar;No;Considerar;0;0.2;0.4615;0;0;;-7.67985;;;;;;;;;;
202601220700;2026;1;22;7;0;46044.29167;9.043074333;2.933333333;0.233333333;Considerar;Operando;No Considerar;No;Considerar;0;3.101333333;7.156326667;0;0;;-7.73151;;;;;;;;;;
202601220715;2026;1;22;7;15;46044.30208;73.13807333;7.7;0.55;Considerar;Operando;No Considerar;No;Considerar;0;8.096;18.68152;0;0;;-8.23389;;;;;;;;;;
202601220730;2026;1;22;7;30;46044.3125;303.1411;33.9;2.7;Considerar;Operando;No Considerar;No;Considerar;0;35.844;82.71003;0;0;;36.73387;;;;;;;;;;
202601220745;2026;1;22;7;45;46044.32292;642.6144;85.1;5.633333333;Considerar;Operando;No Considerar;No;Considerar;0;89.156;205.72747;0;0;;97.28502;;;;;;;;;;
202601220800;2026;1;22;8;0;46044.33333;1087.779533;154.5666667;7.4;Considerar;Operando;Considerar;Si;Considerar;38.64166667;159.8946667;368.9569433;1087.779533;368.9569433;;209.53203;;;;;;;;;;
202601220815;2026;1;22;8;15;46044.34375;1669.199667;218.1;8.866666667;Considerar;Operando;Considerar;Si;Considerar;54.525;224.484;517.99683;1669.199667;517.99683;;348.53797;;;;;;;;;;
202601220830;2026;1;22;8;30;46044.35417;2365.659;305.8666667;11.21666667;Considerar;Operando;Considerar;Si;Considerar;76.46666667;313.9426667;724.4227033;2365.659;724.4227033;;602.4523;;;;;;;;;;
202601220845;2026;1;22;8;45;46044.36458;3269.022;393.3;13.71666667;Considerar;Operando;Considerar;Si;Considerar;98.325;403.176;930.32862;3269.022;930.32862;;764.23987;;;;;;;;;;
202601220900;2026;1;22;9;0;46044.375;4154.813333;493.4333333;16.58333333;Considerar;Operando;Considerar;Si;Considerar;123.3583333;505.3733333;1166.148967;4154.813333;1166.148967;;900.77863;;;;;;;;;;
202601220915;2026;1;22;9;15;46044.38542;4912.616667;588.4;20.16666667;Considerar;Operando;Considerar;Si;Considerar;147.1;602.92;1391.2379;4912.616667;1391.2379;;1078.638;;;;;;;;;;
202601220930;2026;1;22;9;30;46044.39583;5619.513667;685.6333333;24.53333333;Considerar;Operando;Considerar;Si;Considerar;171.4083333;703.2973333;1622.858597;5619.513667;1622.858597;;1186.97567;;;;;;;;;;
202601220945;2026;1;22;9;45;46044.40625;6343.723333;774.7666667;28.91666667;Considerar;Operando;Considerar;Si;Considerar;193.6916667;795.5866667;1835.816233;6343.723333;1835.816233;;1605.857;;;;;;;;;;
202601221000;2026;1;22;10;0;46044.41667;6871.281667;876.5666667;36.81666667;Considerar;Operando;Considerar;Si;Considerar;219.1416667;903.0746667;2083.844793;6871.281667;2083.844793;;3486.65333;;;;;;;;;;
202601221015;2026;1;22;10;15;46044.42708;7076.505667;921.3333333;45.88333333;Considerar;Operando;Considerar;Si;Considerar;230.3333333;954.3693333;2202.207237;7076.505667;2202.207237;;3867.713;;;;;;;;;;
202601221030;2026;1;22;10;30;46044.4375;7258.884;949.7333333;47.61666667;Considerar;Operando;Considerar;Si;Considerar;237.4333333;984.0173333;2270.619997;7258.884;2270.619997;;4611.993;;;;;;;;;;
202601221045;2026;1;22;10;45;46044.44792;7355.427667;977.1666667;49.03333333;Considerar;Operando;Considerar;Si;Considerar;244.2916667;1012.470667;2336.276063;7355.427667;2336.276063;;5245.39333;;;;;;;;;;
202601221100;2026;1;22;11;0;46044.45833;7443.813667;996.7666667;50.21666667;Considerar;Operando;Considerar;Si;Considerar;249.1916667;1032.922667;2383.469053;7443.813667;2383.469053;;5083.022;;;;;;;;;;
202601221115;2026;1;22;11;15;46044.46875;7511.360333;1014.666667;51.1;Considerar;Operando;Considerar;Si;Considerar;253.6666667;1051.458667;2426.240873;7511.360333;2426.240873;;4652.21067;;;;;;;;;;
202601221130;2026;1;22;11;30;46044.47917;7565.006333;1029.8;52.08333333;Considerar;Operando;Considerar;Si;Considerar;257.45;1067.3;2462.79475;7565.006333;2462.79475;;5336.42767;;;;;;;;;;
202601221145;2026;1;22;11;45;46044.48958;7590.162667;1040.1;53.3;Considerar;Operando;Considerar;Si;Considerar;260.025;1078.476;2488.58337;7590.162667;2488.58337;;3733.972;;;;;;;;;;
202601221200;2026;1;22;12;0;46044.5;7619.879667;1046.3;54.71666667;Considerar;Operando;Considerar;Si;Considerar;261.575;1085.696;2505.24352;7619.879667;2505.24352;;3941.17233;;;;;;;;;;
202601221215;2026;1;22;12;15;46044.51042;7652.677333;1050.433333;55.76666667;Considerar;Operando;Considerar;Si;Considerar;262.6083333;1090.585333;2516.525657;7652.677333;2516.525657;;4017.45367;;;;;;;;;;
202601221230;2026;1;22;12;30;46044.52083;7688.023667;1052.833333;56.65;Considerar;Operando;Considerar;Si;Considerar;263.2083333;1093.621333;2523.531227;7688.023667;2523.531227;;2928.03667;;;;;;;;;;
202601221245;2026;1;22;12;45;46044.53125;7708.638667;1053.633333;57.36666667;Considerar;Operando;Considerar;Si;Considerar;263.4083333;1094.937333;2526.567897;7708.638667;2526.567897;;4337.30867;;;;;;;;;;
202601221300;2026;1;22;13;0;46044.54167;7727.332667;1054.566667;57.93333333;Considerar;Operando;Considerar;Si;Considerar;263.6416667;1096.278667;2529.663023;7727.332667;2529.663023;;4417.852;;;;;;;;;;
202601221315;2026;1;22;13;15;46044.55208;7735.227333;1054.7;58.31666667;Considerar;Operando;Considerar;Si;Considerar;263.675;1096.688;2530.60756;7735.227333;2530.60756;;3436.05667;;;;;;;;;;
202601221330;2026;1;22;13;30;46044.5625;7733.827;1053.933333;58.21666667;Considerar;Operando;Considerar;Si;Considerar;263.4833333;1095.849333;2528.672337;7733.827;2528.672337;;3378.884;;;;;;;;;;
202601221345;2026;1;22;13;45;46044.57292;7716.484667;1054.033333;57.46666667;Considerar;Operando;Considerar;Si;Considerar;263.5083333;1095.409333;2527.657037;7716.484667;2527.657037;;3370.76567;;;;;;;;;;
202601221400;2026;1;22;14;0;46044.58333;7700.449333;1053;57.4;Considerar;Operando;Considerar;Si;Considerar;263.25;1094.328;2525.16186;7700.449333;2525.16186;;1758.02167;;;;;;;;;;
202601221415;2026;1;22;14;15;46044.59375;7685.152667;1051.266667;56.81666667;Considerar;Operando;Considerar;Si;Considerar;262.8166667;1092.174667;2520.193043;7685.152667;2520.193043;;1488.463;;;;;;;;;;
202601221430;2026;1;22;14;30;46044.60417;7670.539;1055.766667;57.05;Considerar;Operando;Considerar;Si;Considerar;263.9416667;1096.842667;2530.964453;7670.539;2530.964453;;1232.31833;;;;;;;;;;
202601221445;2026;1;22;14;45;46044.61458;7624.102333;1053.933333;56.61666667;Considerar;Operando;Considerar;Si;Considerar;263.4833333;1094.697333;2526.014097;7624.102333;2526.014097;;1223.696;;;;;;;;;;
202601221500;2026;1;22;15;0;46044.625;7610.436667;1052.366667;56.4;Considerar;Operando;Considerar;Si;Considerar;263.0916667;1092.974667;2522.039043;7610.436667;2522.039043;;1233.824;;;;;;;;;;
202601221515;2026;1;22;15;15;46044.63542;7589.717333;1052.933333;56.43333333;Considerar;Operando;Considerar;Si;Considerar;263.2333333;1093.565333;2523.402007;7589.717333;2523.402007;;1201.82667;;;;;;;;;;
202601221530;2026;1;22;15;30;46044.64583;7576.528333;1048.6;56.08333333;Considerar;Operando;Considerar;Si;Considerar;262.15;1088.98;2512.82135;7576.528333;2512.82135;;1272.55367;;;;;;;;;;
202601221545;2026;1;22;15;45;46044.65625;7568.792333;1050.033333;55.18333333;Considerar;Operando;Considerar;Si;Considerar;262.5083333;1089.765333;2514.633507;7568.792333;2514.633507;;1021.40067;;;;;;;;;;
202601221600;2026;1;22;16;0;46044.66667;7541.300333;1044.133333;54.03333333;Considerar;Operando;Considerar;Si;Considerar;261.0333333;1083.037333;2499.108647;7541.300333;2499.108647;;1094.00833;;;;;;;;;;
202601221615;2026;1;22;16;15;46044.67708;7525.849;1042.3;52.9;Considerar;Operando;Considerar;Si;Considerar;260.575;1080.388;2492.99531;7525.849;2492.99531;;1102.74133;;;;;;;;;;
202601221630;2026;1;22;16;30;46044.6875;7462.200667;1040.333333;51.61666667;Considerar;Operando;Considerar;Si;Considerar;260.0833333;1077.497333;2486.325097;7462.200667;2486.325097;;875.31087;;;;;;;;;;
202601221645;2026;1;22;16;45;46044.69792;7422.701;1026.666667;50.46666667;Considerar;Operando;Considerar;Si;Considerar;256.6666667;1063.002667;2452.878653;7422.701;2452.878653;;524.03377;;;;;;;;;;
202601221700;2026;1;22;17;0;46044.70833;7372.567667;1012.733333;49.51666667;Considerar;Operando;Considerar;Si;Considerar;253.1833333;1048.385333;2419.149157;7372.567667;2419.149157;;401.41057;;;;;;;;;;
202601221715;2026;1;22;17;15;46044.71875;7276.070667;996.0666667;48.48333333;Considerar;Operando;Considerar;Si;Considerar;249.0166667;1030.974667;2378.974043;7276.070667;2378.974043;;271.98687;;;;;;;;;;
202601221730;2026;1;22;17;30;46044.72917;7108.938;971.2666667;47.21666667;Considerar;Operando;Considerar;Si;Considerar;242.8166667;1005.262667;2319.643603;7108.938;2319.643603;;259.32463;;;;;;;;;;
202601221745;2026;1;22;17;45;46044.73958;6942.981667;943.3;46.1;Considerar;Operando;Considerar;Si;Considerar;235.825;976.492;2253.25529;6942.981667;2253.25529;;90.76297;;;;;;;;;;
202601221800;2026;1;22;18;0;46044.75;6539.233667;906;40.28333333;Considerar;Operando;Considerar;Si;Considerar;226.5;935.004;2157.52173;6539.233667;2157.52173;;15.33303;;;;;;;;;;
202601221815;2026;1;22;18;15;46044.76042;5930.080667;818.4;37.75;Considerar;Operando;Considerar;Si;Considerar;204.6;845.58;1951.17585;5930.080667;1951.17585;;-12.03048;;;;;;;;;;
202601221830;2026;1;22;18;30;46044.77083;5279.666667;726.7;37.3;Considerar;Operando;Considerar;Si;Considerar;181.675;753.556;1738.83047;5279.666667;1738.83047;;-10.3186;;;;;;;;;;
202601221845;2026;1;22;18;45;46044.78125;4642.493333;633.6333333;35.63333333;Considerar;Operando;Considerar;Si;Considerar;158.4083333;659.2893333;1521.310137;4642.493333;1521.310137;;-8.05599;;;;;;;;;;
202601221900;2026;1;22;19;0;46044.79167;3976.741333;545.0333333;29.8;Considerar;Operando;Considerar;Si;Considerar;136.2583333;566.4893333;1307.174137;3976.741333;1307.174137;;-8.08569;;;;;;;;;;
202601221915;2026;1;22;19;15;46044.80208;3280.210333;456.3;23.23333333;Considerar;Operando;Considerar;Si;Considerar;114.075;473.028;1091.51211;3280.210333;1091.51211;;-8.05574;;;;;;;;;;
202601221930;2026;1;22;19;30;46044.8125;2567.87;377.5666667;17.6;Considerar;Operando;Considerar;Si;Considerar;94.39166667;390.2386667;900.4757233;2567.87;900.4757233;;-8.03001;;;;;;;;;;
202601221945;2026;1;22;19;45;46044.82292;1873.637;281.1666667;13.43333333;Considerar;Operando;Considerar;Si;Considerar;70.29166667;290.8386667;671.1102233;1873.637;671.1102233;;-8.04029;;;;;;;;;;
202601222000;2026;1;22;20;0;46044.83333;1234.105333;202.2333333;13.43333333;Considerar;Operando;Considerar;Si;Considerar;50.55833333;211.9053333;488.9715567;1234.105333;488.9715567;;-8.06889;;;;;;;;;;
202601222015;2026;1;22;20;15;46044.84375;707.574;132.6333333;12.51666667;Considerar;Operando;Considerar;Si;Considerar;33.15833333;141.6453333;326.8466067;707.574;326.8466067;;-8.10055;;;;;;;;;;
202601222030;2026;1;22;20;30;46044.85417;350.0415333;73.56666667;10.05;Considerar;Operando;No Considerar;No;Considerar;0;80.80266667;186.4521533;0;0;;-8.13162;;;;;;;;;;
202601222045;2026;1;22;20;45;46044.86458;138.90494;32.56666667;4.816666667;Considerar;Operando;No Considerar;No;Considerar;0;36.03466667;83.14999333;0;0;;-8.19677;;;;;;;;;;
202601222100;2026;1;22;21;0;46044.875;25.29620033;11.5;1.416666667;Considerar;Operando;No Considerar;No;Considerar;0;12.52;28.8899;0;0;;-8.23373;;;;;;;;;;
202601222115;2026;1;22;21;15;46044.88542;0;1.8;0.383333333;Considerar;S/D;No Considerar;No;Considerar;0;2.076;4.79037;0;0;;-8.23591;;;;;;;;;;
202601222130;2026;1;22;21;30;46044.89583;0;0.166666667;0.15;Considerar;S/D;No Considerar;No;Considerar;0;0.274666667;0.633793333;0;0;;-8.24516;;;;;;;;;;
202601222145;2026;1;22;21;45;46044.90625;0;0;0.066666667;Considerar;S/D;No Considerar;No;Considerar;0;0.048;0.11076;0;0;;-8.30578;;;;;;;;;;
202601222200;2026;1;22;22;0;46044.91667;0;0.1;0.066666667;Considerar;S/D;No Considerar;No;Considerar;0;0.148;0.34151;0;0;;-8.29565;;;;;;;;;;
202601222215;2026;1;22;22;15;46044.92708;0;0.033333333;0.1;Considerar;S/D;No Considerar;No;Considerar;0;0.105333333;0.243056667;0;0;;-8.14704;;;;;;;;;;
202601222230;2026;1;22;22;30;46044.9375;0;0;0.133333333;Considerar;S/D;No Considerar;No;Considerar;0;0.096;0.22152;0;0;;-7.77269;;;;;;;;;;
202601222245;2026;1;22;22;45;46044.94792;0;0;0.05;Considerar;S/D;No Considerar;No;Considerar;0;0.036;0.08307;0;0;;-7.7272;;;;;;;;;;
202601222300;2026;1;22;23;0;46044.95833;0;0;0.066666667;Considerar;S/D;No Considerar;No;Considerar;0;0.048;0.11076;0;0;;-7.6282;;;;;;;;;;
202601222315;2026;1;22;23;15;46044.96875;0;0.1;0.05;Considerar;S/D;No Considerar;No;Considerar;0;0.136;0.31382;0;0;;-7.67998;;;;;;;;;;
202601222330;2026;1;22;23;30;46044.97917;0;0;0;Considerar;S/D;No Considerar;No;Considerar;0;0;0;0;0;;-7.71351;;;;;;;;;;
202601222345;2026;1;22;23;45;46044.98958;0;0;0;Considerar;S/D;No Considerar;No;Considerar;0;0;0;0;0;;-7.67725;;;;;;;;;;
202601230000;2026;1;23;0;0;46045;0;-0.033333333;0;Considerar;S/D;No Considerar;No;Considerar;0;-0.033333333;-0.076916667;0;0;;-7.74489;;;;;;;;;;
202601230015;2026;1;23;0;15;46045.01042;0;-0.033333333;0.016666667;Considerar;S/D;No Considerar;No;Considerar;0;-0.021333333;-0.049226667;0;0;;-7.82291;;;;;;;;;;
202601230030;2026;1;23;0;30;46045.02083;0;0;0.033333333;Considerar;S/D;No Considerar;No;Considerar;0;0.024;0.05538;0;0;;-7.91054;;;;;;;;;;
202601230045;2026;1;23;0;45;46045.03125;0;0;0;Considerar;S/D;No Considerar;No;Considerar;0;0;0;0;0;;-7.83457;;;;;;;;;;
202601230100;2026;1;23;1;0;46045.04167;0;0;0;Considerar;S/D;No Considerar;No;Considerar;0;0;0;0;0;;-7.89369;;;;;;;;;;
202601230115;2026;1;23;1;15;46045.05208;0;0;0;Considerar;S/D;No Considerar;No;Considerar;0;0;0;0;0;;-8.0043;;;;;;;;;;
202601230130;2026;1;23;1;30;46045.0625;0;0;0;Considerar;S/D;No Considerar;No;Considerar;0;0;0;0;0;;-8.04244;;;;;;;;;;
202601230145;2026;1;23;1;45;46045.07292;0;0;0;Considerar;S/D;No Considerar;No;Considerar;0;0;0;0;0;;-8.05322;;;;;;;;;;
202601230200;2026;1;23;2;0;46045.08333;0;-0.066666667;0;Considerar;S/D;No Considerar;No;Considerar;0;-0.066666667;-0.153833333;0;0;;-8.10238;;;;;;;;;;
202601230215;2026;1;23;2;15;46045.09375;0;0;0;Considerar;S/D;No Considerar;No;Considerar;0;0;0;0;0;;-8.08705;;;;;;;;;;
202601230230;2026;1;23;2;30;46045.10417;0;0.1;0.05;Considerar;S/D;No Considerar;No;Considerar;0;0.136;0.31382;0;0;;-8.17498;;;;;;;;;;
202601230245;2026;1;23;2;45;46045.11458;0;0.3;0.2;Considerar;S/D;No Considerar;No;Considerar;0;0.444;1.02453;0;0;;-8.12843;;;;;;;;;;
202601230300;2026;1;23;3;0;46045.125;0;0.1;0.166666667;Considerar;S/D;No Considerar;No;Considerar;0;0.22;0.50765;0;0;;-8.10377;;;;;;;;;;
202601230315;2026;1;23;3;15;46045.13542;0;0.066666667;0.083333333;Considerar;S/D;No Considerar;No;Considerar;0;0.126666667;0.292283333;0;0;;-8.13136;;;;;;;;;;
202601230330;2026;1;23;3;30;46045.14583;0;-0.066666667;0.033333333;Considerar;S/D;No Considerar;No;Considerar;0;-0.042666667;-0.098453333;0;0;;-8.11573;;;;;;;;;;
202601230345;2026;1;23;3;45;46045.15625;0;0.033333333;0.083333333;Considerar;S/D;No Considerar;No;Considerar;0;0.093333333;0.215366667;0;0;;-8.1105;;;;;;;;;;
202601230400;2026;1;23;4;0;46045.16667;0;0;0;Considerar;S/D;No Considerar;No;Considerar;0;0;0;0;0;;-8.12019;;;;;;;;;;
202601230415;2026;1;23;4;15;46045.17708;0;0;0.066666667;Considerar;S/D;No Considerar;No;Considerar;0;0.048;0.11076;0;0;;-8.09376;;;;;;;;;;
202601230430;2026;1;23;4;30;46045.1875;0;-0.166666667;-0.033333333;Considerar;S/D;No Considerar;No;Considerar;0;-0.190666667;-0.439963333;0;0;;-8.14515;;;;;;;;;;
202601230445;2026;1;23;4;45;46045.19792;0;-0.4;-0.116666667;Considerar;S/D;No Considerar;No;Considerar;0;-0.484;-1.11683;0;0;;-8.08216;;;;;;;;;;
202601230500;2026;1;23;5;0;46045.20833;0;-0.166666667;-0.033333333;Considerar;S/D;No Considerar;No;Considerar;0;-0.190666667;-0.439963333;0;0;;-8.08475;;;;;;;;;;
202601230515;2026;1;23;5;15;46045.21875;0;-0.2;-0.033333333;Considerar;S/D;No Considerar;No;Considerar;0;-0.224;-0.51688;0;0;;-8.0421;;;;;;;;;;
202601230530;2026;1;23;5;30;46045.22917;0;-0.133333333;-0.05;Considerar;S/D;No Considerar;No;Considerar;0;-0.169333333;-0.390736667;0;0;;-8.02545;;;;;;;;;;
202601230545;2026;1;23;5;45;46045.23958;0;-0.066666667;-0.033333333;Considerar;S/D;No Considerar;No;Considerar;0;-0.090666667;-0.209213333;0;0;;-8.01577;;;;;;;;;;
202601230600;2026;1;23;6;0;46045.25;0;0;0;Considerar;S/D;No Considerar;No;Considerar;0;0;0;0;0;;-8.01658;;;;;;;;;;
202601230615;2026;1;23;6;15;46045.26042;0;0;0;Considerar;S/D;No Considerar;No;Considerar;0;0;0;0;0;;-7.90417;;;;;;;;;;
202601230630;2026;1;23;6;30;46045.27083;0;0;0;Considerar;S/D;No Considerar;No;Considerar;0;0;0;0;0;;-7.86314;;;;;;;;;;
202601230645;2026;1;23;6;45;46045.28125;0;0.266666667;0.033333333;Considerar;S/D;No Considerar;No;Considerar;0;0.290666667;0.670713333;0;0;;-7.74477;;;;;;;;;;
202601230700;2026;1;23;7;0;46045.29167;7.655004333;2.933333333;0.266666667;Considerar;Operando;No Considerar;No;Considerar;0;3.125333333;7.211706667;0;0;;-7.73382;;;;;;;;;;
202601230715;2026;1;23;7;15;46045.30208;65.13134333;9.766666667;0.816666667;Considerar;Operando;No Considerar;No;Considerar;0;10.35466667;23.89339333;0;0;;-6.1559;;;;;;;;;;
202601230730;2026;1;23;7;30;46045.3125;289.8061667;33.3;2.566666667;Considerar;Operando;No Considerar;No;Considerar;0;35.148;81.10401;0;0;;20.9367;;;;;;;;;;
202601230745;2026;1;23;7;45;46045.32292;626.9042667;91.7;5.433333333;Considerar;Operando;No Considerar;No;Considerar;0;95.612;220.62469;0;0;;116.54987;;;;;;;;;;
202601230800;2026;1;23;8;0;46045.33333;1048.7944;157.5333333;7.266666667;Considerar;Operando;Considerar;Si;Considerar;39.38333333;162.7653333;375.5810067;1048.7944;375.5810067;;136.3219;;;;;;;;;;
202601230815;2026;1;23;8;15;46045.34375;1633.449;222.1666667;8.566666667;Considerar;Operando;Considerar;Si;Considerar;55.54166667;228.3346667;526.8822433;1633.449;526.8822433;;235.71333;;;;;;;;;;
202601230830;2026;1;23;8;30;46045.35417;2391.352333;314.4;10.9;Considerar;Operando;Considerar;Si;Considerar;78.6;322.248;743.58726;2391.352333;743.58726;;310.9562;;;;;;;;;;
202601230845;2026;1;23;8;45;46045.36458;3296.860333;405.9666667;13.33333333;Considerar;Operando;Considerar;Si;Considerar;101.4916667;415.5666667;958.9200833;3296.860333;958.9200833;;369.16723;;;;;;;;;;
202601230900;2026;1;23;9;0;46045.375;4164.242667;496.9666667;16.23333333;Considerar;Operando;Considerar;Si;Considerar;124.2416667;508.6546667;1173.720643;4164.242667;1173.720643;;479.34433;;;;;;;;;;
202601230915;2026;1;23;9;15;46045.38542;4925.593667;592.0333333;19.48333333;Considerar;Operando;Considerar;Si;Considerar;148.0083333;606.0613333;1398.486527;4925.593667;1398.486527;;424.4285;;;;;;;;;;
202601230930;2026;1;23;9;30;46045.39583;5584.186;685.8666667;23.9;Considerar;Operando;Considerar;Si;Considerar;171.4666667;703.0746667;1622.344793;5584.186;1622.344793;;641.6718;;;;;;;;;;
202601230945;2026;1;23;9;45;46045.40625;6189.000667;771.6333333;28.13333333;Considerar;Operando;Considerar;Si;Considerar;192.9083333;791.8893333;1827.284637;6189.000667;1827.284637;;812.40657;;;;;;;;;;
202601231000;2026;1;23;10;0;46045.41667;6733.621333;870.8;34.93333333;Considerar;Operando;Considerar;Si;Considerar;217.7;895.952;2067.40924;6733.621333;2067.40924;;1687.64;;;;;;;;;;
202601231015;2026;1;23;10;15;46045.42708;6985.645667;910.1;45.38333333;Considerar;Operando;Considerar;Si;Considerar;227.525;942.776;2175.45562;6985.645667;2175.45562;;1708.47067;;;;;;;;;;
202601231030;2026;1;23;10;30;46045.4375;7174.452;957.7;46.9;Considerar;Operando;Considerar;Si;Considerar;239.425;991.468;2287.81241;7174.452;2287.81241;;1083.381;;;;;;;;;;
202601231045;2026;1;23;10;45;46045.44792;7359.612333;983.0333333;48.55;Considerar;Operando;Considerar;Si;Considerar;245.7583333;1017.989333;2349.010387;7359.612333;2349.010387;;982.81917;;;;;;;;;;
202601231100;2026;1;23;11;0;46045.45833;7483.093667;1020.2;52.58333333;Considerar;Operando;Considerar;Si;Considerar;255.05;1058.06;2441.47345;7483.093667;2441.47345;;1250.47633;;;;;;;;;;
202601231115;2026;1;23;11;15;46045.46875;5419.287333;808.0333333;50.2;Considerar;Operando;Considerar;Si;Considerar;202.0083333;844.1773333;1947.939197;5419.287333;1947.939197;;1452.91333;;;;;;;;;;
202601231130;2026;1;23;11;30;46045.47917;7057.19;794.2;49.46666667;Considerar;Operando;Considerar;Si;Considerar;198.55;829.816;1914.80042;7057.19;1914.80042;;1181.37667;;;;;;;;;;
202601231145;2026;1;23;11;45;46045.48958;6967.358;929.4333333;55.3;Considerar;Operando;Considerar;Si;Considerar;232.3583333;969.2493333;2236.542837;6967.358;2236.542837;;590.89077;;;;;;;;;;
202601231200;2026;1;23;12;0;46045.5;7209.53;1071.533333;60.36666667;Considerar;Operando;Considerar;Si;Considerar;267.8833333;1114.997333;2572.856347;7209.53;2572.856347;;565.6859;;;;;;;;;;
202601231215;2026;1;23;12;15;46045.51042;7115.311;992.5333333;56.53333333;Considerar;Operando;Considerar;Si;Considerar;248.1333333;1033.237333;2384.195147;7115.311;2384.195147;;533.80827;;;;;;;;;;
202601231230;2026;1;23;12;30;46045.52083;7742.004;1070.3;59.25;Considerar;Operando;Considerar;Si;Considerar;267.575;1112.96;2568.1552;7742.004;2568.1552;;332.56853;;;;;;;;;;
202601231245;2026;1;23;12;45;46045.53125;7735.039;1053.066667;58.13333333;Considerar;Operando;Considerar;Si;Considerar;263.2666667;1094.922667;2526.534053;7735.039;2526.534053;;389.59173;;;;;;;;;;
202601231300;2026;1;23;13;0;46045.54167;7418.468667;1011.766667;57.4;Considerar;Operando;Considerar;Si;Considerar;252.9416667;1053.094667;2430.015943;7418.468667;2430.015943;;405.66537;;;;;;;;;;
202601231315;2026;1;23;13;15;46045.55208;7717.525667;1048.466667;58.41666667;Considerar;Operando;Considerar;Si;Considerar;262.1166667;1090.526667;2516.390283;7717.525667;2516.390283;;206.29973;;;;;;;;;;
202601231330;2026;1;23;13;30;46045.5625;7732.639667;1045.5;57.61666667;Considerar;Operando;Considerar;Si;Considerar;261.375;1086.984;2508.21558;7732.639667;2508.21558;;499.3958;;;;;;;;;;
202601231345;2026;1;23;13;45;46045.57292;7725.011333;1043.033333;57.15;Considerar;Operando;Considerar;Si;Considerar;260.7583333;1084.181333;2501.748427;7725.011333;2501.748427;;1029.13263;;;;;;;;;;
202601231400;2026;1;23;14;0;46045.58333;7681.960333;1041.566667;56.78333333;Considerar;Operando;Considerar;Si;Considerar;260.3916667;1082.450667;2497.754913;7681.960333;2497.754913;;793.1155;;;;;;;;;;
202601231415;2026;1;23;14;15;46045.59375;7514.343;1032.766667;56.25;Considerar;Operando;Considerar;Si;Considerar;258.1916667;1073.266667;2476.562833;7514.343;2476.562833;;889.64233;;;;;;;;;;
202601231430;2026;1;23;14;30;46045.60417;7626.274333;1041.233333;56.3;Considerar;Operando;Considerar;Si;Considerar;260.3083333;1081.769333;2496.182737;7626.274333;2496.182737;;609.759;;;;;;;;;;
202601231445;2026;1;23;14;45;46045.61458;7613.158667;1049.566667;56.5;Considerar;Operando;Considerar;Si;Considerar;262.3916667;1090.246667;2515.744183;7613.158667;2515.744183;;735.8682;;;;;;;;;;
202601231500;2026;1;23;15;0;46045.625;7607.773;1050.266667;56.6;Considerar;Operando;Considerar;Si;Considerar;262.5666667;1091.018667;2517.525573;7607.773;2517.525573;;740.5019;;;;;;;;;;
202601231515;2026;1;23;15;15;46045.63542;7585.888667;1048.1;56.06666667;Considerar;Operando;Considerar;Si;Considerar;262.025;1088.468;2511.63991;7585.888667;2511.63991;;643.86523;;;;;;;;;;
202601231530;2026;1;23;15;30;46045.64583;7561.649667;1046.233333;55.25;Considerar;Operando;Considerar;Si;Considerar;261.5583333;1086.013333;2505.975767;7561.649667;2505.975767;;1073.92757;;;;;;;;;;
202601231545;2026;1;23;15;45;46045.65625;7541.576667;1045.233333;54.66666667;Considerar;Operando;Considerar;Si;Considerar;261.3083333;1084.593333;2502.699117;7541.576667;2502.699117;;1331.97533;;;;;;;;;;
202601231600;2026;1;23;16;0;46045.66667;7505.104333;1036.466667;53.38333333;Considerar;Operando;Considerar;Si;Considerar;259.1166667;1074.902667;2480.337903;7505.104333;2480.337903;;1103.719;;;;;;;;;;
202601231615;2026;1;23;16;15;46045.67708;7484.794333;1032.1;52.38333333;Considerar;Operando;Considerar;Si;Considerar;258.025;1069.816;2468.60042;7484.794333;2468.60042;;711.88007;;;;;;;;;;
202601231630;2026;1;23;16;30;46045.6875;7460.891667;1029.533333;51.03333333;Considerar;Operando;Considerar;Si;Considerar;257.3833333;1066.277333;2460.434947;7460.891667;2460.434947;;905.3081;;;;;;;;;;
202601231645;2026;1;23;16;45;46045.69792;7386.997;1017.7;49.81666667;Considerar;Operando;Considerar;Si;Considerar;254.425;1053.568;2431.10816;7386.997;2431.10816;;925.802;;;;;;;;;;
202601231700;2026;1;23;17;0;46045.70833;7316.518333;1001.2;49.06666667;Considerar;Operando;Considerar;Si;Considerar;250.3;1036.528;2391.78836;7316.518333;2391.78836;;871.34227;;;;;;;;;;
202601231715;2026;1;23;17;15;46045.71875;7231.348333;987.0333333;48.36666667;Considerar;Operando;Considerar;Si;Considerar;246.7583333;1021.857333;2357.935797;7231.348333;2357.935797;;681.39247;;;;;;;;;;
202601231730;2026;1;23;17;30;46045.72917;7065.31;963.5333333;47.16666667;Considerar;Operando;Considerar;Si;Considerar;240.8833333;997.4933333;2301.715867;7065.31;2301.715867;;462.00133;;;;;;;;;;
202601231745;2026;1;23;17;45;46045.73958;6919.663333;940.0333333;45.7;Considerar;Operando;Considerar;Si;Considerar;235.0083333;972.9373333;2245.052897;6919.663333;2245.052897;;238.78263;;;;;;;;;;
202601231800;2026;1;23;18;0;46045.75;6503.47;898;39.23333333;Considerar;Operando;Considerar;Si;Considerar;224.5;926.248;2137.31726;6503.47;2137.31726;;71.76423;;;;;;;;;;
202601231815;2026;1;23;18;15;46045.76042;5866.697667;810.9333333;37.25;Considerar;Operando;Considerar;Si;Considerar;202.7333333;837.7533333;1933.115817;5866.697667;1933.115817;;8.69246;;;;;;;;;;
202601231830;2026;1;23;18;30;46045.77083;5227.284;716.7333333;36.9;Considerar;Operando;Considerar;Si;Considerar;179.1833333;743.3013333;1715.167827;5227.284;1715.167827;;-11.83307;;;;;;;;;;
202601231845;2026;1;23;18;45;46045.78125;4537.030333;624.7333333;34.61666667;Considerar;Operando;Considerar;Si;Considerar;156.1833333;649.6573333;1499.084297;4537.030333;1499.084297;;-7.97656;;;;;;;;;;
202601231900;2026;1;23;19;0;46045.79167;3853.64;532.5666667;29.2;Considerar;Operando;Considerar;Si;Considerar;133.1416667;553.5906667;1277.410463;3853.64;1277.410463;;-8.01913;;;;;;;;;;
202601231915;2026;1;23;19;15;46045.80208;3164.781;440.3666667;22.83333333;Considerar;Operando;Considerar;Si;Considerar;110.0916667;456.8066667;1054.081383;3164.781;1054.081383;;-8.00773;;;;;;;;;;
202601231930;2026;1;23;19;30;46045.8125;2464.207667;352.4;16.96666667;Considerar;Operando;Considerar;Si;Considerar;88.1;364.616;841.35142;2464.207667;841.35142;;-8.01456;;;;;;;;;;
202601231945;2026;1;23;19;45;46045.82292;1784.598667;269.4666667;13.41666667;Considerar;Operando;Considerar;Si;Considerar;67.36666667;279.1266667;644.0847833;1784.598667;644.0847833;;-8.03218;;;;;;;;;;
202601232000;2026;1;23;20;0;46045.83333;1189.813933;195.9;13.38333333;Considerar;Operando;Considerar;Si;Considerar;48.975;205.536;474.27432;1189.813933;474.27432;;-8.05506;;;;;;;;;;
202601232015;2026;1;23;20;15;46045.84375;666.9789333;123.5666667;11.3;Considerar;Operando;Considerar;Si;Considerar;30.89166667;131.7026667;303.9039033;666.9789333;303.9039033;;-8.07865;;;;;;;;;;
202601232030;2026;1;23;20;30;46045.85417;316.7200667;64.63333333;8.983333333;Considerar;Operando;No Considerar;No;Considerar;0;71.10133333;164.0663267;0;0;;-8.10498;;;;;;;;;;
202601232045;2026;1;23;20;45;46045.86458;132.4839433;30.3;4.316666667;Considerar;Operando;No Considerar;No;Considerar;0;33.408;77.08896;0;0;;-8.08345;;;;;;;;;;
202601232100;2026;1;23;21;0;46045.875;28.11023333;9.533333333;1.333333333;Considerar;Operando;No Considerar;No;Considerar;0;10.49333333;24.21336667;0;0;;-8.148;;;;;;;;;;
202601232115;2026;1;23;21;15;46045.88542;0;1.733333333;0.35;Considerar;S/D;No Considerar;No;Considerar;0;1.985333333;4.581156667;0;0;;-8.20611;;;;;;;;;;
202601232130;2026;1;23;21;30;46045.89583;0;0.2;0.15;Considerar;S/D;No Considerar;No;Considerar;0;0.308;0.71071;0;0;;-8.23459;;;;;;;;;;
202601232145;2026;1;23;21;45;46045.90625;0;0;0.133333333;Considerar;S/D;No Considerar;No;Considerar;0;0.096;0.22152;0;0;;-8.28916;;;;;;;;;;
202601232200;2026;1;23;22;0;46045.91667;0;0;0.116666667;Considerar;S/D;No Considerar;No;Considerar;0;0.084;0.19383;0;0;;-8.31711;;;;;;;;;;
202601232215;2026;1;23;22;15;46045.92708;0;0;0.083333333;Considerar;S/D;No Considerar;No;Considerar;0;0.06;0.13845;0;0;;-8.20064;;;;;;;;;;
202601232230;2026;1;23;22;30;46045.9375;0;0.133333333;0.15;Considerar;S/D;No Considerar;No;Considerar;0;0.241333333;0.556876667;0;0;;-7.8515;;;;;;;;;;
202601232245;2026;1;23;22;45;46045.94792;0;0;0.15;Considerar;S/D;No Considerar;No;Considerar;0;0.108;0.24921;0;0;;-7.65879;;;;;;;;;;
202601232300;2026;1;23;23;0;46045.95833;0;0;0.1;Considerar;S/D;No Considerar;No;Considerar;0;0.072;0.16614;0;0;;-7.67649;;;;;;;;;;
202601232315;2026;1;23;23;15;46045.96875;0;0;0.05;Considerar;S/D;No Considerar;No;Considerar;0;0.036;0.08307;0;0;;-7.69012;;;;;;;;;;
202601232330;2026;1;23;23;30;46045.97917;0;0;0.066666667;Considerar;S/D;No Considerar;No;Considerar;0;0.048;0.11076;0;0;;-7.6204;;;;;;;;;;
202601232345;2026;1;23;23;45;46045.98958;0;0.066666667;0.033333333;Considerar;S/D;No Considerar;No;Considerar;0;0.090666667;0.209213333;0;0;;-7.60582;;;;;;;;;;
202601240000;2026;1;24;0;0;46046;0;0;0;Considerar;S/D;No Considerar;No;Considerar;0;0;0;0;0;;-7.65912;;;;;;;;;;
202601240015;2026;1;24;0;15;46046.01042;0;0;0;Considerar;S/D;No Considerar;No;Considerar;0;0;0;0;0;;-7.75795;;;;;;;;;;
202601240030;2026;1;24;0;30;46046.02083;0;0;0;Considerar;S/D;No Considerar;No;Considerar;0;0;0;0;0;;-7.7533;;;;;;;;;;
202601240045;2026;1;24;0;45;46046.03125;0;0;0;Considerar;S/D;No Considerar;No;Considerar;0;0;0;0;0;;-7.78524;;;;;;;;;;
202601240100;2026;1;24;1;0;46046.04167;0;0;0;Considerar;S/D;No Considerar;No;Considerar;0;0;0;0;0;;-7.84023;;;;;;;;;;
202601240115;2026;1;24;1;15;46046.05208;0;0;0;Considerar;S/D;No Considerar;No;Considerar;0;0;0;0;0;;-7.87247;;;;;;;;;;
202601240130;2026;1;24;1;30;46046.0625;0;0;0;Considerar;S/D;No Considerar;No;Considerar;0;0;0;0;0;;-7.96253;;;;;;;;;;
202601240145;2026;1;24;1;45;46046.07292;0;-0.033333333;0;Considerar;S/D;No Considerar;No;Considerar;0;-0.033333333;-0.076916667;0;0;;-7.98812;;;;;;;;;;
202601240200;2026;1;24;2;0;46046.08333;0;0;0;Considerar;S/D;No Considerar;No;Considerar;0;0;0;0;0;;-7.96891;;;;;;;;;;
202601240215;2026;1;24;2;15;46046.09375;0;0;0;Considerar;S/D;No Considerar;No;Considerar;0;0;0;0;0;;-8.01286;;;;;;;;;;
202601240230;2026;1;24;2;30;46046.10417;0;0;0;Considerar;S/D;No Considerar;No;Considerar;0;0;0;0;0;;-8.03632;;;;;;;;;;
202601240245;2026;1;24;2;45;46046.11458;0;0;0;Considerar;S/D;No Considerar;No;Considerar;0;0;0;0;0;;-8.09749;;;;;;;;;;
202601240300;2026;1;24;3;0;46046.125;0;0;0;Considerar;S/D;No Considerar;No;Considerar;0;0;0;0;0;;-8.06566;;;;;;;;;;
202601240315;2026;1;24;3;15;46046.13542;0;0;0;Considerar;S/D;No Considerar;No;Considerar;0;0;0;0;0;;-8.12995;;;;;;;;;;
202601240330;2026;1;24;3;30;46046.14583;0;0;0;Considerar;S/D;No Considerar;No;Considerar;0;0;0;0;0;;-8.13974;;;;;;;;;;
202601240345;2026;1;24;3;45;46046.15625;0;0;0;Considerar;S/D;No Considerar;No;Considerar;0;0;0;0;0;;-8.16212;;;;;;;;;;
202601240400;2026;1;24;4;0;46046.16667;0;0;0;Considerar;S/D;No Considerar;No;Considerar;0;0;0;0;0;;-8.13812;;;;;;;;;;
202601240415;2026;1;24;4;15;46046.17708;0;-0.066666667;0;Considerar;S/D;No Considerar;No;Considerar;0;-0.066666667;-0.153833333;0;0;;-8.12453;;;;;;;;;;
202601240430;2026;1;24;4;30;46046.1875;0;0;0;Considerar;S/D;No Considerar;No;Considerar;0;0;0;0;0;;-8.1784;;;;;;;;;;
202601240445;2026;1;24;4;45;46046.19792;0;0;0;Considerar;S/D;No Considerar;No;Considerar;0;0;0;0;0;;-8.11188;;;;;;;;;;
202601240500;2026;1;24;5;0;46046.20833;0;0;0;Considerar;S/D;No Considerar;No;Considerar;0;0;0;0;0;;-8.10639;;;;;;;;;;
202601240515;2026;1;24;5;15;46046.21875;0;0;0;Considerar;S/D;No Considerar;No;Considerar;0;0;0;0;0;;-8.14242;;;;;;;;;;
202601240530;2026;1;24;5;30;46046.22917;0;0;0;Considerar;S/D;No Considerar;No;Considerar;0;0;0;0;0;;-8.11519;;;;;;;;;;
202601240545;2026;1;24;5;45;46046.23958;0;0;0;Considerar;S/D;No Considerar;No;Considerar;0;0;0;0;0;;-8.05618;;;;;;;;;;
202601240600;2026;1;24;6;0;46046.25;0;0;0;Considerar;S/D;No Considerar;No;Considerar;0;0;0;0;0;;-8.10313;;;;;;;;;;
202601240615;2026;1;24;6;15;46046.26042;0;-0.066666667;0;Considerar;S/D;No Considerar;No;Considerar;0;-0.066666667;-0.153833333;0;0;;-7.94971;;;;;;;;;;
202601240630;2026;1;24;6;30;46046.27083;0;-0.033333333;0;Considerar;S/D;No Considerar;No;Considerar;0;-0.033333333;-0.076916667;0;0;;-7.88889;;;;;;;;;;
202601240645;2026;1;24;6;45;46046.28125;0;0.066666667;0;Considerar;S/D;No Considerar;No;Considerar;0;0.066666667;0.153833333;0;0;;-7.75049;;;;;;;;;;
202601240700;2026;1;24;7;0;46046.29167;11.59296667;2.733333333;0.3;Considerar;Operando;No Considerar;No;Considerar;0;2.949333333;6.805586667;0;0;;-7.63253;;;;;;;;;;
202601240715;2026;1;24;7;15;46046.30208;85.45038;11.5;1.033333333;Considerar;Operando;No Considerar;No;Considerar;0;12.244;28.25303;0;0;;-7.66395;;;;;;;;;;
202601240730;2026;1;24;7;30;46046.3125;220.7032667;26.63333333;2.283333333;Considerar;Operando;No Considerar;No;Considerar;0;28.27733333;65.24994667;0;0;;-3.83125;;;;;;;;;;
202601240745;2026;1;24;7;45;46046.32292;354.8618;47.1;3.733333333;Considerar;Operando;No Considerar;No;Considerar;0;49.788;114.88581;0;0;;2.76422;;;;;;;;;;
202601240800;2026;1;24;8;0;46046.33333;616.3261667;66.83333333;5.466666667;Considerar;Operando;No Considerar;No;Considerar;0;70.76933333;163.3002367;0;0;;82.98311;;;;;;;;;;
202601240815;2026;1;24;8;15;46046.34375;878.9855667;84.73333333;7.633333333;Considerar;Operando;No Considerar;No;Considerar;0;90.22933333;208.2041867;0;0;;179.57343;;;;;;;;;;
202601240830;2026;1;24;8;30;46046.35417;1707.138;169.0666667;13.48333333;Considerar;Operando;Considerar;Si;Considerar;42.26666667;178.7746667;412.5225433;1707.138;412.5225433;;236.08723;;;;;;;;;;
202601240845;2026;1;24;8;45;46046.36458;3173.551333;366.8666667;16.91666667;Considerar;Operando;Considerar;Si;Considerar;91.71666667;379.0466667;874.6501833;3173.551333;874.6501833;;339.65617;;;;;;;;;;
202601240900;2026;1;24;9;0;46046.375;4148.616333;484.4;17.08333333;Considerar;Operando;Considerar;Si;Considerar;121.1;496.7;1146.13525;4148.616333;1146.13525;;489.48293;;;;;;;;;;
202601240915;2026;1;24;9;15;46046.38542;5018.576667;598;21.1;Considerar;Operando;Considerar;Si;Considerar;149.5;613.192;1414.94054;5018.576667;1414.94054;;580.47023;;;;;;;;;;
202601240930;2026;1;24;9;30;46046.39583;5796.327333;698.4;24.78333333;Considerar;Operando;Considerar;Si;Considerar;174.6;716.244;1652.73303;5796.327333;1652.73303;;793.3084;;;;;;;;;;
202601240945;2026;1;24;9;45;46046.40625;6496.157667;784.4666667;28.7;Considerar;Operando;Considerar;Si;Considerar;196.1166667;805.1306667;1857.839013;6496.157667;1857.839013;;1076.52267;;;;;;;;;;
202601241000;2026;1;24;10;0;46046.41667;7039.653667;887.6666667;35.38333333;Considerar;Operando;Considerar;Si;Considerar;221.9166667;913.1426667;2107.076703;7039.653667;2107.076703;;1472.39833;;;;;;;;;;
202601241015;2026;1;24;10;15;46046.42708;7285.662;943.7333333;46.18333333;Considerar;Operando;Considerar;Si;Considerar;235.9333333;976.9853333;2254.393657;7285.662;2254.393657;;3323.30067;;;;;;;;;;
202601241030;2026;1;24;10;30;46046.4375;7440.768333;969.2333333;47.53333333;Considerar;Operando;Considerar;Si;Considerar;242.3083333;1003.457333;2315.477797;7440.768333;2315.477797;;2007.97567;;;;;;;;;;
202601241045;2026;1;24;10;45;46046.44792;7554.385333;993.1;49.06666667;Considerar;Operando;Considerar;Si;Considerar;248.275;1028.428;2373.09761;7554.385333;2373.09761;;2672.912;;;;;;;;;;
202601241100;2026;1;24;11;0;46046.45833;7634.808333;1011.666667;50.1;Considerar;Operando;Considerar;Si;Considerar;252.9166667;1047.738667;2417.656973;7634.808333;2417.656973;;1580.08467;;;;;;;;;;
202601241115;2026;1;24;11;15;46046.46875;7679.091667;1024.6;50.85;Considerar;Operando;Considerar;Si;Considerar;256.15;1061.212;2448.74669;7679.091667;2448.74669;;1580.03033;;;;;;;;;;
202601241130;2026;1;24;11;30;46046.47917;7695.901667;1032.5;51.75;Considerar;Operando;Considerar;Si;Considerar;258.125;1069.76;2468.4712;7695.901667;2468.4712;;1858.16567;;;;;;;;;;
202601241145;2026;1;24;11;45;46046.48958;7738.054333;1045.466667;52.8;Considerar;Operando;Considerar;Si;Considerar;261.3666667;1083.482667;2500.136253;7738.054333;2500.136253;;1949.48767;;;;;;;;;;
202601241200;2026;1;24;12;0;46046.5;7752.839333;1051.833333;54.31666667;Considerar;Operando;Considerar;Si;Considerar;262.9583333;1090.941333;2517.347127;7752.839333;2517.347127;;2107.10667;;;;;;;;;;
202601241215;2026;1;24;12;15;46046.51042;7753.817333;1052.366667;55.2;Considerar;Operando;Considerar;Si;Considerar;263.0916667;1092.110667;2520.045363;7753.817333;2520.045363;;2412.247;;;;;;;;;;
202601241230;2026;1;24;12;30;46046.52083;7754.039333;1054.333333;55.81666667;Considerar;Operando;Considerar;Si;Considerar;263.5833333;1094.521333;2525.607977;7754.039333;2525.607977;;2861.72167;;;;;;;;;;
202601241245;2026;1;24;12;45;46046.53125;7754.820333;1055.366667;56.43333333;Considerar;Operando;Considerar;Si;Considerar;263.8416667;1095.998667;2529.016923;7754.820333;2529.016923;;2630.055;;;;;;;;;;
202601241300;2026;1;24;13;0;46046.54167;7754.142;1057.966667;57.03333333;Considerar;Operando;Considerar;Si;Considerar;264.4916667;1099.030667;2536.013263;7754.142;2536.013263;;2699.526;;;;;;;;;;
202601241315;2026;1;24;13;15;46046.55208;7754.173667;1057.966667;56.98333333;Considerar;Operando;Considerar;Si;Considerar;264.4916667;1098.994667;2535.930193;7754.173667;2535.930193;;2512.05267;;;;;;;;;;
202601241330;2026;1;24;13;30;46046.5625;7752.575333;1056.166667;57.16666667;Considerar;Operando;Considerar;Si;Considerar;264.0416667;1097.326667;2532.081283;7752.575333;2532.081283;;4146.89333;;;;;;;;;;
202601241345;2026;1;24;13;45;46046.57292;7754.257333;1057.4;56.68333333;Considerar;Operando;Considerar;Si;Considerar;264.35;1098.212;2534.12419;7754.257333;2534.12419;;4801.60467;;;;;;;;;;
202601241400;2026;1;24;14;0;46046.58333;7752.128667;1057.3;56.51666667;Considerar;Operando;Considerar;Si;Considerar;264.325;1097.992;2533.61654;7752.128667;2533.61654;;4788.169;;;;;;;;;;
202601241415;2026;1;24;14;15;46046.59375;7734.690333;1057.133333;56.38333333;Considerar;Operando;Considerar;Si;Considerar;264.2833333;1097.729333;2533.010437;7734.690333;2533.010437;;5180.43167;;;;;;;;;;
202601241430;2026;1;24;14;30;46046.60417;7716.962333;1057.633333;56.31666667;Considerar;Operando;Considerar;Si;Considerar;264.4083333;1098.181333;2534.053427;7716.962333;2534.053427;;5115.968;;;;;;;;;;
202601241445;2026;1;24;14;45;46046.61458;7701.706;1059.1;56.13333333;Considerar;Operando;Considerar;Si;Considerar;264.775;1099.516;2537.13317;7701.706;2537.13317;;5129.35733;;;;;;;;;;
202601241500;2026;1;24;15;0;46046.625;7684.899;1059.7;56.28333333;Considerar;Operando;Considerar;Si;Considerar;264.925;1100.224;2538.76688;7684.899;2538.76688;;3915.184;;;;;;;;;;
202601241515;2026;1;24;15;15;46046.63542;7659.972;1059.666667;55.53333333;Considerar;Operando;Considerar;Si;Considerar;264.9166667;1099.650667;2537.443913;7659.972;2537.443913;;4433.955;;;;;;;;;;
202601241530;2026;1;24;15;30;46046.64583;7658.609333;1061;55.26666667;Considerar;Operando;Considerar;Si;Considerar;265.25;1100.792;2540.07754;7658.609333;2540.07754;;4793.25833;;;;;;;;;;
202601241545;2026;1;24;15;45;46046.65625;7635.239;1059.966667;54.23333333;Considerar;Operando;Considerar;Si;Considerar;264.9916667;1099.014667;2535.976343;7635.239;2535.976343;;4509.52733;;;;;;;;;;
202601241600;2026;1;24;16;0;46046.66667;7619.652333;1056.566667;53.4;Considerar;Operando;Considerar;Si;Considerar;264.1416667;1095.014667;2526.746343;7619.652333;2526.746343;;4279.929;;;;;;;;;;
202601241615;2026;1;24;16;15;46046.67708;7581.692667;1055.4;52.46666667;Considerar;Operando;Considerar;Si;Considerar;263.85;1093.176;2522.50362;7581.692667;2522.50362;;3795.89767;;;;;;;;;;
202601241630;2026;1;24;16;30;46046.6875;7562.965333;1047.7;51.05;Considerar;Operando;Considerar;Si;Considerar;261.925;1084.456;2502.38222;7562.965333;2502.38222;;3139.50933;;;;;;;;;;
202601241645;2026;1;24;16;45;46046.69792;7515.684333;1038.533333;50.15;Considerar;Operando;Considerar;Si;Considerar;259.6333333;1074.641333;2479.734877;7515.684333;2479.734877;;2813.83433;;;;;;;;;;
202601241700;2026;1;24;17;0;46046.70833;7457.336333;1027.166667;49.13333333;Considerar;Operando;Considerar;Si;Considerar;256.7916667;1062.542667;2451.817203;7457.336333;2451.817203;;1526.34147;;;;;;;;;;
202601241715;2026;1;24;17;15;46046.71875;7385.869333;1012.233333;48.06666667;Considerar;Operando;Considerar;Si;Considerar;253.0583333;1046.841333;2415.586377;7385.869333;2415.586377;;376.94547;;;;;;;;;;
202601241730;2026;1;24;17;30;46046.72917;7287.523;994.9666667;46.98333333;Considerar;Operando;Considerar;Si;Considerar;248.7416667;1028.794667;2373.943693;7287.523;2373.943693;;165.25017;;;;;;;;;;
202601241745;2026;1;24;17;45;46046.73958;7163.476333;974.0333333;45.55;Considerar;Operando;Considerar;Si;Considerar;243.5083333;1006.829333;2323.258687;7163.476333;2323.258687;;225.7034;;;;;;;;;;
202601241800;2026;1;24;18;0;46046.75;6720.082;930.3;39.16666667;Considerar;Operando;Considerar;Si;Considerar;232.575;958.5;2211.73875;6720.082;2211.73875;;119.33702;;;;;;;;;;
202601241815;2026;1;24;18;15;46046.76042;6082.370333;844.9;37.63333333;Considerar;Operando;Considerar;Si;Considerar;211.225;871.996;2012.13077;6082.370333;2012.13077;;12.61601;;;;;;;;;;
202601241830;2026;1;24;18;30;46046.77083;5465.247333;751.7666667;37.91666667;Considerar;Operando;Considerar;Si;Considerar;187.9416667;779.0666667;1797.696333;5465.247333;1797.696333;;-11.46723;;;;;;;;;;
202601241845;2026;1;24;18;45;46046.78125;4773.649333;656.1;35.6;Considerar;Operando;Considerar;Si;Considerar;164.025;681.732;1573.09659;4773.649333;1573.09659;;-8.36656;;;;;;;;;;
202601241900;2026;1;24;19;0;46046.79167;4079.628333;572.1333333;30.16666667;Considerar;Operando;Considerar;Si;Considerar;143.0333333;593.8533333;1370.316567;4079.628333;1370.316567;;-7.95793;;;;;;;;;;
202601241915;2026;1;24;19;15;46046.80208;3377.741667;470.8333333;22.85;Considerar;Operando;Considerar;Si;Considerar;117.7083333;487.2853333;1124.410907;3377.741667;1124.410907;;-7.96285;;;;;;;;;;
202601241930;2026;1;24;19;30;46046.8125;2654.165667;381.1666667;16.6;Considerar;Operando;Considerar;Si;Considerar;95.29166667;393.1186667;907.1213233;2654.165667;907.1213233;;-7.93444;;;;;;;;;;
202601241945;2026;1;24;19;45;46046.82292;1937.651;293.6333333;12.91666667;Considerar;Operando;Considerar;Si;Considerar;73.40833333;302.9333333;699.0186667;1937.651;699.0186667;;-7.9179;;;;;;;;;;
202601242000;2026;1;24;20;0;46046.83333;1260.75;213.5333333;13.51666667;Considerar;Operando;Considerar;Si;Considerar;53.38333333;223.2653333;515.1847567;1260.75;515.1847567;;-8.01697;;;;;;;;;;
202601242015;2026;1;24;20;15;46046.84375;721.3403;140.0666667;12.26666667;Considerar;Operando;Considerar;Si;Considerar;35.01666667;148.8986667;343.5836733;721.3403;343.5836733;;-8.10391;;;;;;;;;;
202601242030;2026;1;24;20;30;46046.85417;328.2218667;81.96666667;11.33333333;Considerar;Operando;No Considerar;No;Considerar;0;90.12666667;207.9672833;0;0;;-8.13095;;;;;;;;;;
202601242045;2026;1;24;20;45;46046.86458;115.2695967;29.66666667;4.366666667;Considerar;Operando;No Considerar;No;Considerar;0;32.81066667;75.71061333;0;0;;-8.20403;;;;;;;;;;
202601242100;2026;1;24;21;0;46046.875;14.16625067;7.266666667;1.016666667;Considerar;Operando;No Considerar;No;Considerar;0;7.998666667;18.45692333;0;0;;-8.25731;;;;;;;;;;
202601242115;2026;1;24;21;15;46046.88542;0;1.7;0.433333333;Considerar;S/D;No Considerar;No;Considerar;0;2.012;4.64269;0;0;;-8.29449;;;;;;;;;;
202601242130;2026;1;24;21;30;46046.89583;0;0.133333333;0.2;Considerar;S/D;No Considerar;No;Considerar;0;0.277333333;0.639946667;0;0;;-8.3065;;;;;;;;;;
202601242145;2026;1;24;21;45;46046.90625;0;0;0.116666667;Considerar;S/D;No Considerar;No;Considerar;0;0.084;0.19383;0;0;;-8.31865;;;;;;;;;;
202601242200;2026;1;24;22;0;46046.91667;0;0;0.1;Considerar;S/D;No Considerar;No;Considerar;0;0.072;0.16614;0;0;;-8.3782;;;;;;;;;;
202601242215;2026;1;24;22;15;46046.92708;0;0;0.1;Considerar;S/D;No Considerar;No;Considerar;0;0.072;0.16614;0;0;;-8.32261;;;;;;;;;;
202601242230;2026;1;24;22;30;46046.9375;0;0;0.083333333;Considerar;S/D;No Considerar;No;Considerar;0;0.06;0.13845;0;0;;-7.85335;;;;;;;;;;
202601242245;2026;1;24;22;45;46046.94792;0;0;0.066666667;Considerar;S/D;No Considerar;No;Considerar;0;0.048;0.11076;0;0;;-7.67003;;;;;;;;;;
202601242300;2026;1;24;23;0;46046.95833;0;0;0.1;Considerar;S/D;No Considerar;No;Considerar;0;0.072;0.16614;0;0;;-7.65536;;;;;;;;;;
202601242315;2026;1;24;23;15;46046.96875;0;0;0.05;Considerar;S/D;No Considerar;No;Considerar;0;0.036;0.08307;0;0;;-7.59451;;;;;;;;;;
202601242330;2026;1;24;23;30;46046.97917;0;0;0.033333333;Considerar;S/D;No Considerar;No;Considerar;0;0.024;0.05538;0;0;;-7.60616;;;;;;;;;;
202601242345;2026;1;24;23;45;46046.98958;0;0;0.016666667;Considerar;S/D;No Considerar;No;Considerar;0;0.012;0.02769;0;0;;-7.75232;;;;;;;;;;
202601250000;2026;1;25;0;0;46047;0;0;0.016666667;Considerar;S/D;No Considerar;No;Considerar;0;0.012;0.02769;0;0;;-7.83087;;;;;;;;;;
202601250015;2026;1;25;0;15;46047.01042;0;0;0;Considerar;S/D;No Considerar;No;Considerar;0;0;0;0;0;;-7.88;;;;;;;;;;
202601250030;2026;1;25;0;30;46047.02083;0;0;0;Considerar;S/D;No Considerar;No;Considerar;0;0;0;0;0;;-7.88095;;;;;;;;;;
202601250045;2026;1;25;0;45;46047.03125;0;0;0;Considerar;S/D;No Considerar;No;Considerar;0;0;0;0;0;;-7.98502;;;;;;;;;;
202601250100;2026;1;25;1;0;46047.04167;0;0;0;Considerar;S/D;No Considerar;No;Considerar;0;0;0;0;0;;-8.0004;;;;;;;;;;
202601250115;2026;1;25;1;15;46047.05208;0;0;0;Considerar;S/D;No Considerar;No;Considerar;0;0;0;0;0;;-7.99658;;;;;;;;;;
202601250130;2026;1;25;1;30;46047.0625;0;0;0;Considerar;S/D;No Considerar;No;Considerar;0;0;0;0;0;;-8.05929;;;;;;;;;;
202601250145;2026;1;25;1;45;46047.07292;0;0;0;Considerar;S/D;No Considerar;No;Considerar;0;0;0;0;0;;-8.07322;;;;;;;;;;
202601250200;2026;1;25;2;0;46047.08333;0;0;0;Considerar;S/D;No Considerar;No;Considerar;0;0;0;0;0;;-8.04687;;;;;;;;;;
202601250215;2026;1;25;2;15;46047.09375;0;0;0;Considerar;S/D;No Considerar;No;Considerar;0;0;0;0;0;;-8.14247;;;;;;;;;;
202601250230;2026;1;25;2;30;46047.10417;0;-0.033333333;0;Considerar;S/D;No Considerar;No;Considerar;0;-0.033333333;-0.076916667;0;0;;-8.12657;;;;;;;;;;
202601250245;2026;1;25;2;45;46047.11458;0;0;0;Considerar;S/D;No Considerar;No;Considerar;0;0;0;0;0;;-8.14675;;;;;;;;;;
202601250300;2026;1;25;3;0;46047.125;0;0;0;Considerar;S/D;No Considerar;No;Considerar;0;0;0;0;0;;-8.01819;;;;;;;;;;
202601250315;2026;1;25;3;15;46047.13542;0;0;0;Considerar;S/D;No Considerar;No;Considerar;0;0;0;0;0;;-8.03842;;;;;;;;;;
202601250330;2026;1;25;3;30;46047.14583;0;0;0;Considerar;S/D;No Considerar;No;Considerar;0;0;0;0;0;;-8.09024;;;;;;;;;;
202601250345;2026;1;25;3;45;46047.15625;0;0;0;Considerar;S/D;No Considerar;No;Considerar;0;0;0;0;0;;-8.11969;;;;;;;;;;
202601250400;2026;1;25;4;0;46047.16667;0;0;0;Considerar;S/D;No Considerar;No;Considerar;0;0;0;0;0;;-8.07588;;;;;;;;;;
202601250415;2026;1;25;4;15;46047.17708;0;0;0;Considerar;S/D;No Considerar;No;Considerar;0;0;0;0;0;;-8.10099;;;;;;;;;;
202601250430;2026;1;25;4;30;46047.1875;0;0;0;Considerar;S/D;No Considerar;No;Considerar;0;0;0;0;0;;-8.04639;;;;;;;;;;
202601250445;2026;1;25;4;45;46047.19792;0;-0.033333333;0;Considerar;S/D;No Considerar;No;Considerar;0;-0.033333333;-0.076916667;0;0;;-8.02813;;;;;;;;;;
202601250500;2026;1;25;5;0;46047.20833;0;-0.033333333;0;Considerar;S/D;No Considerar;No;Considerar;0;-0.033333333;-0.076916667;0;0;;-8.05514;;;;;;;;;;
202601250515;2026;1;25;5;15;46047.21875;0;0;0;Considerar;S/D;No Considerar;No;Considerar;0;0;0;0;0;;-7.99176;;;;;;;;;;
202601250530;2026;1;25;5;30;46047.22917;0;0;0;Considerar;S/D;No Considerar;No;Considerar;0;0;0;0;0;;-7.93873;;;;;;;;;;
202601250545;2026;1;25;5;45;46047.23958;0;0;0;Considerar;S/D;No Considerar;No;Considerar;0;0;0;0;0;;-7.95163;;;;;;;;;;
202601250600;2026;1;25;6;0;46047.25;0;-0.033333333;0;Considerar;S/D;No Considerar;No;Considerar;0;-0.033333333;-0.076916667;0;0;;-7.9356;;;;;;;;;;
202601250615;2026;1;25;6;15;46047.26042;0;-0.166666667;0;Considerar;S/D;No Considerar;No;Considerar;0;-0.166666667;-0.384583333;0;0;;-7.74842;;;;;;;;;;
202601250630;2026;1;25;6;30;46047.27083;0;-0.2;-0.033333333;Considerar;S/D;No Considerar;No;Considerar;0;-0.224;-0.51688;0;0;;-7.80814;;;;;;;;;;
202601250645;2026;1;25;6;45;46047.28125;0;0.066666667;0;Considerar;S/D;No Considerar;No;Considerar;0;0.066666667;0.153833333;0;0;;-7.73353;;;;;;;;;;
202601250700;2026;1;25;7;0;46047.29167;1.392758567;1.966666667;0.066666667;Considerar;Operando;No Considerar;No;Considerar;0;2.014666667;4.648843333;0;0;;-7.54602;;;;;;;;;;
202601250715;2026;1;25;7;15;46047.30208;60.41141333;8.8;0.583333333;Considerar;Operando;No Considerar;No;Considerar;0;9.22;21.27515;0;0;;-7.79762;;;;;;;;;;
202601250730;2026;1;25;7;30;46047.3125;264.9293333;26.46666667;2.066666667;Considerar;Operando;No Considerar;No;Considerar;0;27.95466667;64.50539333;0;0;;-6.31384;;;;;;;;;;
202601250745;2026;1;25;7;45;46047.32292;591.7417;82.33333333;5.316666667;Considerar;Operando;No Considerar;No;Considerar;0;86.16133333;198.8172767;0;0;;-1.51957;;;;;;;;;;
202601250800;2026;1;25;8;0;46047.33333;1023.2297;150.3;7.25;Considerar;Operando;Considerar;Si;Considerar;37.575;155.52;358.8624;1023.2297;358.8624;;23.46514;;;;;;;;;;
202601250815;2026;1;25;8;15;46047.34375;1498.125333;224.7333333;9.616666667;Considerar;Operando;Considerar;Si;Considerar;56.18333333;231.6573333;534.5492967;1498.125333;534.5492967;;99.6784;;;;;;;;;;
202601250830;2026;1;25;8;30;46047.35417;2132.027;225.2666667;9.75;Considerar;Operando;Considerar;Si;Considerar;56.31666667;232.2866667;536.0014833;2132.027;536.0014833;;127.90883;;;;;;;;;;
202601250845;2026;1;25;8;45;46047.36458;3283.774333;415.7333333;14.35;Considerar;Operando;Considerar;Si;Considerar;103.9333333;426.0653333;983.1457567;3283.774333;983.1457567;;180.125;;;;;;;;;;
202601250900;2026;1;25;9;0;46047.375;3882.42;493.8666667;17.71666667;Considerar;Operando;Considerar;Si;Considerar;123.4666667;506.6226667;1169.031803;3882.42;1169.031803;;249.5832;;;;;;;;;;
202601250915;2026;1;25;9;15;46047.38542;5263.572667;615.7666667;23.15;Considerar;Operando;Considerar;Si;Considerar;153.9416667;632.4346667;1459.342993;5263.572667;1459.342993;;240.358;;;;;;;;;;
202601250930;2026;1;25;9;30;46047.39583;5482.220667;666.0333333;25.68333333;Considerar;Operando;Considerar;Si;Considerar;166.5083333;684.5253333;1579.542207;5482.220667;1579.542207;;126.14889;;;;;;;;;;
202601250945;2026;1;25;9;45;46047.40625;6213.103333;608.1333333;27.65;Considerar;Operando;Considerar;Si;Considerar;152.0333333;628.0413333;1449.205377;6213.103333;1449.205377;;460.69307;;;;;;;;;;
202601251000;2026;1;25;10;0;46047.41667;6905.122;783.3666667;36.61666667;Considerar;Operando;Considerar;Si;Considerar;195.8416667;809.7306667;1868.453513;6905.122;1868.453513;;601.58233;;;;;;;;;;
202601251015;2026;1;25;10;15;46047.42708;6671.366333;954.5;53.01666667;Considerar;Operando;Considerar;Si;Considerar;238.625;992.672;2290.59064;6671.366333;2290.59064;;419.24673;;;;;;;;;;
202601251030;2026;1;25;10;30;46047.4375;7735.886;1024.4;54.96666667;Considerar;Operando;Considerar;Si;Considerar;256.1;1063.976;2455.12462;7735.886;2455.12462;;477.6117;;;;;;;;;;
202601251045;2026;1;25;10;45;46047.44792;7778.729;1111.7;56.9;Considerar;Operando;Considerar;Si;Considerar;277.925;1152.668;2659.78141;7778.729;2659.78141;;392.7068;;;;;;;;;;
202601251100;2026;1;25;11;0;46047.45833;6052.255;894.3333333;54.85;Considerar;Operando;Considerar;Si;Considerar;223.5833333;933.8253333;2154.801957;6052.255;2154.801957;;592.704;;;;;;;;;;
202601251115;2026;1;25;11;15;46047.46875;7015.604667;1002.9;68.53333333;Considerar;Operando;Considerar;Si;Considerar;250.725;1052.244;2428.05303;7015.604667;2428.05303;;964.12483;;;;;;;;;;
202601251130;2026;1;25;11;30;46047.47917;6961.956667;1046.866667;66.75;Considerar;Operando;Considerar;Si;Considerar;261.7166667;1094.926667;2526.543283;6961.956667;2526.543283;;870.47297;;;;;;;;;;
202601251145;2026;1;25;11;45;46047.48958;5930.797667;855.7666667;61.85;Considerar;Operando;Considerar;Si;Considerar;213.9416667;900.2986667;2077.439173;5930.797667;2077.439173;;1061.46587;;;;;;;;;;
202601251200;2026;1;25;12;0;46047.5;6146.997667;999.8333333;68.6;Considerar;Operando;Considerar;Si;Considerar;249.9583333;1049.225333;2421.087457;6146.997667;2421.087457;;1318.92467;;;;;;;;;;
202601251215;2026;1;25;12;15;46047.51042;5641.604667;636.4333333;59.66666667;Considerar;Operando;Considerar;Si;Considerar;159.1083333;679.3933333;1567.700117;5641.604667;1567.700117;;817.20253;;;;;;;;;;
202601251230;2026;1;25;12;30;46047.52083;7435.687333;840.7666667;67.11666667;Considerar;Operando;Considerar;Si;Considerar;210.1916667;889.0906667;2051.576713;7435.687333;2051.576713;;1024.26763;;;;;;;;;;
202601251245;2026;1;25;12;45;46047.53125;6527.130333;911.2;65.73333333;Considerar;Operando;Considerar;Si;Considerar;227.8;958.528;2211.80336;6527.130333;2211.80336;;1187.9307;;;;;;;;;;
202601251300;2026;1;25;13;0;46047.54167;6647.588333;910.7666667;68.78333333;Considerar;Operando;Considerar;Si;Considerar;227.6916667;960.2906667;2215.870713;6647.588333;2215.870713;;881.79723;;;;;;;;;;
202601251315;2026;1;25;13;15;46047.55208;4599.047667;578.9333333;47.48333333;Considerar;Operando;Considerar;Si;Considerar;144.7333333;613.1213333;1414.777477;4599.047667;1414.777477;;970.82523;;;;;;;;;;
202601251330;2026;1;25;13;30;46047.5625;5762.617667;657.9;54.75;Considerar;Operando;Considerar;Si;Considerar;164.475;697.32;1609.0659;5762.617667;1609.0659;;1421.98667;;;;;;;;;;
202601251345;2026;1;25;13;45;46047.57292;5579.777333;663.7666667;52.45;Considerar;Operando;Considerar;Si;Considerar;165.9416667;701.5306667;1618.782013;5579.777333;1618.782013;;1580.172;;;;;;;;;;
202601251400;2026;1;25;14;0;46047.58333;6886.671667;824.5666667;58.35;Considerar;Operando;Considerar;Si;Considerar;206.1416667;866.5786667;1999.630273;6886.671667;1999.630273;;2063.98967;;;;;;;;;;
202601251415;2026;1;25;14;15;46047.59375;5344.438;588.2333333;45.5;Considerar;Operando;Considerar;Si;Considerar;147.0583333;620.9933333;1432.942117;5344.438;1432.942117;;1599.58167;;;;;;;;;;
202601251430;2026;1;25;14;30;46047.60417;5770.671;973.8333333;65.2;Considerar;Operando;Considerar;Si;Considerar;243.4583333;1020.777333;2355.443697;5770.671;2355.443697;;1341.363;;;;;;;;;;
202601251445;2026;1;25;14;45;46047.61458;4344.702;493.0666667;39.81666667;Considerar;Operando;Considerar;Si;Considerar;123.2666667;521.7346667;1203.902743;4344.702;1203.902743;;1957.85433;;;;;;;;;;
202601251500;2026;1;25;15;0;46047.625;3739.437667;579.7;47.05;Considerar;Operando;Considerar;Si;Considerar;144.925;613.576;1415.82662;3739.437667;1415.82662;;4255.83667;;;;;;;;;;
202601251515;2026;1;25;15;15;46047.63542;5374.272333;546.2333333;43;Considerar;Operando;Considerar;Si;Considerar;136.5583333;577.1933333;1331.873617;5374.272333;1331.873617;;5012.98067;;;;;;;;;;
202601251530;2026;1;25;15;30;46047.64583;2677.296;392.6;36.33333333;Considerar;Operando;Considerar;Si;Considerar;98.15;418.76;966.2887;2677.296;966.2887;;4027.293;;;;;;;;;;
202601251545;2026;1;25;15;45;46047.65625;2420.587;243.3333333;30.41666667;Considerar;Operando;Considerar;Si;Considerar;60.83333333;265.2333333;612.0259167;2420.587;612.0259167;;1724.97567;;;;;;;;;;
202601251600;2026;1;25;16;0;46047.66667;2833.322333;303.3666667;39.38333333;Considerar;Operando;Considerar;Si;Considerar;75.84166667;331.7226667;765.4500533;2833.322333;765.4500533;;996.31377;;;;;;;;;;
202601251615;2026;1;25;16;15;46047.67708;1489.454667;194.9666667;27.48333333;Considerar;Operando;Considerar;Si;Considerar;48.74166667;214.7546667;495.5463933;1489.454667;495.5463933;;457.70013;;;;;;;;;;
202601251630;2026;1;25;16;30;46047.6875;1403.251333;164;21.98333333;Considerar;Operando;Considerar;Si;Considerar;41;179.828;414.95311;1403.251333;414.95311;;667.91417;;;;;;;;;;
202601251645;2026;1;25;16;45;46047.69792;1376.429;134.3333333;21.05;Considerar;Operando;Considerar;Si;Considerar;33.58333333;149.4893333;344.9466367;1376.429;344.9466367;;955.7066;;;;;;;;;;
202601251700;2026;1;25;17;0;46047.70833;1694.803667;170.6666667;41.96666667;Considerar;Operando;Considerar;Si;Considerar;42.66666667;200.8826667;463.5367533;1694.803667;463.5367533;;1509.887;;;;;;;;;;
202601251715;2026;1;25;17;15;46047.71875;1589.448333;173.7666667;44.81666667;Considerar;Operando;Considerar;Si;Considerar;43.44166667;206.0346667;475.4249933;1589.448333;475.4249933;;808.94753;;;;;;;;;;
202601251730;2026;1;25;17;30;46047.72917;1238.254167;156.1666667;42.5;Considerar;Operando;Considerar;Si;Considerar;39.04166667;186.7666667;430.9640833;1238.254167;430.9640833;;539.1157;;;;;;;;;;
202601251745;2026;1;25;17;45;46047.73958;1308.965333;138.0333333;36.33333333;Considerar;Operando;Considerar;Si;Considerar;34.50833333;164.1933333;378.8761167;1308.965333;378.8761167;;196.77573;;;;;;;;;;
202601251800;2026;1;25;18;0;46047.75;1351.074667;150.6;28.65;Considerar;Operando;Considerar;Si;Considerar;37.65;171.228;395.10861;1351.074667;395.10861;;98.1523;;;;;;;;;;
202601251815;2026;1;25;18;15;46047.76042;1619.376333;180.2666667;25.11666667;Considerar;Operando;Considerar;Si;Considerar;45.06666667;198.3506667;457.6941633;1619.376333;457.6941633;;22.11877;;;;;;;;;;
202601251830;2026;1;25;18;30;46047.77083;1170.643667;149.5333333;17.23333333;Considerar;Operando;Considerar;Si;Considerar;37.38333333;161.9413333;373.6796267;1170.643667;373.6796267;;-11.51444;;;;;;;;;;
202601251845;2026;1;25;18;45;46047.78125;919.3601333;119.6333333;11.61666667;Considerar;Operando;Considerar;Si;Considerar;29.90833333;127.9973333;295.3538467;919.3601333;295.3538467;;-8.00539;;;;;;;;;;
202601251900;2026;1;25;19;0;46047.79167;656.8204667;84.7;8.05;Considerar;Operando;No Considerar;No;Considerar;0;90.496;208.81952;0;0;;-7.96258;;;;;;;;;;
202601251915;2026;1;25;19;15;46047.80208;348.2299667;48.2;4.35;Considerar;Operando;No Considerar;No;Considerar;0;51.332;118.44859;0;0;;-8.01453;;;;;;;;;;
202601251930;2026;1;25;19;30;46047.8125;372.559;38.43333333;3.133333333;Considerar;Operando;No Considerar;No;Considerar;0;40.68933333;93.89063667;0;0;;-8.03767;;;;;;;;;;
202601251945;2026;1;25;19;45;46047.82292;284.9828;37.96666667;3.316666667;Considerar;Operando;No Considerar;No;Considerar;0;40.35466667;93.11839333;0;0;;-8.04475;;;;;;;;;;
202601252000;2026;1;25;20;0;46047.83333;230.9622667;30.76666667;2.516666667;Considerar;Operando;No Considerar;No;Considerar;0;32.57866667;75.17527333;0;0;;-8.10394;;;;;;;;;;
202601252015;2026;1;25;20;15;46047.84375;163.5322367;22.66666667;2.233333333;Considerar;Operando;No Considerar;No;Considerar;0;24.27466667;56.01379333;0;0;;-8.13971;;;;;;;;;;
202601252030;2026;1;25;20;30;46047.85417;54.01759667;10.5;1.033333333;Considerar;Operando;No Considerar;No;Considerar;0;11.244;25.94553;0;0;;-8.1607;;;;;;;;;;
202601252045;2026;1;25;20;45;46047.86458;49.21432333;9.133333333;1.15;Considerar;Operando;No Considerar;No;Considerar;0;9.961333333;22.98577667;0;0;;-8.19766;;;;;;;;;;
202601252100;2026;1;25;21;0;46047.875;7.250783333;5.866666667;0.75;Considerar;Operando;No Considerar;No;Considerar;0;6.406666667;14.78338333;0;0;;-8.21694;;;;;;;;;;
202601252115;2026;1;25;21;15;46047.88542;0;0.733333333;0.033333333;Considerar;S/D;No Considerar;No;Considerar;0;0.757333333;1.747546667;0;0;;-8.22228;;;;;;;;;;
202601252130;2026;1;25;21;30;46047.89583;0;0.733333333;0.05;Considerar;S/D;No Considerar;No;Considerar;0;0.769333333;1.775236667;0;0;;-8.28325;;;;;;;;;;
202601252145;2026;1;25;21;45;46047.90625;0;-0.1;0.016666667;Considerar;S/D;No Considerar;No;Considerar;0;-0.088;-0.20306;0;0;;-8.33717;;;;;;;;;;
202601252200;2026;1;25;22;0;46047.91667;0;-0.566666667;-0.116666667;Considerar;S/D;No Considerar;No;Considerar;0;-0.650666667;-1.501413333;0;0;;-8.30869;;;;;;;;;;
202601252215;2026;1;25;22;15;46047.92708;0;-0.366666667;-0.116666667;Considerar;S/D;No Considerar;No;Considerar;0;-0.450666667;-1.039913333;0;0;;-8.2429;;;;;;;;;;
202601252230;2026;1;25;22;30;46047.9375;0;0.133333333;0.183333333;Considerar;S/D;No Considerar;No;Considerar;0;0.265333333;0.612256667;0;0;;-7.91742;;;;;;;;;;
202601252245;2026;1;25;22;45;46047.94792;0;0.066666667;0.25;Considerar;S/D;No Considerar;No;Considerar;0;0.246666667;0.569183333;0;0;;-7.59668;;;;;;;;;;
202601252300;2026;1;25;23;0;46047.95833;0;0.066666667;0.15;Considerar;S/D;No Considerar;No;Considerar;0;0.174666667;0.403043333;0;0;;-7.61558;;;;;;;;;;
202601252315;2026;1;25;23;15;46047.96875;0;0;0;Considerar;S/D;No Considerar;No;Considerar;0;0;0;0;0;;-7.83245;;;;;;;;;;
202601252330;2026;1;25;23;30;46047.97917;0;-0.033333333;0;Considerar;S/D;No Considerar;No;Considerar;0;-0.033333333;-0.076916667;0;0;;-7.73732;;;;;;;;;;
202601252345;2026;1;25;23;45;46047.98958;0;0;0.066666667;Considerar;S/D;No Considerar;No;Considerar;0;0.048;0.11076;0;0;;-7.73008;;;;;;;;;;
202601260000;2026;1;26;0;0;46048;0;0;0.066666667;Considerar;S/D;No Considerar;No;Considerar;0;0.048;0.11076;0;0;;-7.73984;;;;;;;;;;
202601260015;2026;1;26;0;15;46048.01042;0;-0.033333333;0;Considerar;S/D;No Considerar;No;Considerar;0;-0.033333333;-0.076916667;0;0;;-7.80733;;;;;;;;;;
202601260030;2026;1;26;0;30;46048.02083;0;-0.033333333;0.016666667;Considerar;S/D;No Considerar;No;Considerar;0;-0.021333333;-0.049226667;0;0;;-7.74774;;;;;;;;;;
202601260045;2026;1;26;0;45;46048.03125;0;0;0.016666667;Considerar;S/D;No Considerar;No;Considerar;0;0.012;0.02769;0;0;;-7.78808;;;;;;;;;;
202601260100;2026;1;26;1;0;46048.04167;0;0.1;0.033333333;Considerar;S/D;No Considerar;No;Considerar;0;0.124;0.28613;0;0;;-7.8078;;;;;;;;;;
202601260115;2026;1;26;1;15;46048.05208;0;0.033333333;0.05;Considerar;S/D;No Considerar;No;Considerar;0;0.069333333;0.159986667;0;0;;-7.87434;;;;;;;;;;
202601260130;2026;1;26;1;30;46048.0625;0;0;0;Considerar;S/D;No Considerar;No;Considerar;0;0;0;0;0;;-7.94107;;;;;;;;;;
202601260145;2026;1;26;1;45;46048.07292;0;-0.133333333;-0.016666667;Considerar;S/D;No Considerar;No;Considerar;0;-0.145333333;-0.335356667;0;0;;-7.9636;;;;;;;;;;
202601260200;2026;1;26;2;0;46048.08333;0;-0.1;-0.016666667;Considerar;S/D;No Considerar;No;Considerar;0;-0.112;-0.25844;0;0;;-7.92919;;;;;;;;;;
202601260215;2026;1;26;2;15;46048.09375;0;-0.133333333;-0.116666667;Considerar;S/D;No Considerar;No;Considerar;0;-0.217333333;-0.501496667;0;0;;-8.0433;;;;;;;;;;
202601260230;2026;1;26;2;30;46048.10417;0;-0.133333333;-0.116666667;Considerar;S/D;No Considerar;No;Considerar;0;-0.217333333;-0.501496667;0;0;;-8.10129;;;;;;;;;;
202601260245;2026;1;26;2;45;46048.11458;0;-0.1;-0.05;Considerar;S/D;No Considerar;No;Considerar;0;-0.136;-0.31382;0;0;;-8.16017;;;;;;;;;;
202601260300;2026;1;26;3;0;46048.125;0;-0.1;-0.05;Considerar;S/D;No Considerar;No;Considerar;0;-0.136;-0.31382;0;0;;-8.12778;;;;;;;;;;
202601260315;2026;1;26;3;15;46048.13542;0;-0.1;-0.05;Considerar;S/D;No Considerar;No;Considerar;0;-0.136;-0.31382;0;0;;-8.21017;;;;;;;;;;
202601260330;2026;1;26;3;30;46048.14583;0;-0.1;-0.05;Considerar;S/D;No Considerar;No;Considerar;0;-0.136;-0.31382;0;0;;-8.19674;;;;;;;;;;
202601260345;2026;1;26;3;45;46048.15625;0;-0.033333333;-0.016666667;Considerar;S/D;No Considerar;No;Considerar;0;-0.045333333;-0.104606667;0;0;;-8.1285;;;;;;;;;;
202601260400;2026;1;26;4;0;46048.16667;0;-0.066666667;0;Considerar;S/D;No Considerar;No;Considerar;0;-0.066666667;-0.153833333;0;0;;-8.10955;;;;;;;;;;
202601260415;2026;1;26;4;15;46048.17708;0;-0.066666667;0;Considerar;S/D;No Considerar;No;Considerar;0;-0.066666667;-0.153833333;0;0;;-8.12449;;;;;;;;;;
202601260430;2026;1;26;4;30;46048.1875;0;-0.033333333;-0.016666667;Considerar;S/D;No Considerar;No;Considerar;0;-0.045333333;-0.104606667;0;0;;-8.03033;;;;;;;;;;
202601260445;2026;1;26;4;45;46048.19792;0;-0.066666667;0;Considerar;S/D;No Considerar;No;Considerar;0;-0.066666667;-0.153833333;0;0;;-8.02126;;;;;;;;;;
202601260500;2026;1;26;5;0;46048.20833;0;0;0;Considerar;S/D;No Considerar;No;Considerar;0;0;0;0;0;;-8.05562;;;;;;;;;;
202601260515;2026;1;26;5;15;46048.21875;0;0;0;Considerar;S/D;No Considerar;No;Considerar;0;0;0;0;0;;-8.02457;;;;;;;;;;
202601260530;2026;1;26;5;30;46048.22917;0;0.066666667;0;Considerar;S/D;No Considerar;No;Considerar;0;0.066666667;0.153833333;0;0;;-8.07588;;;;;;;;;;
202601260545;2026;1;26;5;45;46048.23958;0;0.066666667;0.116666667;Considerar;S/D;No Considerar;No;Considerar;0;0.150666667;0.347663333;0;0;;-8.03694;;;;;;;;;;
202601260600;2026;1;26;6;0;46048.25;0;0;0;Considerar;S/D;No Considerar;No;Considerar;0;0;0;0;0;;-8.00095;;;;;;;;;;
202601260615;2026;1;26;6;15;46048.26042;0;0.033333333;0;Considerar;S/D;No Considerar;No;Considerar;0;0.033333333;0.076916667;0;0;;-7.98538;;;;;;;;;;
202601260630;2026;1;26;6;30;46048.27083;0;0.033333333;0.016666667;Considerar;S/D;No Considerar;No;Considerar;0;0.045333333;0.104606667;0;0;;-7.97868;;;;;;;;;;
202601260645;2026;1;26;6;45;46048.28125;0;0;0.116666667;Considerar;S/D;No Considerar;No;Considerar;0;0.084;0.19383;0;0;;-7.95112;;;;;;;;;;
202601260700;2026;1;26;7;0;46048.29167;0;1.566666667;0.183333333;Considerar;S/D;No Considerar;No;Considerar;0;1.698666667;3.919673333;0;0;;-7.95862;;;;;;;;;;
202601260715;2026;1;26;7;15;46048.30208;51.43705333;7.366666667;0.483333333;Considerar;Operando;No Considerar;No;Considerar;0;7.714666667;17.80159333;0;0;;-4.05347;;;;;;;;;;
202601260730;2026;1;26;7;30;46048.3125;244.0229333;29.23333333;1.8;Considerar;Operando;No Considerar;No;Considerar;0;30.52933333;70.44643667;0;0;;22.42073;;;;;;;;;;
202601260745;2026;1;26;7;45;46048.32292;655.6727333;95.73333333;5.516666667;Considerar;Operando;No Considerar;No;Considerar;0;99.70533333;230.0700567;0;0;;79.29383;;;;;;;;;;
202601260800;2026;1;26;8;0;46048.33333;1098.816;170.0333333;6.9;Considerar;Operando;Considerar;Si;Considerar;42.50833333;175.0013333;403.8155767;1098.816;403.8155767;;139.2634;;;;;;;;;;
202601260815;2026;1;26;8;15;46048.34375;1646.438333;238.1666667;8.033333333;Considerar;Operando;Considerar;Si;Considerar;59.54166667;243.9506667;562.9161633;1646.438333;562.9161633;;195.04887;;;;;;;;;;
202601260830;2026;1;26;8;30;46048.35417;2449.874667;332.3333333;10.1;Considerar;Operando;Considerar;Si;Considerar;83.08333333;339.6053333;783.6393067;2449.874667;783.6393067;;348.06353;;;;;;;;;;
202601260845;2026;1;26;8;45;46048.36458;3359.363333;424.9333333;12.38333333;Considerar;Operando;Considerar;Si;Considerar;106.2333333;433.8493333;1001.107337;3359.363333;1001.107337;;535.74853;;;;;;;;;;
202601260900;2026;1;26;9;0;46048.375;4298.798333;522.0333333;14.95;Considerar;Operando;Considerar;Si;Considerar;130.5083333;532.7973333;1229.429847;4298.798333;1229.429847;;614.96047;;;;;;;;;;
202601260915;2026;1;26;9;15;46048.38542;5031.424667;620;18.56666667;Considerar;Operando;Considerar;Si;Considerar;155;633.368;1461.49666;5031.424667;1461.49666;;960.06423;;;;;;;;;;
202601260930;2026;1;26;9;30;46048.39583;5763.113333;718.8333333;22.76666667;Considerar;Operando;Considerar;Si;Considerar;179.7083333;735.2253333;1696.532457;5763.113333;1696.532457;;1755.83767;;;;;;;;;;
202601260945;2026;1;26;9;45;46048.40625;6424.753333;818.6333333;27.35;Considerar;Operando;Considerar;Si;Considerar;204.6583333;838.3253333;1934.435707;6424.753333;1934.435707;;3115.18933;;;;;;;;;;
202601261000;2026;1;26;10;0;46048.41667;6996.768;905.6;33.01666667;Considerar;Operando;Considerar;Si;Considerar;226.4;929.372;2144.52589;6996.768;2144.52589;;5501.12367;;;;;;;;;;
202601261015;2026;1;26;10;15;46048.42708;7276.435;982.0333333;44.48333333;Considerar;Operando;Considerar;Si;Considerar;245.5083333;1014.061333;2339.946527;7276.435;2339.946527;;5395.45567;;;;;;;;;;
202601261030;2026;1;26;10;30;46048.4375;7375.092667;1004.066667;46.1;Considerar;Operando;Considerar;Si;Considerar;251.0166667;1037.258667;2393.474373;7375.092667;2393.474373;;5446.09933;;;;;;;;;;
202601261045;2026;1;26;10;45;46048.44792;7445.880667;1022.866667;47.56666667;Considerar;Operando;Considerar;Si;Considerar;255.7166667;1057.114667;2439.292093;7445.880667;2439.292093;;3791.24533;;;;;;;;;;
202601261100;2026;1;26;11;0;46048.45833;7518.172667;1035.9;48.86666667;Considerar;Operando;Considerar;Si;Considerar;258.975;1071.084;2471.52633;7518.172667;2471.52633;;3260.728;;;;;;;;;;
202601261115;2026;1;26;11;15;46048.46875;7574.083;1047.366667;49.85;Considerar;Operando;Considerar;Si;Considerar;261.8416667;1083.258667;2499.619373;7574.083;2499.619373;;4818.41233;;;;;;;;;;
202601261130;2026;1;26;11;30;46048.47917;7651.456333;1058.866667;51.03333333;Considerar;Operando;Considerar;Si;Considerar;264.7166667;1095.610667;2528.121613;7651.456333;2528.121613;;4649.05133;;;;;;;;;;
202601261145;2026;1;26;11;45;46048.48958;7688.838333;1069.566667;52;Considerar;Operando;Considerar;Si;Considerar;267.3916667;1107.006667;2554.417883;7688.838333;2554.417883;;4569.99933;;;;;;;;;;
202601261200;2026;1;26;12;0;46048.5;7724.467333;1073.066667;53.5;Considerar;Operando;Considerar;Si;Considerar;268.2666667;1111.586667;2564.986233;7724.467333;2564.986233;;3750.72533;;;;;;;;;;
202601261215;2026;1;26;12;15;46048.51042;7745.707333;1073.866667;54.65;Considerar;Operando;Considerar;Si;Considerar;268.4666667;1113.214667;2568.742843;7745.707333;2568.742843;;3723.33133;;;;;;;;;;
202601261230;2026;1;26;12;30;46048.52083;7751.833667;1072.433333;55.5;Considerar;Operando;Considerar;Si;Considerar;268.1083333;1112.393333;2566.847617;7751.833667;2566.847617;;3237.62167;;;;;;;;;;
202601261245;2026;1;26;12;45;46048.53125;7752.127667;1072.133333;55.91666667;Considerar;Operando;Considerar;Si;Considerar;268.0333333;1112.393333;2566.847617;7752.127667;2566.847617;;3939.445;;;;;;;;;;
202601261300;2026;1;26;13;0;46048.54167;7752.164667;1070.766667;56.48333333;Considerar;Operando;Considerar;Si;Considerar;267.6916667;1111.434667;2564.635493;7752.164667;2564.635493;;3730.844;;;;;;;;;;
202601261315;2026;1;26;13;15;46048.55208;7748.997;1069.233333;56.31666667;Considerar;Operando;Considerar;Si;Considerar;267.3083333;1109.781333;2560.820427;7748.997;2560.820427;;4091.78833;;;;;;;;;;
202601261330;2026;1;26;13;30;46048.5625;7746.130667;1067.6;56.35;Considerar;Operando;Considerar;Si;Considerar;266.9;1108.172;2557.10689;7746.130667;2557.10689;;4085.17167;;;;;;;;;;
202601261345;2026;1;26;13;45;46048.57292;7747.544333;1067.033333;56.25;Considerar;Operando;Considerar;Si;Considerar;266.7583333;1107.533333;2555.633167;7747.544333;2555.633167;;3706.693;;;;;;;;;;
202601261400;2026;1;26;14;0;46048.58333;7742.547333;1066.933333;56.16666667;Considerar;Operando;Considerar;Si;Considerar;266.7333333;1107.373333;2555.263967;7742.547333;2555.263967;;4138.41667;;;;;;;;;;
202601261415;2026;1;26;14;15;46048.59375;7719.746;1068.166667;55.98333333;Considerar;Operando;Considerar;Si;Considerar;267.0416667;1108.474667;2557.805293;7719.746;2557.805293;;4610.263;;;;;;;;;;
202601261430;2026;1;26;14;30;46048.60417;7678.423333;1067.766667;55.78333333;Considerar;Operando;Considerar;Si;Considerar;266.9416667;1107.930667;2556.550013;7678.423333;2556.550013;;4817.49467;;;;;;;;;;
202601261445;2026;1;26;14;45;46048.61458;7652.044333;1064.8;55.7;Considerar;Operando;Considerar;Si;Considerar;266.2;1104.904;2549.56598;7652.044333;2549.56598;;2904.85267;;;;;;;;;;
202601261500;2026;1;26;15;0;46048.625;7633.813667;1065.1;55.65;Considerar;Operando;Considerar;Si;Considerar;266.275;1105.168;2550.17516;7633.813667;2550.17516;;2871.21667;;;;;;;;;;
202601261515;2026;1;26;15;15;46048.63542;7610.478333;1065.533333;55.51666667;Considerar;Operando;Considerar;Si;Considerar;266.3833333;1105.505333;2550.953557;7610.478333;2550.953557;;3642.24667;;;;;;;;;;
202601261530;2026;1;26;15;30;46048.64583;7603.078;1062.4;55.35;Considerar;Operando;Considerar;Si;Considerar;265.6;1102.252;2543.44649;7603.078;2543.44649;;5503.72967;;;;;;;;;;
202601261545;2026;1;26;15;45;46048.65625;7606.146667;1061.933333;54.65;Considerar;Operando;Considerar;Si;Considerar;265.4833333;1101.281333;2541.206677;7606.146667;2541.206677;;5189.28633;;;;;;;;;;
202601261600;2026;1;26;16;0;46048.66667;7579.19;1060.6;54.15;Considerar;Operando;Considerar;Si;Considerar;265.15;1099.588;2537.29931;7579.19;2537.29931;;3375.056;;;;;;;;;;
202601261615;2026;1;26;16;15;46048.67708;7581.553333;1057.066667;53.65;Considerar;Operando;Considerar;Si;Considerar;264.2666667;1095.694667;2528.315443;7581.553333;2528.315443;;4610.78167;;;;;;;;;;
202601261630;2026;1;26;16;30;46048.6875;7555.879333;1053.2;52.35;Considerar;Operando;Considerar;Si;Considerar;263.3;1090.892;2517.23329;7555.879333;2517.23329;;3366.37667;;;;;;;;;;
202601261645;2026;1;26;16;45;46048.69792;7510.107;1044.133333;50.91666667;Considerar;Operando;Considerar;Si;Considerar;261.0333333;1080.793333;2493.930617;7510.107;2493.930617;;2763.226;;;;;;;;;;
202601261700;2026;1;26;17;0;46048.70833;7459.104667;1035.933333;49.6;Considerar;Operando;Considerar;Si;Considerar;258.9833333;1071.645333;2472.821607;7459.104667;2472.821607;;2108.502;;;;;;;;;;
202601261715;2026;1;26;17;15;46048.71875;7408.105;1025;48.23333333;Considerar;Operando;Considerar;Si;Considerar;256.25;1059.728;2445.32236;7408.105;2445.32236;;1478.70067;;;;;;;;;;
202601261730;2026;1;26;17;30;46048.72917;7336.394333;1009.733333;47.4;Considerar;Operando;Considerar;Si;Considerar;252.4333333;1043.861333;2408.710027;7336.394333;2408.710027;;856.71323;;;;;;;;;;
202601261745;2026;1;26;17;45;46048.73958;7143.018;985.4666667;45.56666667;Considerar;Operando;Considerar;Si;Considerar;246.3666667;1018.274667;2349.668793;7143.018;2349.668793;;368.50863;;;;;;;;;;
202601261800;2026;1;26;18;0;46048.75;6612.747667;928.5;38.81666667;Considerar;Operando;Considerar;Si;Considerar;232.125;956.448;2207.00376;6612.747667;2207.00376;;99.91575;;;;;;;;;;
202601261815;2026;1;26;18;15;46048.76042;5992.212333;835.6;37.35;Considerar;Operando;Considerar;Si;Considerar;208.9;862.492;1990.20029;5992.212333;1990.20029;;9.38145;;;;;;;;;;
202601261830;2026;1;26;18;30;46048.77083;5413.024333;738.7;37.68333333;Considerar;Operando;Considerar;Si;Considerar;184.675;765.832;1767.15734;5413.024333;1767.15734;;-11.43626;;;;;;;;;;
202601261845;2026;1;26;18;45;46048.78125;4784.117333;654.8333333;35.91666667;Considerar;Operando;Considerar;Si;Considerar;163.7083333;680.6933333;1570.699867;4784.117333;1570.699867;;-7.85136;;;;;;;;;;
202601261900;2026;1;26;19;0;46048.79167;4086.645;572.5666667;29.98333333;Considerar;Operando;Considerar;Si;Considerar;143.1416667;594.1546667;1371.011893;4086.645;1371.011893;;-7.65963;;;;;;;;;;
202601261915;2026;1;26;19;15;46048.80208;3361.012333;468.5;22.46666667;Considerar;Operando;Considerar;Si;Considerar;117.125;484.676;1118.38987;3361.012333;1118.38987;;-7.74731;;;;;;;;;;
202601261930;2026;1;26;19;30;46048.8125;2657.467667;380.9666667;16.63333333;Considerar;Operando;Considerar;Si;Considerar;95.24166667;392.9426667;906.7152033;2657.467667;906.7152033;;-7.74329;;;;;;;;;;
202601261945;2026;1;26;19;45;46048.82292;1923.978333;294.7;12.91666667;Considerar;Operando;Considerar;Si;Considerar;73.675;304;701.48;1923.978333;701.48;;-7.75254;;;;;;;;;;
202601262000;2026;1;26;20;0;46048.83333;1268.619667;214.2;14.11666667;Considerar;Operando;Considerar;Si;Considerar;53.55;224.364;517.71993;1268.619667;517.71993;;-8.0926;;;;;;;;;;
202601262015;2026;1;26;20;15;46048.84375;711.9841333;139.6;12.28333333;Considerar;Operando;Considerar;Si;Considerar;34.9;148.444;342.53453;711.9841333;342.53453;;-8.31611;;;;;;;;;;
202601262030;2026;1;26;20;30;46048.85417;312.1568333;74.86666667;11.16666667;Considerar;Operando;No Considerar;No;Considerar;0;82.90666667;191.3071333;0;0;;-8.2513;;;;;;;;;;
202601262045;2026;1;26;20;45;46048.86458;108.58394;29.5;3.95;Considerar;Operando;No Considerar;No;Considerar;0;32.344;74.63378;0;0;;-8.27478;;;;;;;;;;
202601262100;2026;1;26;21;0;46048.875;15.11745533;7.166666667;0.833333333;Considerar;Operando;No Considerar;No;Considerar;0;7.766666667;17.92158333;0;0;;-8.34168;;;;;;;;;;
202601262115;2026;1;26;21;15;46048.88542;0;1.3;0.266666667;Considerar;S/D;No Considerar;No;Considerar;0;1.492;3.44279;0;0;;-8.38237;;;;;;;;;;
202601262130;2026;1;26;21;30;46048.89583;0;0.066666667;0.15;Considerar;S/D;No Considerar;No;Considerar;0;0.174666667;0.403043333;0;0;;-8.39143;;;;;;;;;;
202601262145;2026;1;26;21;45;46048.90625;0;0.033333333;0.083333333;Considerar;S/D;No Considerar;No;Considerar;0;0.093333333;0.215366667;0;0;;-8.46645;;;;;;;;;;
202601262200;2026;1;26;22;0;46048.91667;0;0.033333333;0.083333333;Considerar;S/D;No Considerar;No;Considerar;0;0.093333333;0.215366667;0;0;;-8.19439;;;;;;;;;;
202601262215;2026;1;26;22;15;46048.92708;0;0;0.05;Considerar;S/D;No Considerar;No;Considerar;0;0.036;0.08307;0;0;;-8.13652;;;;;;;;;;
202601262230;2026;1;26;22;30;46048.9375;0;0;0.033333333;Considerar;S/D;No Considerar;No;Considerar;0;0.024;0.05538;0;0;;-8.1206;;;;;;;;;;
202601262245;2026;1;26;22;45;46048.94792;0;0;0;Considerar;S/D;No Considerar;No;Considerar;0;0;0;0;0;;-8.16344;;;;;;;;;;
202601262300;2026;1;26;23;0;46048.95833;0;0.033333333;0.083333333;Considerar;S/D;No Considerar;No;Considerar;0;0.093333333;0.215366667;0;0;;-8.25433;;;;;;;;;;
202601262315;2026;1;26;23;15;46048.96875;0;0.1;0.1;Considerar;S/D;No Considerar;No;Considerar;0;0.172;0.39689;0;0;;-8.36548;;;;;;;;;;
202601262330;2026;1;26;23;30;46048.97917;0;0;0.1;Considerar;S/D;No Considerar;No;Considerar;0;0.072;0.16614;0;0;;-8.44877;;;;;;;;;;
202601262345;2026;1;26;23;45;46048.98958;0;0;0.016666667;Considerar;S/D;No Considerar;No;Considerar;0;0.012;0.02769;0;0;;-8.33916;;;;;;;;;;
202601270000;2026;1;27;0;0;46049;0;0;0;Considerar;S/D;No Considerar;No;Considerar;0;0;0;0;0;;-8.3617;;;;;;;;;;
202601270015;2026;1;27;0;15;46049.01042;0;0;0;Considerar;S/D;No Considerar;No;Considerar;0;0;0;0;0;;-8.44922;;;;;;;;;;
202601270030;2026;1;27;0;30;46049.02083;0;0.033333333;0.05;Considerar;S/D;No Considerar;No;Considerar;0;0.069333333;0.159986667;0;0;;-8.21786;;;;;;;;;;
202601270045;2026;1;27;0;45;46049.03125;0;-0.2;-0.016666667;Considerar;S/D;No Considerar;No;Considerar;0;-0.212;-0.48919;0;0;;-8.2034;;;;;;;;;;
202601270100;2026;1;27;1;0;46049.04167;0;0;0.033333333;Considerar;S/D;No Considerar;No;Considerar;0;0.024;0.05538;0;0;;-8.24106;;;;;;;;;;
202601270115;2026;1;27;1;15;46049.05208;0;0.066666667;0.033333333;Considerar;S/D;No Considerar;No;Considerar;0;0.090666667;0.209213333;0;0;;-8.30031;;;;;;;;;;
202601270130;2026;1;27;1;30;46049.0625;0;-0.033333333;0.066666667;Considerar;S/D;No Considerar;No;Considerar;0;0.014666667;0.033843333;0;0;;-8.38584;;;;;;;;;;
202601270145;2026;1;27;1;45;46049.07292;0;-0.1;0;Considerar;S/D;No Considerar;No;Considerar;0;-0.1;-0.23075;0;0;;-8.41695;;;;;;;;;;
202601270200;2026;1;27;2;0;46049.08333;0;-0.033333333;0;Considerar;S/D;No Considerar;No;Considerar;0;-0.033333333;-0.076916667;0;0;;-8.45023;;;;;;;;;;
202601270215;2026;1;27;2;15;46049.09375;0;0;0;Considerar;S/D;No Considerar;No;Considerar;0;0;0;0;0;;-8.44637;;;;;;;;;;
202601270230;2026;1;27;2;30;46049.10417;0;0;0.066666667;Considerar;S/D;No Considerar;No;Considerar;0;0.048;0.11076;0;0;;-8.49889;;;;;;;;;;
202601270245;2026;1;27;2;45;46049.11458;0;0;0.083333333;Considerar;S/D;No Considerar;No;Considerar;0;0.06;0.13845;0;0;;-8.32468;;;;;;;;;;
202601270300;2026;1;27;3;0;46049.125;0;0.066666667;0.05;Considerar;S/D;No Considerar;No;Considerar;0;0.102666667;0.236903333;0;0;;-8.31169;;;;;;;;;;
202601270315;2026;1;27;3;15;46049.13542;0;0;0.066666667;Considerar;S/D;No Considerar;No;Considerar;0;0.048;0.11076;0;0;;-8.32009;;;;;;;;;;
202601270330;2026;1;27;3;30;46049.14583;0;0;0.05;Considerar;S/D;No Considerar;No;Considerar;0;0.036;0.08307;0;0;;-8.27633;;;;;;;;;;
202601270345;2026;1;27;3;45;46049.15625;0;0;0.016666667;Considerar;S/D;No Considerar;No;Considerar;0;0.012;0.02769;0;0;;-8.27853;;;;;;;;;;
202601270400;2026;1;27;4;0;46049.16667;0;0;0;Considerar;S/D;No Considerar;No;Considerar;0;0;0;0;0;;-8.2777;;;;;;;;;;
202601270415;2026;1;27;4;15;46049.17708;0;0;0;Considerar;S/D;No Considerar;No;Considerar;0;0;0;0;0;;-8.31003;;;;;;;;;;
202601270430;2026;1;27;4;30;46049.1875;0;0;0.033333333;Considerar;S/D;No Considerar;No;Considerar;0;0.024;0.05538;0;0;;-8.37816;;;;;;;;;;
202601270445;2026;1;27;4;45;46049.19792;0;0;0;Considerar;S/D;No Considerar;No;Considerar;0;0;0;0;0;;-8.41214;;;;;;;;;;
202601270500;2026;1;27;5;0;46049.20833;0;-0.1;0;Considerar;S/D;No Considerar;No;Considerar;0;-0.1;-0.23075;0;0;;-8.42456;;;;;;;;;;
202601270515;2026;1;27;5;15;46049.21875;0;-0.1;-0.033333333;Considerar;S/D;No Considerar;No;Considerar;0;-0.124;-0.28613;0;0;;-8.46436;;;;;;;;;;
202601270530;2026;1;27;5;30;46049.22917;0;-0.133333333;-0.066666667;Considerar;S/D;No Considerar;No;Considerar;0;-0.181333333;-0.418426667;0;0;;-8.43068;;;;;;;;;;
202601270545;2026;1;27;5;45;46049.23958;0;-0.066666667;0;Considerar;S/D;No Considerar;No;Considerar;0;-0.066666667;-0.153833333;0;0;;-8.42623;;;;;;;;;;
202601270600;2026;1;27;6;0;46049.25;0;-0.033333333;0;Considerar;S/D;No Considerar;No;Considerar;0;-0.033333333;-0.076916667;0;0;;-8.42871;;;;;;;;;;
202601270615;2026;1;27;6;15;46049.26042;0;0;0;Considerar;S/D;No Considerar;No;Considerar;0;0;0;0;0;;-8.46316;;;;;;;;;;
202601270630;2026;1;27;6;30;46049.27083;0;0;0.016666667;Considerar;S/D;No Considerar;No;Considerar;0;0.012;0.02769;0;0;;-8.4448;;;;;;;;;;
202601270645;2026;1;27;6;45;46049.28125;0;0.066666667;0.05;Considerar;S/D;No Considerar;No;Considerar;0;0.102666667;0.236903333;0;0;;-8.42471;;;;;;;;;;
202601270700;2026;1;27;7;0;46049.29167;0.587086467;1.866666667;0.166666667;Considerar;Operando;No Considerar;No;Considerar;0;1.986666667;4.584233333;0;0;;-8.40475;;;;;;;;;;
202601270715;2026;1;27;7;15;46049.30208;44.09871333;6.966666667;0.616666667;Considerar;Operando;No Considerar;No;Considerar;0;7.410666667;17.10011333;0;0;;-3.49171;;;;;;;;;;
202601270730;2026;1;27;7;30;46049.3125;238.8964667;31.5;1.833333333;Considerar;Operando;No Considerar;No;Considerar;0;32.82;75.73215;0;0;;34.9141;;;;;;;;;;
202601270745;2026;1;27;7;45;46049.32292;624.5529;96;5.116666667;Considerar;Operando;No Considerar;No;Considerar;0;99.684;230.02083;0;0;;174.36835;;;;;;;;;;
202601270800;2026;1;27;8;0;46049.33333;1099.015167;169.9666667;6.35;Considerar;Operando;Considerar;Si;Considerar;42.49166667;174.5386667;402.7479733;1099.015167;402.7479733;;676.9597;;;;;;;;;;
202601270815;2026;1;27;8;15;46049.34375;1699.760667;251.2;7.433333333;Considerar;Operando;Considerar;Si;Considerar;62.8;256.552;591.99374;1699.760667;591.99374;;1293.60967;;;;;;;;;;
202601270830;2026;1;27;8;30;46049.35417;2475.012;351.5;9.616666667;Considerar;Operando;Considerar;Si;Considerar;87.875;358.424;827.06338;2475.012;827.06338;;1836.16967;;;;;;;;;;
202601270845;2026;1;27;8;45;46049.36458;3382.793333;434.1666667;11.88333333;Considerar;Operando;Considerar;Si;Considerar;108.5416667;442.7226667;1021.582553;3382.793333;1021.582553;;2521.99233;;;;;;;;;;
202601270900;2026;1;27;9;0;46049.375;4330.509;533.9666667;14.65;Considerar;Operando;Considerar;Si;Considerar;133.4916667;544.5146667;1256.467593;4330.509;1256.467593;;1145.007;;;;;;;;;;
202601270915;2026;1;27;9;15;46049.38542;5152.042333;625.7;17.95;Considerar;Operando;Considerar;Si;Considerar;156.425;638.624;1473.62488;5152.042333;1473.62488;;1217.65333;;;;;;;;;;
202601270930;2026;1;27;9;30;46049.39583;5833.812667;718.7333333;22.35;Considerar;Operando;Considerar;Si;Considerar;179.6833333;734.8253333;1695.609457;5833.812667;1695.609457;;2407.33733;;;;;;;;;;
202601270945;2026;1;27;9;45;46049.40625;6487.394;806.5;26.58333333;Considerar;Operando;Considerar;Si;Considerar;201.625;825.64;1905.1643;6487.394;1905.1643;;5088.24;;;;;;;;;;
202601271000;2026;1;27;10;0;46049.41667;7092.700333;916.6;32.73333333;Considerar;Operando;Considerar;Si;Considerar;229.15;940.168;2169.43766;7092.700333;2169.43766;;5414.44733;;;;;;;;;;
202601271015;2026;1;27;10;15;46049.42708;7352.212667;981.8333333;43.61666667;Considerar;Operando;Considerar;Si;Considerar;245.4583333;1013.237333;2338.045147;7352.212667;2338.045147;;5387.52933;;;;;;;;;;
202601271030;2026;1;27;10;30;46049.4375;7437.857667;1002.933333;45.6;Considerar;Operando;Considerar;Si;Considerar;250.7333333;1035.765333;2390.028507;7437.857667;2390.028507;;5349.58867;;;;;;;;;;
202601271045;2026;1;27;10;45;46049.44792;7500.686667;1016.566667;47.03333333;Considerar;Operando;Considerar;Si;Considerar;254.1416667;1050.430667;2423.868763;7500.686667;2423.868763;;5310.544;;;;;;;;;;
202601271100;2026;1;27;11;0;46049.45833;7535.142333;1028.833333;48.3;Considerar;Operando;Considerar;Si;Considerar;257.2083333;1063.609333;2454.278537;7535.142333;2454.278537;;5285.281;;;;;;;;;;
202601271115;2026;1;27;11;15;46049.46875;7625.847;1040.5;49.23333333;Considerar;Operando;Considerar;Si;Considerar;260.125;1075.948;2482.75001;7625.847;2482.75001;;5246.18567;;;;;;;;;;
202601271130;2026;1;27;11;30;46049.47917;7666.956667;1051.266667;50.3;Considerar;Operando;Considerar;Si;Considerar;262.8166667;1087.482667;2509.366253;7666.956667;2509.366253;;5200.93267;;;;;;;;;;
202601271145;2026;1;27;11;45;46049.48958;7678.33;1054.366667;51.06666667;Considerar;Operando;Considerar;Si;Considerar;263.5916667;1091.134667;2517.793243;7678.33;2517.793243;;5126.36567;;;;;;;;;;
202601271200;2026;1;27;12;0;46049.5;7694.416667;1056.966667;52.95;Considerar;Operando;Considerar;Si;Considerar;264.2416667;1095.090667;2526.921713;7694.416667;2526.921713;;5082.15867;;;;;;;;;;
202601271215;2026;1;27;12;15;46049.51042;7713.318;1060;53.9;Considerar;Operando;Considerar;Si;Considerar;265;1098.808;2535.49946;7713.318;2535.49946;;5050.86467;;;;;;;;;;
202601271230;2026;1;27;12;30;46049.52083;7715.502333;1061.933333;54.76666667;Considerar;Operando;Considerar;Si;Considerar;265.4833333;1101.365333;2541.400507;7715.502333;2541.400507;;5022.935;;;;;;;;;;
202601271245;2026;1;27;12;45;46049.53125;7697.662333;1062.566667;55.41666667;Considerar;Operando;Considerar;Si;Considerar;265.6416667;1102.466667;2543.941833;7697.662333;2543.941833;;5026.923;;;;;;;;;;
202601271300;2026;1;27;13;0;46049.54167;7686.533;1061.533333;56.05;Considerar;Operando;Considerar;Si;Considerar;265.3833333;1101.889333;2542.609637;7686.533;2542.609637;;5040.75533;;;;;;;;;;
202601271315;2026;1;27;13;15;46049.55208;7716.753;1065.766667;57.46666667;Considerar;Operando;Considerar;Si;Considerar;266.4416667;1107.142667;2554.731703;7716.753;2554.731703;;5066.97533;;;;;;;;;;
202601271330;2026;1;27;13;30;46049.5625;7765.014667;1091.933333;60.11666667;Considerar;Operando;Considerar;Si;Considerar;272.9833333;1135.217333;2619.513997;7765.014667;2619.513997;;5110.864;;;;;;;;;;
202601271345;2026;1;27;13;45;46049.57292;7078.916333;1067.333333;57.6;Considerar;Operando;Considerar;Si;Considerar;266.8333333;1108.805333;2558.568307;7078.916333;2558.568307;;5150.31633;;;;;;;;;;
202601271400;2026;1;27;14;0;46049.58333;4865.511333;671.5333333;38.75;Considerar;Operando;Considerar;Si;Considerar;167.8833333;699.4333333;1613.942417;4865.511333;1613.942417;;5210.221;;;;;;;;;;
202601271415;2026;1;27;14;15;46049.59375;7559.937667;937.4;54.18333333;Considerar;Operando;Considerar;Si;Considerar;234.35;976.412;2253.07069;7559.937667;2253.07069;;5263.252;;;;;;;;;;
202601271430;2026;1;27;14;30;46049.60417;7719.671667;1096.366667;59.61666667;Considerar;Operando;Considerar;Si;Considerar;274.0916667;1139.290667;2628.913213;7719.671667;2628.913213;;5277.24933;;;;;;;;;;
202601271445;2026;1;27;14;45;46049.61458;7649.781667;1075.666667;57.28333333;Considerar;Operando;Considerar;Si;Considerar;268.9166667;1116.910667;2577.271363;7649.781667;2577.271363;;3542.467;;;;;;;;;;
202601271500;2026;1;27;15;0;46049.625;7366.121333;1034;54.05;Considerar;Operando;Considerar;Si;Considerar;258.5;1072.916;2475.75367;7366.121333;2475.75367;;0;;;;;;;;;;
202601271515;2026;1;27;15;15;46049.63542;7649.298333;1060.4;56.25;Considerar;Operando;Considerar;Si;Considerar;265.1;1100.9;2540.32675;7649.298333;2540.32675;;0;;;;;;;;;;
202601271530;2026;1;27;15;30;46049.64583;6947.163;932.2333333;51.13333333;Considerar;Operando;Considerar;Si;Considerar;233.0583333;969.0493333;2236.081337;6947.163;2236.081337;;0;;;;;;;;;;
202601271545;2026;1;27;15;45;46049.65625;5681.916667;742.1;41.68333333;Considerar;Operando;Considerar;Si;Considerar;185.525;772.112;1781.64844;5681.916667;1781.64844;;0;;;;;;;;;;
202601271600;2026;1;27;16;0;46049.66667;6298.271;880;54.68333333;Considerar;Operando;Considerar;Si;Considerar;220;919.372;2121.45089;6298.271;2121.45089;;0;;;;;;;;;;
202601271615;2026;1;27;16;15;46049.67708;5806.687667;1030.233333;62.36666667;Considerar;Operando;Considerar;Si;Considerar;257.5583333;1075.137333;2480.879397;5806.687667;2480.879397;;-3.37477;;;;;;;;;;
202601271630;2026;1;27;16;30;46049.6875;4411.867333;540;49.15;Considerar;Operando;Considerar;Si;Considerar;135;575.388;1327.70781;4411.867333;1327.70781;;2859.72167;;;;;;;;;;
202601271645;2026;1;27;16;45;46049.69792;4037.611;518.0333333;49.61666667;Considerar;Operando;Considerar;Si;Considerar;129.5083333;553.7573333;1277.795047;4037.611;1277.795047;;2182.68133;;;;;;;;;;
202601271700;2026;1;27;17;0;46049.70833;6016.45;672.7;58.5;Considerar;Operando;Considerar;Si;Considerar;168.175;714.82;1649.44715;6016.45;1649.44715;;1662.27833;;;;;;;;;;
202601271715;2026;1;27;17;15;46049.71875;4790.704;712.7666667;59.43333333;Considerar;Operando;Considerar;Si;Considerar;178.1916667;755.5586667;1743.451623;4790.704;1743.451623;;1280.29767;;;;;;;;;;
202601271730;2026;1;27;17;30;46049.72917;2260.342;368.6666667;36.95;Considerar;Operando;Considerar;Si;Considerar;92.16666667;395.2706667;912.0870633;2260.342;912.0870633;;821.49533;;;;;;;;;;
202601271745;2026;1;27;17;45;46049.73958;3545.628;430.8666667;42.56666667;Considerar;Operando;Considerar;Si;Considerar;107.7166667;461.5146667;1064.945093;3545.628;1064.945093;;350.068;;;;;;;;;;
202601271800;2026;1;27;18;0;46049.75;4611.612333;520.6;40.98333333;Considerar;Operando;Considerar;Si;Considerar;130.15;550.108;1269.37421;4611.612333;1269.37421;;94.06539;;;;;;;;;;
202601271815;2026;1;27;18;15;46049.76042;6244.73;822.7333333;48.5;Considerar;Operando;Considerar;Si;Considerar;205.6833333;857.6533333;1979.035067;6244.73;1979.035067;;8.55271;;;;;;;;;;
202601271830;2026;1;27;18;30;46049.77083;5905.305;841.4;45.83333333;Considerar;Operando;Considerar;Si;Considerar;210.35;874.4;2017.678;5905.305;2017.678;;-11.41736;;;;;;;;;;
202601271845;2026;1;27;18;45;46049.78125;2646.310667;485.8333333;27.45;Considerar;Operando;Considerar;Si;Considerar;121.4583333;505.5973333;1166.665847;2646.310667;1166.665847;;-7.93833;;;;;;;;;;
202601271900;2026;1;27;19;0;46049.79167;4378.691;491.8333333;27.9;Considerar;Operando;Considerar;Si;Considerar;122.9583333;511.9213333;1181.258477;4378.691;1181.258477;;-7.56996;;;;;;;;;;
202601271915;2026;1;27;19;15;46049.80208;3492.354;498.2333333;22.71666667;Considerar;Operando;Considerar;Si;Considerar;124.5583333;514.5893333;1187.414887;3492.354;1187.414887;;-7.70972;;;;;;;;;;
202601271930;2026;1;27;19;30;46049.8125;2656.817;388.8;16.35;Considerar;Operando;Considerar;Si;Considerar;97.2;400.572;924.31989;2656.817;924.31989;;-7.87141;;;;;;;;;;
202601271945;2026;1;27;19;45;46049.82292;1917.537333;296.8;12.61666667;Considerar;Operando;Considerar;Si;Considerar;74.2;305.884;705.82733;1917.537333;705.82733;;-7.85746;;;;;;;;;;
202601272000;2026;1;27;20;0;46049.83333;1219.246333;214.5;13.63333333;Considerar;Operando;Considerar;Si;Considerar;53.625;224.316;517.60917;1219.246333;517.60917;;-7.87614;;;;;;;;;;
202601272015;2026;1;27;20;15;46049.84375;622.0084;131.6333333;11.06666667;Considerar;Operando;Considerar;Si;Considerar;32.90833333;139.6013333;322.1300767;622.0084;322.1300767;;-7.93164;;;;;;;;;;
202601272030;2026;1;27;20;30;46049.85417;259.0491333;70.8;9.816666667;Considerar;Operando;No Considerar;No;Considerar;0;77.868;179.68041;0;0;;-8.19232;;;;;;;;;;
202601272045;2026;1;27;20;45;46049.86458;99.07551667;28.66666667;3.716666667;Considerar;Operando;No Considerar;No;Considerar;0;31.34266667;72.32320333;0;0;;-8.28609;;;;;;;;;;
202601272100;2026;1;27;21;0;46049.875;15.64259;8.333333333;1.166666667;Considerar;Operando;No Considerar;No;Considerar;0;9.173333333;21.16746667;0;0;;-8.30441;;;;;;;;;;
202601272115;2026;1;27;21;15;46049.88542;0;1.4;0.366666667;Considerar;S/D;No Considerar;No;Considerar;0;1.664;3.83968;0;0;;-8.28222;;;;;;;;;;
202601272130;2026;1;27;21;30;46049.89583;0;0;0.1;Considerar;S/D;No Considerar;No;Considerar;0;0.072;0.16614;0;0;;-8.28777;;;;;;;;;;
202601272145;2026;1;27;21;45;46049.90625;0;0;0.016666667;Considerar;S/D;No Considerar;No;Considerar;0;0.012;0.02769;0;0;;-8.25666;;;;;;;;;;
202601272200;2026;1;27;22;0;46049.91667;0;-0.2;0.016666667;Considerar;S/D;No Considerar;No;Considerar;0;-0.188;-0.43381;0;0;;-8.34701;;;;;;;;;;
202601272215;2026;1;27;22;15;46049.92708;0;0.066666667;0.25;Considerar;S/D;No Considerar;No;Considerar;0;0.246666667;0.569183333;0;0;;-8.1716;;;;;;;;;;
202601272230;2026;1;27;22;30;46049.9375;0;0.1;0.2;Considerar;S/D;No Considerar;No;Considerar;0;0.244;0.56303;0;0;;-8.19666;;;;;;;;;;
202601272245;2026;1;27;22;45;46049.94792;0;0.1;0.183333333;Considerar;S/D;No Considerar;No;Considerar;0;0.232;0.53534;0;0;;-8.21676;;;;;;;;;;
202601272300;2026;1;27;23;0;46049.95833;0;0.066666667;0.133333333;Considerar;S/D;No Considerar;No;Considerar;0;0.162666667;0.375353333;0;0;;-8.24357;;;;;;;;;;
202601272315;2026;1;27;23;15;46049.96875;0;0;0;Considerar;S/D;No Considerar;No;Considerar;0;0;0;0;0;;-8.34651;;;;;;;;;;
202601272330;2026;1;27;23;30;46049.97917;0;-0.033333333;0;Considerar;S/D;No Considerar;No;Considerar;0;-0.033333333;-0.076916667;0;0;;-8.40981;;;;;;;;;;
202601272345;2026;1;27;23;45;46049.98958;0;-0.033333333;0;Considerar;S/D;No Considerar;No;Considerar;0;-0.033333333;-0.076916667;0;0;;-8.44746;;;;;;;;;;
202601280000;2026;1;28;0;0;46050;0;-0.1;0;Considerar;S/D;No Considerar;No;Considerar;0;-0.1;-0.23075;0;0;;-8.39642;;;;;;;;;;
202601280015;2026;1;28;0;15;46050.01042;0;-0.066666667;0;Considerar;S/D;No Considerar;No;Considerar;0;-0.066666667;-0.153833333;0;0;;-8.38955;;;;;;;;;;
202601280030;2026;1;28;0;30;46050.02083;0;0;0;Considerar;S/D;No Considerar;No;Considerar;0;0;0;0;0;;-8.35209;;;;;;;;;;
202601280045;2026;1;28;0;45;46050.03125;0;0.066666667;0.166666667;Considerar;S/D;No Considerar;No;Considerar;0;0.186666667;0.430733333;0;0;;-8.33432;;;;;;;;;;
202601280100;2026;1;28;1;0;46050.04167;0;0;0.083333333;Considerar;S/D;No Considerar;No;Considerar;0;0.06;0.13845;0;0;;-8.4009;;;;;;;;;;
202601280115;2026;1;28;1;15;46050.05208;0;0.033333333;0.033333333;Considerar;S/D;No Considerar;No;Considerar;0;0.057333333;0.132296667;0;0;;-8.45096;;;;;;;;;;
202601280130;2026;1;28;1;30;46050.0625;0;0.1;0.05;Considerar;S/D;No Considerar;No;Considerar;0;0.136;0.31382;0;0;;-8.39218;;;;;;;;;;
202601280145;2026;1;28;1;45;46050.07292;0;0.1;0.133333333;Considerar;S/D;No Considerar;No;Considerar;0;0.196;0.45227;0;0;;-8.26329;;;;;;;;;;
202601280200;2026;1;28;2;0;46050.08333;0;0.1;0.2;Considerar;S/D;No Considerar;No;Considerar;0;0.244;0.56303;0;0;;-8.19526;;;;;;;;;;
202601280215;2026;1;28;2;15;46050.09375;0;0.033333333;0.066666667;Considerar;S/D;No Considerar;No;Considerar;0;0.081333333;0.187676667;0;0;;-8.18338;;;;;;;;;;
202601280230;2026;1;28;2;30;46050.10417;0;-0.033333333;-0.016666667;Considerar;S/D;No Considerar;No;Considerar;0;-0.045333333;-0.104606667;0;0;;-8.21375;;;;;;;;;;
202601280245;2026;1;28;2;45;46050.11458;0;-0.1;-0.033333333;Considerar;S/D;No Considerar;No;Considerar;0;-0.124;-0.28613;0;0;;-8.28192;;;;;;;;;;
202601280300;2026;1;28;3;0;46050.125;0;-0.6;-0.183333333;Considerar;S/D;No Considerar;No;Considerar;0;-0.732;-1.68909;0;0;;-8.2507;;;;;;;;;;
202601280315;2026;1;28;3;15;46050.13542;0;-0.666666667;-0.3;Considerar;S/D;No Considerar;No;Considerar;0;-0.882666667;-2.036753333;0;0;;-8.27246;;;;;;;;;;
202601280330;2026;1;28;3;30;46050.14583;0;-0.3;-0.15;Considerar;S/D;No Considerar;No;Considerar;0;-0.408;-0.94146;0;0;;-8.21956;;;;;;;;;;
202601280345;2026;1;28;3;45;46050.15625;0;0;-0.016666667;Considerar;S/D;No Considerar;No;Considerar;0;-0.012;-0.02769;0;0;;-8.239;;;;;;;;;;
202601280400;2026;1;28;4;0;46050.16667;0;0.033333333;0.016666667;Considerar;S/D;No Considerar;No;Considerar;0;0.045333333;0.104606667;0;0;;-8.23451;;;;;;;;;;
202601280415;2026;1;28;4;15;46050.17708;0;0;0.016666667;Considerar;S/D;No Considerar;No;Considerar;0;0.012;0.02769;0;0;;-8.18252;;;;;;;;;;
202601280430;2026;1;28;4;30;46050.1875;0;0.133333333;0.066666667;Considerar;S/D;No Considerar;No;Considerar;0;0.181333333;0.418426667;0;0;;-8.16654;;;;;;;;;;
202601280445;2026;1;28;4;45;46050.19792;0;0;0;Considerar;S/D;No Considerar;No;Considerar;0;0;0;0;0;;-8.12704;;;;;;;;;;
202601280500;2026;1;28;5;0;46050.20833;0;-0.033333333;0.05;Considerar;S/D;No Considerar;No;Considerar;0;0.002666667;0.006153333;0;0;;-8.09691;;;;;;;;;;
202601280515;2026;1;28;5;15;46050.21875;0;0;0.016666667;Considerar;S/D;No Considerar;No;Considerar;0;0.012;0.02769;0;0;;-8.09152;;;;;;;;;;
202601280530;2026;1;28;5;30;46050.22917;0;-0.033333333;0;Considerar;S/D;No Considerar;No;Considerar;0;-0.033333333;-0.076916667;0;0;;-8.04771;;;;;;;;;;
202601280545;2026;1;28;5;45;46050.23958;0;-0.033333333;0;Considerar;S/D;No Considerar;No;Considerar;0;-0.033333333;-0.076916667;0;0;;-7.94763;;;;;;;;;;
202601280600;2026;1;28;6;0;46050.25;0;-0.1;0;Considerar;S/D;No Considerar;No;Considerar;0;-0.1;-0.23075;0;0;;-7.93057;;;;;;;;;;
202601280615;2026;1;28;6;15;46050.26042;0;-0.066666667;-0.033333333;Considerar;S/D;No Considerar;No;Considerar;0;-0.090666667;-0.209213333;0;0;;-7.84125;;;;;;;;;;
202601280630;2026;1;28;6;30;46050.27083;0;-0.133333333;0;Considerar;S/D;No Considerar;No;Considerar;0;-0.133333333;-0.307666667;0;0;;-7.79799;;;;;;;;;;
202601280645;2026;1;28;6;45;46050.28125;0;0.033333333;0;Considerar;S/D;No Considerar;No;Considerar;0;0.033333333;0.076916667;0;0;;-7.78778;;;;;;;;;;
202601280700;2026;1;28;7;0;46050.29167;0;1.533333333;0.033333333;Considerar;S/D;No Considerar;No;Considerar;0;1.557333333;3.593546667;0;0;;-7.68577;;;;;;;;;;
202601280715;2026;1;28;7;15;46050.30208;41.11763;6.5;0.5;Considerar;Operando;No Considerar;No;Considerar;0;6.86;15.82945;0;0;;-4.89374;;;;;;;;;;
202601280730;2026;1;28;7;30;46050.3125;201.5940133;29.2;1.683333333;Considerar;Operando;No Considerar;No;Considerar;0;30.412;70.17569;0;0;;28.84406;;;;;;;;;;
202601280745;2026;1;28;7;45;46050.32292;596.4418;95;5.25;Considerar;Operando;No Considerar;No;Considerar;0;98.78;227.93485;0;0;;128.10082;;;;;;;;;;
202601280800;2026;1;28;8;0;46050.33333;1019.8612;173.4666667;6.583333333;Considerar;Operando;Considerar;Si;Considerar;43.36666667;178.2066667;411.2118833;1019.8612;411.2118833;;423.6773;;;;;;;;;;
202601280815;2026;1;28;8;15;46050.34375;1603.113333;245.1;7.766666667;Considerar;Operando;Considerar;Si;Considerar;61.275;250.692;578.47179;1603.113333;578.47179;;679.07423;;;;;;;;;;
202601280830;2026;1;28;8;30;46050.35417;2342.293;331.2;9.816666667;Considerar;Operando;Considerar;Si;Considerar;82.8;338.268;780.55341;2342.293;780.55341;;1078.70367;;;;;;;;;;
202601280845;2026;1;28;8;45;46050.36458;3379.788333;431.9666667;12.15;Considerar;Operando;Considerar;Si;Considerar;107.9916667;440.7146667;1016.949093;3379.788333;1016.949093;;1505.34567;;;;;;;;;;
202601280900;2026;1;28;9;0;46050.375;4305.657;528.4;14.75;Considerar;Operando;Considerar;Si;Considerar;132.1;539.02;1243.78865;4305.657;1243.78865;;1589.18333;;;;;;;;;;
202601280915;2026;1;28;9;15;46050.38542;5141.881333;628.5;18.38333333;Considerar;Operando;Considerar;Si;Considerar;157.125;641.736;1480.80582;5141.881333;1480.80582;;1820.16633;;;;;;;;;;
202601280930;2026;1;28;9;30;46050.39583;5913.178667;729.3666667;22.75;Considerar;Operando;Considerar;Si;Considerar;182.3416667;745.7466667;1720.810433;5913.178667;1720.810433;;2335.04033;;;;;;;;;;
202601280945;2026;1;28;9;45;46050.40625;6538.425667;817.2333333;26.86666667;Considerar;Operando;Considerar;Si;Considerar;204.3083333;836.5773333;1930.402197;6538.425667;1930.402197;;3281.44967;;;;;;;;;;
202601281000;2026;1;28;10;0;46050.41667;7122.850333;913.9;32.63333333;Considerar;Operando;Considerar;Si;Considerar;228.475;937.396;2163.04127;7122.850333;2163.04127;;5163.509;;;;;;;;;;
202601281015;2026;1;28;10;15;46050.42708;7397.333;997.5333333;43.86666667;Considerar;Operando;Considerar;Si;Considerar;249.3833333;1029.117333;2374.688247;7397.333;2374.688247;;5431.745;;;;;;;;;;
202601281030;2026;1;28;10;30;46050.4375;7442.18;1015.466667;46.1;Considerar;Operando;Considerar;Si;Considerar;253.8666667;1048.658667;2419.779873;7442.18;2419.779873;;5323.86367;;;;;;;;;;
202601281045;2026;1;28;10;45;46050.44792;7470.161;1029.466667;47.5;Considerar;Operando;Considerar;Si;Considerar;257.3666667;1063.666667;2454.410833;7470.161;2454.410833;;5265.448;;;;;;;;;;
202601281100;2026;1;28;11;0;46050.45833;7512.241;1041.633333;48.66666667;Considerar;Operando;Considerar;Si;Considerar;260.4083333;1076.673333;2484.423717;7512.241;2484.423717;;5229.962;;;;;;;;;;
202601281115;2026;1;28;11;15;46050.46875;7534.388333;1050.633333;49.6;Considerar;Operando;Considerar;Si;Considerar;262.6583333;1086.345333;2506.741857;7534.388333;2506.741857;;5159.09867;;;;;;;;;;
202601281130;2026;1;28;11;30;46050.47917;7538.171;1055.733333;50.55;Considerar;Operando;Considerar;Si;Considerar;263.9333333;1092.129333;2520.088437;7538.171;2520.088437;;5088.96933;;;;;;;;;;
202601281145;2026;1;28;11;45;46050.48958;7557.252667;1054.533333;51.78333333;Considerar;Operando;Considerar;Si;Considerar;263.6333333;1091.817333;2519.368497;7557.252667;2519.368497;;5062.82333;;;;;;;;;;
202601281200;2026;1;28;12;0;46050.5;7600.086;1070.1;53.28333333;Considerar;Operando;Considerar;Si;Considerar;267.525;1108.464;2557.78068;7600.086;2557.78068;;5004.60433;;;;;;;;;;
202601281215;2026;1;28;12;15;46050.51042;7607.141333;1074.366667;54.61666667;Considerar;Operando;Considerar;Si;Considerar;268.5916667;1113.690667;2569.841213;7607.141333;2569.841213;;4995.04933;;;;;;;;;;
202601281230;2026;1;28;12;30;46050.52083;7597.471;1074.966667;55.18333333;Considerar;Operando;Considerar;Si;Considerar;268.7416667;1114.698667;2572.167173;7597.471;2572.167173;;4971.15467;;;;;;;;;;
202601281245;2026;1;28;12;45;46050.53125;7653.706667;1077.733333;56.13333333;Considerar;Operando;Considerar;Si;Considerar;269.4333333;1118.149333;2580.129587;7653.706667;2580.129587;;4963.98167;;;;;;;;;;
202601281300;2026;1;28;13;0;46050.54167;7624.950667;1074.733333;56.71666667;Considerar;Operando;Considerar;Si;Considerar;268.6833333;1115.569333;2574.176237;7624.950667;2574.176237;;4985.047;;;;;;;;;;
202601281315;2026;1;28;13;15;46050.55208;7627.566667;1073.5;57.23333333;Considerar;Operando;Considerar;Si;Considerar;268.375;1114.708;2572.18871;7627.566667;2572.18871;;4964.24733;;;;;;;;;;
202601281330;2026;1;28;13;30;46050.5625;7657.273667;1074.866667;57.55;Considerar;Operando;Considerar;Si;Considerar;268.7166667;1116.302667;2575.868403;7657.273667;2575.868403;;5021.72533;;;;;;;;;;
202601281345;2026;1;28;13;45;46050.57292;7652.759667;1074.166667;57.28333333;Considerar;Operando;Considerar;Si;Considerar;268.5416667;1115.410667;2573.810113;7652.759667;2573.810113;;5066.509;;;;;;;;;;
202601281400;2026;1;28;14;0;46050.58333;7608.170667;1074.1;56.93333333;Considerar;Operando;Considerar;Si;Considerar;268.525;1115.092;2573.07479;7608.170667;2573.07479;;5117.62367;;;;;;;;;;
202601281415;2026;1;28;14;15;46050.59375;7590.352333;1073.1;56.7;Considerar;Operando;Considerar;Si;Considerar;268.275;1113.924;2570.37963;7590.352333;2570.37963;;5134.9;;;;;;;;;;
202601281430;2026;1;28;14;30;46050.60417;7591.549667;1073.4;56.46666667;Considerar;Operando;Considerar;Si;Considerar;268.35;1114.056;2570.68422;7591.549667;2570.68422;;5162.72233;;;;;;;;;;
202601281445;2026;1;28;14;45;46050.61458;7607.935333;1078.033333;56.53333333;Considerar;Operando;Considerar;Si;Considerar;269.5083333;1118.737333;2581.486397;7607.935333;2581.486397;;5202.228;;;;;;;;;;
202601281500;2026;1;28;15;0;46050.625;7634.475667;1080.1;56.46666667;Considerar;Operando;Considerar;Si;Considerar;270.025;1120.756;2586.14447;7634.475667;2586.14447;;5299.90333;;;;;;;;;;
202601281515;2026;1;28;15;15;46050.63542;7625.018667;1084.033333;56.15;Considerar;Operando;Considerar;Si;Considerar;271.0083333;1124.461333;2594.694527;7625.018667;2594.694527;;5282.98133;;;;;;;;;;
202601281530;2026;1;28;15;30;46050.64583;7636.635;1082.4;55.85;Considerar;Operando;Considerar;Si;Considerar;270.6;1122.612;2590.42719;7636.635;2590.42719;;5234.93433;;;;;;;;;;
202601281545;2026;1;28;15;45;46050.65625;7635.126667;1082.333333;55.05;Considerar;Operando;Considerar;Si;Considerar;270.5833333;1121.969333;2588.944237;7635.126667;2588.944237;;5209.844;;;;;;;;;;
202601281600;2026;1;28;16;0;46050.66667;7612.144333;1076.233333;54;Considerar;Operando;Considerar;Si;Considerar;269.0583333;1115.113333;2573.124017;7612.144333;2573.124017;;5090.046;;;;;;;;;;
202601281615;2026;1;28;16;15;46050.67708;7585.044;1069.4;52.68333333;Considerar;Operando;Considerar;Si;Considerar;267.35;1107.332;2555.16859;7585.044;2555.16859;;4234.22267;;;;;;;;;;
202601281630;2026;1;28;16;30;46050.6875;7567.218667;1066.6;51;Considerar;Operando;Considerar;Si;Considerar;266.65;1103.32;2545.9109;7567.218667;2545.9109;;3246.18633;;;;;;;;;;
202601281645;2026;1;28;16;45;46050.69792;7530.271333;1060.533333;49.88333333;Considerar;Operando;Considerar;Si;Considerar;265.1333333;1096.449333;2530.056837;7530.271333;2530.056837;;2624.195;;;;;;;;;;
202601281700;2026;1;28;17;0;46050.70833;7488.549;1051.766667;48.91666667;Considerar;Operando;Considerar;Si;Considerar;262.9416667;1086.986667;2508.221733;7488.549;2508.221733;;1974.495;;;;;;;;;;
202601281715;2026;1;28;17;15;46050.71875;7431.140333;1042.366667;48.06666667;Considerar;Operando;Considerar;Si;Considerar;260.5916667;1076.974667;2485.119043;7431.140333;2485.119043;;1302.606;;;;;;;;;;
202601281730;2026;1;28;17;30;46050.72917;7375.066667;1031.833333;46.9;Considerar;Operando;Considerar;Si;Considerar;257.9583333;1065.601333;2458.875077;7375.066667;2458.875077;;560.3077;;;;;;;;;;
202601281745;2026;1;28;17;45;46050.73958;7227.954333;1010.2;44.93333333;Considerar;Operando;Considerar;Si;Considerar;252.55;1042.552;2405.68874;7227.954333;2405.68874;;240.6148;;;;;;;;;;
202601281800;2026;1;28;18;0;46050.75;6730.724;958.1333333;39.1;Considerar;Operando;Considerar;Si;Considerar;239.5333333;986.2853333;2275.853407;6730.724;2275.853407;;54.62849;;;;;;;;;;
202601281815;2026;1;28;18;15;46050.76042;6148.759667;868.8;38.6;Considerar;Operando;Considerar;Si;Considerar;217.2;896.592;2068.88604;6148.759667;2068.88604;;8.96827;;;;;;;;;;
202601281830;2026;1;28;18;30;46050.77083;5547.626;778.6666667;38.85;Considerar;Operando;Considerar;Si;Considerar;194.6666667;806.6386667;1861.318723;5547.626;1861.318723;;-12.03833;;;;;;;;;;
202601281845;2026;1;28;18;45;46050.78125;4840.543333;681.8;36.35;Considerar;Operando;Considerar;Si;Considerar;170.45;707.972;1633.64539;4840.543333;1633.64539;;-8.0417;;;;;;;;;;
202601281900;2026;1;28;19;0;46050.79167;4153.119667;596.3333333;30.23333333;Considerar;Operando;Considerar;Si;Considerar;149.0833333;618.1013333;1426.268827;4153.119667;1426.268827;;-8.0148;;;;;;;;;;
202601281915;2026;1;28;19;15;46050.80208;3430.847;491.7333333;22.28333333;Considerar;Operando;Considerar;Si;Considerar;122.9333333;507.7773333;1171.696197;3430.847;1171.696197;;-7.99063;;;;;;;;;;
202601281930;2026;1;28;19;30;46050.8125;2686.928667;398.8666667;16.3;Considerar;Operando;Considerar;Si;Considerar;99.71666667;410.6026667;947.4656533;2686.928667;947.4656533;;-7.9941;;;;;;;;;;
202601281945;2026;1;28;19;45;46050.82292;1998.411333;315;13.01666667;Considerar;Operando;Considerar;Si;Considerar;78.75;324.372;748.48839;1998.411333;748.48839;;-8.01644;;;;;;;;;;
202601282000;2026;1;28;20;0;46050.83333;1312.977667;231.5666667;15.2;Considerar;Operando;Considerar;Si;Considerar;57.89166667;242.5106667;559.5933633;1312.977667;559.5933633;;-8.04826;;;;;;;;;;
202601282015;2026;1;28;20;15;46050.84375;705.8196333;151.5666667;12.9;Considerar;Operando;Considerar;Si;Considerar;37.89166667;160.8546667;371.1721433;705.8196333;371.1721433;;-8.0703;;;;;;;;;;
202601282030;2026;1;28;20;30;46050.85417;287.6090667;86.23333333;12.86666667;Considerar;Operando;No Considerar;No;Considerar;0;95.49733333;220.3600967;0;0;;-8.06187;;;;;;;;;;
202601282045;2026;1;28;20;45;46050.86458;92.88137;29.43333333;3.8;Considerar;Operando;No Considerar;No;Considerar;0;32.16933333;74.23073667;0;0;;-8.13741;;;;;;;;;;
202601282100;2026;1;28;21;0;46050.875;12.22909033;7.366666667;1.4;Considerar;Operando;No Considerar;No;Considerar;0;8.374666667;19.32454333;0;0;;-8.14266;;;;;;;;;;
202601282115;2026;1;28;21;15;46050.88542;0;1.866666667;0.633333333;Considerar;S/D;No Considerar;No;Considerar;0;2.322666667;5.359553333;0;0;;-8.1271;;;;;;;;;;
202601282130;2026;1;28;21;30;46050.89583;0;0.233333333;0.333333333;Considerar;S/D;No Considerar;No;Considerar;0;0.473333333;1.092216667;0;0;;-8.09788;;;;;;;;;;
202601282145;2026;1;28;21;45;46050.90625;0;-0.1;0.066666667;Considerar;S/D;No Considerar;No;Considerar;0;-0.052;-0.11999;0;0;;-8.1234;;;;;;;;;;
202601282200;2026;1;28;22;0;46050.91667;0;-0.066666667;0.05;Considerar;S/D;No Considerar;No;Considerar;0;-0.030666667;-0.070763333;0;0;;-8.24682;;;;;;;;;;
202601282215;2026;1;28;22;15;46050.92708;0;-0.066666667;0;Considerar;S/D;No Considerar;No;Considerar;0;-0.066666667;-0.153833333;0;0;;-8.14983;;;;;;;;;;
202601282230;2026;1;28;22;30;46050.9375;0;0;0;Considerar;S/D;No Considerar;No;Considerar;0;0;0;0;0;;-7.91273;;;;;;;;;;
202601282245;2026;1;28;22;45;46050.94792;0;0;0;Considerar;S/D;No Considerar;No;Considerar;0;0;0;0;0;;-7.75733;;;;;;;;;;
202601282300;2026;1;28;23;0;46050.95833;0;0;0;Considerar;S/D;No Considerar;No;Considerar;0;0;0;0;0;;-7.65029;;;;;;;;;;
202601282315;2026;1;28;23;15;46050.96875;0;0;0;Considerar;S/D;No Considerar;No;Considerar;0;0;0;0;0;;-7.62646;;;;;;;;;;
202601282330;2026;1;28;23;30;46050.97917;0;0;0;Considerar;S/D;No Considerar;No;Considerar;0;0;0;0;0;;-7.75843;;;;;;;;;;
202601282345;2026;1;28;23;45;46050.98958;0;0;0.033333333;Considerar;S/D;No Considerar;No;Considerar;0;0.024;0.05538;0;0;;-7.80349;;;;;;;;;;
202601290000;2026;1;29;0;0;46051;0;0;0.033333333;Considerar;S/D;No Considerar;No;Considerar;0;0.024;0.05538;0;0;;-7.85299;;;;;;;;;;
202601290015;2026;1;29;0;15;46051.01042;0;0;0.016666667;Considerar;S/D;No Considerar;No;Considerar;0;0.012;0.02769;0;0;;-7.90726;;;;;;;;;;
202601290030;2026;1;29;0;30;46051.02083;0;0;0.05;Considerar;S/D;No Considerar;No;Considerar;0;0.036;0.08307;0;0;;-7.96202;;;;;;;;;;
202601290045;2026;1;29;0;45;46051.03125;0;-0.033333333;0.033333333;Considerar;S/D;No Considerar;No;Considerar;0;-0.009333333;-0.021536667;0;0;;-8.01501;;;;;;;;;;
202601290100;2026;1;29;1;0;46051.04167;0;0;0;Considerar;S/D;No Considerar;No;Considerar;0;0;0;0;0;;-8.02477;;;;;;;;;;
202601290115;2026;1;29;1;15;46051.05208;0;0.233333333;0.216666667;Considerar;S/D;No Considerar;No;Considerar;0;0.389333333;0.898386667;0;0;;-8.06411;;;;;;;;;;
202601290130;2026;1;29;1;30;46051.0625;0;0.3;0.35;Considerar;S/D;No Considerar;No;Considerar;0;0.552;1.27374;0;0;;-8.19966;;;;;;;;;;
202601290145;2026;1;29;1;45;46051.07292;0;0.1;0.166666667;Considerar;S/D;No Considerar;No;Considerar;0;0.22;0.50765;0;0;;-8.21313;;;;;;;;;;
202601290200;2026;1;29;2;0;46051.08333;0;0.1;0.183333333;Considerar;S/D;No Considerar;No;Considerar;0;0.232;0.53534;0;0;;-8.23577;;;;;;;;;;
202601290215;2026;1;29;2;15;46051.09375;0;0.033333333;0.1;Considerar;S/D;No Considerar;No;Considerar;0;0.105333333;0.243056667;0;0;;-8.33679;;;;;;;;;;
202601290230;2026;1;29;2;30;46051.10417;0;0;0;Considerar;S/D;No Considerar;No;Considerar;0;0;0;0;0;;-8.3518;;;;;;;;;;
202601290245;2026;1;29;2;45;46051.11458;0;0;0.05;Considerar;S/D;No Considerar;No;Considerar;0;0.036;0.08307;0;0;;-8.32042;;;;;;;;;;
202601290300;2026;1;29;3;0;46051.125;0;0;0.033333333;Considerar;S/D;No Considerar;No;Considerar;0;0.024;0.05538;0;0;;-8.30546;;;;;;;;;;
202601290315;2026;1;29;3;15;46051.13542;0;-0.066666667;-0.133333333;Considerar;S/D;No Considerar;No;Considerar;0;-0.162666667;-0.375353333;0;0;;-8.33374;;;;;;;;;;
202601290330;2026;1;29;3;30;46051.14583;0;-0.5;-0.333333333;Considerar;S/D;No Considerar;No;Considerar;0;-0.74;-1.70755;0;0;;-8.34019;;;;;;;;;;
202601290345;2026;1;29;3;45;46051.15625;0;-0.233333333;-0.116666667;Considerar;S/D;No Considerar;No;Considerar;0;-0.317333333;-0.732246667;0;0;;-8.36518;;;;;;;;;;
202601290400;2026;1;29;4;0;46051.16667;0;0.066666667;0.033333333;Considerar;S/D;No Considerar;No;Considerar;0;0.090666667;0.209213333;0;0;;-8.41693;;;;;;;;;;
202601290415;2026;1;29;4;15;46051.17708;0;0;0.033333333;Considerar;S/D;No Considerar;No;Considerar;0;0.024;0.05538;0;0;;-8.24089;;;;;;;;;;
202601290430;2026;1;29;4;30;46051.1875;0;0;0.05;Considerar;S/D;No Considerar;No;Considerar;0;0.036;0.08307;0;0;;-8.19175;;;;;;;;;;
202601290445;2026;1;29;4;45;46051.19792;0;0;0.083333333;Considerar;S/D;No Considerar;No;Considerar;0;0.06;0.13845;0;0;;-8.24201;;;;;;;;;;
202601290500;2026;1;29;5;0;46051.20833;0;0;0.05;Considerar;S/D;No Considerar;No;Considerar;0;0.036;0.08307;0;0;;-8.17332;;;;;;;;;;
202601290515;2026;1;29;5;15;46051.21875;0;0;0.033333333;Considerar;S/D;No Considerar;No;Considerar;0;0.024;0.05538;0;0;;-8.19296;;;;;;;;;;
202601290530;2026;1;29;5;30;46051.22917;0;0;0;Considerar;S/D;No Considerar;No;Considerar;0;0;0;0;0;;-8.17238;;;;;;;;;;
202601290545;2026;1;29;5;45;46051.23958;0;0;0.033333333;Considerar;S/D;No Considerar;No;Considerar;0;0.024;0.05538;0;0;;-8.08364;;;;;;;;;;
202601290600;2026;1;29;6;0;46051.25;0;-0.066666667;0;Considerar;S/D;No Considerar;No;Considerar;0;-0.066666667;-0.153833333;0;0;;-8.00422;;;;;;;;;;
202601290615;2026;1;29;6;15;46051.26042;0;-0.033333333;0.016666667;Considerar;S/D;No Considerar;No;Considerar;0;-0.021333333;-0.049226667;0;0;;-7.92081;;;;;;;;;;
202601290630;2026;1;29;6;30;46051.27083;0;-0.033333333;0;Considerar;S/D;No Considerar;No;Considerar;0;-0.033333333;-0.076916667;0;0;;-7.85296;;;;;;;;;;
202601290645;2026;1;29;6;45;46051.28125;0;0;-0.033333333;Considerar;S/D;No Considerar;No;Considerar;0;-0.024;-0.05538;0;0;;-7.71907;;;;;;;;;;
202601290700;2026;1;29;7;0;46051.29167;0;1.3;0.066666667;Considerar;S/D;No Considerar;No;Considerar;0;1.348;3.11051;0;0;;-7.74776;;;;;;;;;;
202601290715;2026;1;29;7;15;46051.30208;36.53479333;6.333333333;0.233333333;Considerar;Operando;No Considerar;No;Considerar;0;6.501333333;15.00182667;0;0;;-7.31487;;;;;;;;;;
202601290730;2026;1;29;7;30;46051.3125;182.54794;25.46666667;1.183333333;Considerar;Operando;No Considerar;No;Considerar;0;26.31866667;60.73032333;0;0;;4.26261;;;;;;;;;;
202601290745;2026;1;29;7;45;46051.32292;564.0885667;85.66666667;4.483333333;Considerar;Operando;No Considerar;No;Considerar;0;88.89466667;205.1244433;0;0;;63.31387;;;;;;;;;;
202601290800;2026;1;29;8;0;46051.33333;981.2819667;157.4666667;6.05;Considerar;Operando;Considerar;Si;Considerar;39.36666667;161.8226667;373.4058033;981.2819667;373.4058033;;153.4293;;;;;;;;;;
202601290815;2026;1;29;8;15;46051.34375;1533.014667;229;7.466666667;Considerar;Operando;Considerar;Si;Considerar;57.25;234.376;540.82262;1533.014667;540.82262;;268.0693;;;;;;;;;;
202601290830;2026;1;29;8;30;46051.35417;2236.241333;324.0333333;9.716666667;Considerar;Operando;Considerar;Si;Considerar;81.00833333;331.0293333;763.8501867;2236.241333;763.8501867;;389.05787;;;;;;;;;;
202601290845;2026;1;29;8;45;46051.36458;3220.554667;402.8666667;11.93333333;Considerar;Operando;Considerar;Si;Considerar;100.7166667;411.4586667;949.4408733;3220.554667;949.4408733;;473.45903;;;;;;;;;;
202601290900;2026;1;29;9;0;46051.375;4143.666667;508.9666667;14.7;Considerar;Operando;Considerar;Si;Considerar;127.2416667;519.5506667;1198.863163;4143.666667;1198.863163;;482.2619;;;;;;;;;;
202601290915;2026;1;29;9;15;46051.38542;4928.863667;603.7333333;17.7;Considerar;Operando;Considerar;Si;Considerar;150.9333333;616.4773333;1422.521447;4928.863667;1422.521447;;480.22353;;;;;;;;;;
202601290930;2026;1;29;9;30;46051.39583;5627.009;699.9;22.31666667;Considerar;Operando;Considerar;Si;Considerar;174.975;715.968;1652.09616;5627.009;1652.09616;;551.2978;;;;;;;;;;
202601290945;2026;1;29;9;45;46051.40625;6316.373667;786.0666667;26.45;Considerar;Operando;Considerar;Si;Considerar;196.5166667;805.1106667;1857.792863;6316.373667;1857.792863;;617.67067;;;;;;;;;;
202601291000;2026;1;29;10;0;46051.41667;6946.391667;891.5333333;32.43333333;Considerar;Operando;Considerar;Si;Considerar;222.8833333;914.8853333;2111.097907;6946.391667;2111.097907;;722.6452;;;;;;;;;;
202601291015;2026;1;29;10;15;46051.42708;7282.659;968.2;43.26666667;Considerar;Operando;Considerar;Si;Considerar;242.05;999.352;2306.00474;7282.659;2306.00474;;768.67467;;;;;;;;;;
202601291030;2026;1;29;10;30;46051.4375;7427.483333;992.4;46.18333333;Considerar;Operando;Considerar;Si;Considerar;248.1;1025.652;2366.69199;7427.483333;2366.69199;;806.2052;;;;;;;;;;
202601291045;2026;1;29;10;45;46051.44792;7516.042333;1010.133333;47.63333333;Considerar;Operando;Considerar;Si;Considerar;252.5333333;1044.429333;2410.020687;7516.042333;2410.020687;;1078.49737;;;;;;;;;;
202601291100;2026;1;29;11;0;46051.45833;7599.777667;1021.433333;49.05;Considerar;Operando;Considerar;Si;Considerar;255.3583333;1056.749333;2438.449087;7599.777667;2438.449087;;1299.44233;;;;;;;;;;
202601291115;2026;1;29;11;15;46051.46875;7653.308;1029.9;49.9;Considerar;Operando;Considerar;Si;Considerar;257.475;1065.828;2459.39811;7653.308;2459.39811;;1537.74267;;;;;;;;;;
202601291130;2026;1;29;11;30;46051.47917;7682.577;1036.566667;50.63333333;Considerar;Operando;Considerar;Si;Considerar;259.1416667;1073.022667;2475.999803;7682.577;2475.999803;;1792.67667;;;;;;;;;;
202601291145;2026;1;29;11;45;46051.48958;7713.841333;1044.566667;51.6;Considerar;Operando;Considerar;Si;Considerar;261.1416667;1081.718667;2496.065823;7713.841333;2496.065823;;3078.44833;;;;;;;;;;
202601291200;2026;1;29;12;0;46051.5;7727.126667;1048.3;52.88333333;Considerar;Operando;Considerar;Si;Considerar;262.075;1086.376;2506.81262;7727.126667;2506.81262;;2920.26633;;;;;;;;;;
202601291215;2026;1;29;12;15;46051.51042;7728.612;1049.533333;53.83333333;Considerar;Operando;Considerar;Si;Considerar;262.3833333;1088.293333;2511.236867;7728.612;2511.236867;;2675.34667;;;;;;;;;;
202601291230;2026;1;29;12;30;46051.52083;7741.372333;1051.133333;54.65;Considerar;Operando;Considerar;Si;Considerar;262.7833333;1090.481333;2516.285677;7741.372333;2516.285677;;2129.81567;;;;;;;;;;
202601291245;2026;1;29;12;45;46051.53125;7747.613;1052;55.36666667;Considerar;Operando;Considerar;Si;Considerar;263;1091.864;2519.47618;7747.613;2519.47618;;2263.683;;;;;;;;;;
202601291300;2026;1;29;13;0;46051.54167;7750.211;1052.133333;55.86666667;Considerar;Operando;Considerar;Si;Considerar;263.0333333;1092.357333;2520.614547;7750.211;2520.614547;;2459.37533;;;;;;;;;;
202601291315;2026;1;29;13;15;46051.55208;7747.428333;1050.7;56.21666667;Considerar;Operando;Considerar;Si;Considerar;262.675;1091.176;2517.88862;7747.428333;2517.88862;;2234.07567;;;;;;;;;;
202601291330;2026;1;29;13;30;46051.5625;7739.064333;1049.333333;56.21666667;Considerar;Operando;Considerar;Si;Considerar;262.3333333;1089.809333;2514.735037;7739.064333;2514.735037;;3195.28967;;;;;;;;;;
202601291345;2026;1;29;13;45;46051.57292;7746.097667;1049.6;56.05;Considerar;Operando;Considerar;Si;Considerar;262.4;1089.956;2515.07347;7746.097667;2515.07347;;3700.997;;;;;;;;;;
202601291400;2026;1;29;14;0;46051.58333;7740.833667;1051.4;55.71666667;Considerar;Operando;Considerar;Si;Considerar;262.85;1091.516;2518.67317;7740.833667;2518.67317;;4475.646;;;;;;;;;;
202601291415;2026;1;29;14;15;46051.59375;7709.771333;1052.7;55.75;Considerar;Operando;Considerar;Si;Considerar;263.175;1092.84;2521.7283;7709.771333;2521.7283;;4298.728;;;;;;;;;;
202601291430;2026;1;29;14;30;46051.60417;7695.418667;1053.7;55.78333333;Considerar;Operando;Considerar;Si;Considerar;263.425;1093.864;2524.09118;7695.418667;2524.09118;;4970.57833;;;;;;;;;;
202601291445;2026;1;29;14;45;46051.61458;7646.12;1050.533333;55.65;Considerar;Operando;Considerar;Si;Considerar;262.6333333;1090.601333;2516.562577;7646.12;2516.562577;;4930.638;;;;;;;;;;
202601291500;2026;1;29;15;0;46051.625;7621.117333;1050.3;55.33333333;Considerar;Operando;Considerar;Si;Considerar;262.575;1090.14;2515.49805;7621.117333;2515.49805;;4922.761;;;;;;;;;;
202601291515;2026;1;29;15;15;46051.63542;7610.610667;1045.233333;54.95;Considerar;Operando;Considerar;Si;Considerar;261.3083333;1084.797333;2503.169847;7610.610667;2503.169847;;4725.93367;;;;;;;;;;
202601291530;2026;1;29;15;30;46051.64583;7594.613;1043.633333;54.45;Considerar;Operando;Considerar;Si;Considerar;260.9083333;1082.837333;2498.647147;7594.613;2498.647147;;4454.08467;;;;;;;;;;
202601291545;2026;1;29;15;45;46051.65625;7581.630667;1042.366667;53.58333333;Considerar;Operando;Considerar;Si;Considerar;260.5916667;1080.946667;2494.284433;7581.630667;2494.284433;;4385.40033;;;;;;;;;;
202601291600;2026;1;29;16;0;46051.66667;7587.128667;1039.233333;52.73333333;Considerar;Operando;Considerar;Si;Considerar;259.8083333;1077.201333;2485.642077;7587.128667;2485.642077;;4259.79267;;;;;;;;;;
202601291615;2026;1;29;16;15;46051.67708;7578.127667;1040.433333;52;Considerar;Operando;Considerar;Si;Considerar;260.1083333;1077.873333;2487.192717;7578.127667;2487.192717;;3449.922;;;;;;;;;;
202601291630;2026;1;29;16;30;46051.6875;7540.436;1036.466667;50.35;Considerar;Operando;Considerar;Si;Considerar;259.1166667;1072.718667;2475.298323;7540.436;2475.298323;;2694.22633;;;;;;;;;;
202601291645;2026;1;29;16;45;46051.69792;7493.41;1031.233333;49.48333333;Considerar;Operando;Considerar;Si;Considerar;257.8083333;1066.861333;2461.782527;7493.41;2461.782527;;2092.20167;;;;;;;;;;
202601291700;2026;1;29;17;0;46051.70833;7427.633;1019.733333;48.31666667;Considerar;Operando;Considerar;Si;Considerar;254.9333333;1054.521333;2433.307977;7427.633;2433.307977;;1550.57233;;;;;;;;;;
202601291715;2026;1;29;17;15;46051.71875;7341.184;1003.166667;47.41666667;Considerar;Operando;Considerar;Si;Considerar;250.7916667;1037.306667;2393.585133;7341.184;2393.585133;;545.0222;;;;;;;;;;
202601291730;2026;1;29;17;30;46051.72917;7193.492667;989.2;46.01666667;Considerar;Operando;Considerar;Si;Considerar;247.3;1022.332;2359.03109;7193.492667;2359.03109;;357.90517;;;;;;;;;;
202601291745;2026;1;29;17;45;46051.73958;7078.607;968.5333333;44.45;Considerar;Operando;Considerar;Si;Considerar;242.1333333;1000.537333;2308.739897;7078.607;2308.739897;;172.01677;;;;;;;;;;
202601291800;2026;1;29;18;0;46051.75;6589.361;911.2333333;39.05;Considerar;Operando;Considerar;Si;Considerar;227.8083333;939.3493333;2167.548587;6589.361;2167.548587;;55.25143;;;;;;;;;;
202601291815;2026;1;29;18;15;46051.76042;6001.508333;826.8;37.3;Considerar;Operando;Considerar;Si;Considerar;206.7;853.656;1969.81122;6001.508333;1969.81122;;1.88183;;;;;;;;;;
202601291830;2026;1;29;18;30;46051.77083;5327.009;732.9333333;37.38333333;Considerar;Operando;Considerar;Si;Considerar;183.2333333;759.8493333;1753.352337;5327.009;1753.352337;;-11.63648;;;;;;;;;;
202601291845;2026;1;29;18;45;46051.78125;4661.879667;639.9333333;34.61666667;Considerar;Operando;Considerar;Si;Considerar;159.9833333;664.8573333;1534.158297;4661.879667;1534.158297;;-8.08384;;;;;;;;;;
202601291900;2026;1;29;19;0;46051.79167;3962.612333;559.4;28.86666667;Considerar;Operando;Considerar;Si;Considerar;139.85;580.184;1338.77458;3962.612333;1338.77458;;-8.07849;;;;;;;;;;
202601291915;2026;1;29;19;15;46051.80208;3208.314;453.8666667;21.88333333;Considerar;Operando;Considerar;Si;Considerar;113.4666667;469.6226667;1083.654303;3208.314;1083.654303;;-8.0566;;;;;;;;;;
202601291930;2026;1;29;19;30;46051.8125;2497.605333;366.1333333;16.05;Considerar;Operando;Considerar;Si;Considerar;91.53333333;377.6893333;871.5181367;2497.605333;871.5181367;;-7.97946;;;;;;;;;;
202601291945;2026;1;29;19;45;46051.82292;1785.395;277.6666667;12.5;Considerar;Operando;Considerar;Si;Considerar;69.41666667;286.6666667;661.4833333;1785.395;661.4833333;;-7.9848;;;;;;;;;;
202601292000;2026;1;29;20;0;46051.83333;1163.117267;199.4;13.4;Considerar;Operando;Considerar;Si;Considerar;49.85;209.048;482.37826;1163.117267;482.37826;;-8.0425;;;;;;;;;;
202601292015;2026;1;29;20;15;46051.84375;641.4300667;129.2;11.1;Considerar;Operando;Considerar;Si;Considerar;32.3;137.192;316.57054;641.4300667;316.57054;;-8.01717;;;;;;;;;;
202601292030;2026;1;29;20;30;46051.85417;280.8370667;74.16666667;10.88333333;Considerar;Operando;No Considerar;No;Considerar;0;82.00266667;189.2211533;0;0;;-8.01659;;;;;;;;;;
202601292045;2026;1;29;20;45;46051.86458;100.88997;25.63333333;3.466666667;Considerar;Operando;No Considerar;No;Considerar;0;28.12933333;64.90843667;0;0;;-8.07786;;;;;;;;;;
202601292100;2026;1;29;21;0;46051.875;10.878215;7.9;1.15;Considerar;Operando;No Considerar;No;Considerar;0;8.728;20.13986;0;0;;-8.14856;;;;;;;;;;
202601292115;2026;1;29;21;15;46051.88542;0;1.1;0.333333333;Considerar;S/D;No Considerar;No;Considerar;0;1.34;3.09205;0;0;;-8.1664;;;;;;;;;;
202601292130;2026;1;29;21;30;46051.89583;0;0;0.083333333;Considerar;S/D;No Considerar;No;Considerar;0;0.06;0.13845;0;0;;-8.21452;;;;;;;;;;
202601292145;2026;1;29;21;45;46051.90625;0;0;0.05;Considerar;S/D;No Considerar;No;Considerar;0;0.036;0.08307;0;0;;-8.25649;;;;;;;;;;
202601292200;2026;1;29;22;0;46051.91667;0;0;0.116666667;Considerar;S/D;No Considerar;No;Considerar;0;0.084;0.19383;0;0;;-8.32127;;;;;;;;;;
202601292215;2026;1;29;22;15;46051.92708;0;0.1;0.15;Considerar;S/D;No Considerar;No;Considerar;0;0.208;0.47996;0;0;;-8.19619;;;;;;;;;;
202601292230;2026;1;29;22;30;46051.9375;0;0.066666667;0.2;Considerar;S/D;No Considerar;No;Considerar;0;0.210666667;0.486113333;0;0;;-7.86046;;;;;;;;;;
202601292245;2026;1;29;22;45;46051.94792;0;0;0;Considerar;S/D;No Considerar;No;Considerar;0;0;0;0;0;;-7.63449;;;;;;;;;;
202601292300;2026;1;29;23;0;46051.95833;0;0;0.016666667;Considerar;S/D;No Considerar;No;Considerar;0;0.012;0.02769;0;0;;-7.65071;;;;;;;;;;
202601292315;2026;1;29;23;15;46051.96875;0;0;0;Considerar;S/D;No Considerar;No;Considerar;0;0;0;0;0;;-7.65961;;;;;;;;;;
202601292330;2026;1;29;23;30;46051.97917;0;0;0;Considerar;S/D;No Considerar;No;Considerar;0;0;0;0;0;;-7.67712;;;;;;;;;;
202601292345;2026;1;29;23;45;46051.98958;0;0;0;Considerar;S/D;No Considerar;No;Considerar;0;0;0;0;0;;-7.65295;;;;;;;;;;
202601300000;2026;1;30;0;0;46052;0;0;0;Considerar;S/D;No Considerar;No;Considerar;0;0;0;0;0;;-7.69247;;;;;;;;;;
202601300015;2026;1;30;0;15;46052.01042;0;-0.033333333;0;Considerar;S/D;No Considerar;No;Considerar;0;-0.033333333;-0.076916667;0;0;;-7.80725;;;;;;;;;;
202601300030;2026;1;30;0;30;46052.02083;0;-0.066666667;0;Considerar;S/D;No Considerar;No;Considerar;0;-0.066666667;-0.153833333;0;0;;-7.92129;;;;;;;;;;
202601300045;2026;1;30;0;45;46052.03125;0;-0.033333333;0;Considerar;S/D;No Considerar;No;Considerar;0;-0.033333333;-0.076916667;0;0;;-7.95454;;;;;;;;;;
202601300100;2026;1;30;1;0;46052.04167;0;0;0;Considerar;S/D;No Considerar;No;Considerar;0;0;0;0;0;;-7.97485;;;;;;;;;;
202601300115;2026;1;30;1;15;46052.05208;0;0;0;Considerar;S/D;No Considerar;No;Considerar;0;0;0;0;0;;-7.99518;;;;;;;;;;
202601300130;2026;1;30;1;30;46052.0625;0;0;0;Considerar;S/D;No Considerar;No;Considerar;0;0;0;0;0;;-8.03234;;;;;;;;;;
202601300145;2026;1;30;1;45;46052.07292;0;-0.033333333;0;Considerar;S/D;No Considerar;No;Considerar;0;-0.033333333;-0.076916667;0;0;;-8.01969;;;;;;;;;;
202601300200;2026;1;30;2;0;46052.08333;0;0;0;Considerar;S/D;No Considerar;No;Considerar;0;0;0;0;0;;-8.08564;;;;;;;;;;
202601300215;2026;1;30;2;15;46052.09375;0;0;-0.033333333;Considerar;S/D;No Considerar;No;Considerar;0;-0.024;-0.05538;0;0;;-8.20645;;;;;;;;;;
202601300230;2026;1;30;2;30;46052.10417;0;0;0;Considerar;S/D;No Considerar;No;Considerar;0;0;0;0;0;;-8.2605;;;;;;;;;;
202601300245;2026;1;30;2;45;46052.11458;0;-0.1;0;Considerar;S/D;No Considerar;No;Considerar;0;-0.1;-0.23075;0;0;;-8.24341;;;;;;;;;;
202601300300;2026;1;30;3;0;46052.125;0;-0.066666667;0;Considerar;S/D;No Considerar;No;Considerar;0;-0.066666667;-0.153833333;0;0;;-8.24113;;;;;;;;;;
202601300315;2026;1;30;3;15;46052.13542;0;-0.033333333;0;Considerar;S/D;No Considerar;No;Considerar;0;-0.033333333;-0.076916667;0;0;;-8.20572;;;;;;;;;;
202601300330;2026;1;30;3;30;46052.14583;0;-0.1;0;Considerar;S/D;No Considerar;No;Considerar;0;-0.1;-0.23075;0;0;;-8.27562;;;;;;;;;;
202601300345;2026;1;30;3;45;46052.15625;0;-0.166666667;-0.066666667;Considerar;S/D;No Considerar;No;Considerar;0;-0.214666667;-0.495343333;0;0;;-8.25706;;;;;;;;;;
202601300400;2026;1;30;4;0;46052.16667;0;-0.1;-0.05;Considerar;S/D;No Considerar;No;Considerar;0;-0.136;-0.31382;0;0;;-8.2587;;;;;;;;;;
202601300415;2026;1;30;4;15;46052.17708;0;0;0;Considerar;S/D;No Considerar;No;Considerar;0;0;0;0;0;;-8.25254;;;;;;;;;;
202601300430;2026;1;30;4;30;46052.1875;0;0;0;Considerar;S/D;No Considerar;No;Considerar;0;0;0;0;0;;-8.23107;;;;;;;;;;
202601300445;2026;1;30;4;45;46052.19792;0;0;0;Considerar;S/D;No Considerar;No;Considerar;0;0;0;0;0;;-8.13855;;;;;;;;;;
202601300500;2026;1;30;5;0;46052.20833;0;0;0;Considerar;S/D;No Considerar;No;Considerar;0;0;0;0;0;;-8.15499;;;;;;;;;;
202601300515;2026;1;30;5;15;46052.21875;0;0;0;Considerar;S/D;No Considerar;No;Considerar;0;0;0;0;0;;-8.16441;;;;;;;;;;
202601300530;2026;1;30;5;30;46052.22917;0;0;0;Considerar;S/D;No Considerar;No;Considerar;0;0;0;0;0;;-8.13725;;;;;;;;;;
202601300545;2026;1;30;5;45;46052.23958;0;0;0;Considerar;S/D;No Considerar;No;Considerar;0;0;0;0;0;;-8.05319;;;;;;;;;;
202601300600;2026;1;30;6;0;46052.25;0;0;0;Considerar;S/D;No Considerar;No;Considerar;0;0;0;0;0;;-8.01884;;;;;;;;;;
202601300615;2026;1;30;6;15;46052.26042;0;0;0;Considerar;S/D;No Considerar;No;Considerar;0;0;0;0;0;;-7.92127;;;;;;;;;;
202601300630;2026;1;30;6;30;46052.27083;0;0;0;Considerar;S/D;No Considerar;No;Considerar;0;0;0;0;0;;-7.8811;;;;;;;;;;
202601300645;2026;1;30;6;45;46052.28125;0;0;0;Considerar;S/D;No Considerar;No;Considerar;0;0;0;0;0;;-7.70627;;;;;;;;;;
202601300700;2026;1;30;7;0;46052.29167;0;0.133333333;0;Considerar;S/D;No Considerar;No;Considerar;0;0.133333333;0.307666667;0;0;;-7.62887;;;;;;;;;;
202601300715;2026;1;30;7;15;46052.30208;0;1.4;0;Considerar;S/D;No Considerar;No;Considerar;0;1.4;3.2305;0;0;;-7.61816;;;;;;;;;;
202601300730;2026;1;30;7;30;46052.3125;25.97465633;5.466666667;0.25;Considerar;Operando;No Considerar;No;Considerar;0;5.646666667;13.02968333;0;0;;-7.85726;;;;;;;;;;
202601300745;2026;1;30;7;45;46052.32292;100.6663367;13.86666667;1.016666667;Considerar;Operando;No Considerar;No;Considerar;0;14.59866667;33.68642333;0;0;;11.35906;;;;;;;;;;
202601300800;2026;1;30;8;0;46052.33333;154.8121667;21.56666667;1.833333333;Considerar;Operando;No Considerar;No;Considerar;0;22.88666667;52.81098333;0;0;;63.75464;;;;;;;;;;
202601300815;2026;1;30;8;15;46052.34375;273.4982667;30;2.766666667;Considerar;Operando;No Considerar;No;Considerar;0;31.992;73.82154;0;0;;163.61817;;;;;;;;;;
202601300830;2026;1;30;8;30;46052.35417;349.4062;39.96666667;3.95;Considerar;Operando;No Considerar;No;Considerar;0;42.81066667;98.78561333;0;0;;393.8763;;;;;;;;;;
202601300845;2026;1;30;8;45;46052.36458;615.6386667;69.5;7.116666667;Considerar;Operando;No Considerar;No;Considerar;0;74.624;172.19488;0;0;;371.35907;;;;;;;;;;
202601300900;2026;1;30;9;0;46052.375;712.0964333;83.6;9.55;Considerar;Operando;No Considerar;No;Considerar;0;90.476;208.77337;0;0;;294.3207;;;;;;;;;;
202601300915;2026;1;30;9;15;46052.38542;795.5054333;96.83333333;11.33333333;Considerar;Operando;No Considerar;No;Considerar;0;104.9933333;242.2721167;0;0;;366.8536;;;;;;;;;;
202601300930;2026;1;30;9;30;46052.39583;812.8896667;92.43333333;12.38333333;Considerar;Operando;No Considerar;No;Considerar;0;101.3493333;233.8635867;0;0;;326.70843;;;;;;;;;;
202601300945;2026;1;30;9;45;46052.40625;903.8271667;92.53333333;14.2;Considerar;Operando;No Considerar;No;Considerar;0;102.7573333;237.1125467;0;0;;312.51843;;;;;;;;;;
202601301000;2026;1;30;10;0;46052.41667;859.3689;93.1;16.6;Considerar;Operando;No Considerar;No;Considerar;0;105.052;242.40749;0;0;;454.11547;;;;;;;;;;
202601301015;2026;1;30;10;15;46052.42708;1442.403333;134.4666667;45.06666667;Considerar;Operando;Considerar;Si;Considerar;33.61666667;166.9146667;385.1555933;1442.403333;385.1555933;;500.56383;;;;;;;;;;
202601301030;2026;1;30;10;30;46052.4375;1242.052;159.8;45.18333333;Considerar;Operando;Considerar;Si;Considerar;39.95;192.332;443.80609;1242.052;443.80609;;613.9213;;;;;;;;;;
202601301045;2026;1;30;10;45;46052.44792;1414.7841;137.5666667;33.1;Considerar;Operando;Considerar;Si;Considerar;34.39166667;161.3986667;372.4274233;1414.7841;372.4274233;;456.14083;;;;;;;;;;
202601301100;2026;1;30;11;0;46052.45833;2122.137;214.1333333;50.5;Considerar;Operando;Considerar;Si;Considerar;53.53333333;250.4933333;578.0133667;2122.137;578.0133667;;448.44693;;;;;;;;;;
202601301115;2026;1;30;11;15;46052.46875;2695.974667;256.9;52.66666667;Considerar;Operando;Considerar;Si;Considerar;64.225;294.82;680.29715;2695.974667;680.29715;;593.86693;;;;;;;;;;
202601301130;2026;1;30;11;30;46052.47917;4268.925667;420.0333333;58.8;Considerar;Operando;Considerar;Si;Considerar;105.0083333;462.3693333;1066.917237;4268.925667;1066.917237;;590.30563;;;;;;;;;;
202601301145;2026;1;30;11;45;46052.48958;7681.147333;1080.266667;59.46666667;Considerar;Operando;Considerar;Si;Considerar;270.0666667;1123.082667;2591.513253;7681.147333;2591.513253;;688.48477;;;;;;;;;;
202601301200;2026;1;30;12;0;46052.5;4924.073;885.4666667;52.58333333;Considerar;Operando;Considerar;Si;Considerar;221.3666667;923.3266667;2130.576283;4924.073;2130.576283;;614.12267;;;;;;;;;;
202601301215;2026;1;30;12;15;46052.51042;6262.939667;868.7333333;53.16666667;Considerar;Operando;Considerar;Si;Considerar;217.1833333;907.0133333;2092.933267;6262.939667;2092.933267;;651.82697;;;;;;;;;;
202601301230;2026;1;30;12;30;46052.52083;7349.106667;1000.166667;57.48333333;Considerar;Operando;Considerar;Si;Considerar;250.0416667;1041.554667;2403.387393;7349.106667;2403.387393;;761.26433;;;;;;;;;;
202601301245;2026;1;30;12;45;46052.53125;7434.595667;1111.2;62.23333333;Considerar;Operando;Considerar;Si;Considerar;277.8;1156.008;2667.48846;7434.595667;2667.48846;;1193.64963;;;;;;;;;;
202601301300;2026;1;30;13;0;46052.54167;7719.668;1075.433333;58.4;Considerar;Operando;Considerar;Si;Considerar;268.8583333;1117.481333;2578.588177;7719.668;2578.588177;;928.04433;;;;;;;;;;
202601301315;2026;1;30;13;15;46052.55208;7709.687;1059.4;57.53333333;Considerar;Operando;Considerar;Si;Considerar;264.85;1100.824;2540.15138;7709.687;2540.15138;;797.15127;;;;;;;;;;
202601301330;2026;1;30;13;30;46052.5625;7665.996;1046.866667;56.65;Considerar;Operando;Considerar;Si;Considerar;261.7166667;1087.654667;2509.763143;7665.996;2509.763143;;876.35677;;;;;;;;;;
202601301345;2026;1;30;13;45;46052.57292;7678.819667;1058.2;56.4;Considerar;Operando;Considerar;Si;Considerar;264.55;1098.808;2535.49946;7678.819667;2535.49946;;878.72293;;;;;;;;;;
202601301400;2026;1;30;14;0;46052.58333;7651.525333;1057.066667;56.56666667;Considerar;Operando;Considerar;Si;Considerar;264.2666667;1097.794667;2533.161193;7651.525333;2533.161193;;901.0913;;;;;;;;;;
202601301415;2026;1;30;14;15;46052.59375;7613.829;1055.3;56.03333333;Considerar;Operando;Considerar;Si;Considerar;263.825;1095.644;2528.19853;7613.829;2528.19853;;903.74033;;;;;;;;;;
202601301430;2026;1;30;14;30;46052.60417;7618.337;1056.766667;56.9;Considerar;Operando;Considerar;Si;Considerar;264.1916667;1097.734667;2533.022743;7618.337;2533.022743;;800.27313;;;;;;;;;;
202601301445;2026;1;30;14;45;46052.61458;7617.639;1054.366667;56.21666667;Considerar;Operando;Considerar;Si;Considerar;263.5916667;1094.842667;2526.349453;7617.639;2526.349453;;771.22483;;;;;;;;;;
202601301500;2026;1;30;15;0;46052.625;7611.199667;1057.866667;56.2;Considerar;Operando;Considerar;Si;Considerar;264.4666667;1098.330667;2534.398013;7611.199667;2534.398013;;621.25223;;;;;;;;;;
202601301515;2026;1;30;15;15;46052.63542;7627.736667;1059.4;56;Considerar;Operando;Considerar;Si;Considerar;264.85;1099.72;2537.6039;7627.736667;2537.6039;;463.13787;;;;;;;;;;
202601301530;2026;1;30;15;30;46052.64583;7612.816333;1061.166667;55.36666667;Considerar;Operando;Considerar;Si;Considerar;265.2916667;1101.030667;2540.628263;7612.816333;2540.628263;;408.304;;;;;;;;;;
202601301545;2026;1;30;15;45;46052.65625;7556.141333;1053.7;54.28333333;Considerar;Operando;Considerar;Si;Considerar;263.425;1092.784;2521.59908;7556.141333;2521.59908;;335.11333;;;;;;;;;;
202601301600;2026;1;30;16;0;46052.66667;7540.448667;1046;53.15;Considerar;Operando;Considerar;Si;Considerar;261.5;1084.268;2501.94841;7540.448667;2501.94841;;314.6546;;;;;;;;;;
202601301615;2026;1;30;16;15;46052.67708;7510.147667;1043.866667;52.18333333;Considerar;Operando;Considerar;Si;Considerar;260.9666667;1081.438667;2495.419723;7510.147667;2495.419723;;291.1083;;;;;;;;;;
202601301630;2026;1;30;16;30;46052.6875;7484.464667;1036.466667;50.83333333;Considerar;Operando;Considerar;Si;Considerar;259.1166667;1073.066667;2476.101333;7484.464667;2476.101333;;291.87043;;;;;;;;;;
202601301645;2026;1;30;16;45;46052.69792;7455.005333;1034.866667;50.25;Considerar;Operando;Considerar;Si;Considerar;258.7166667;1071.046667;2471.440183;7455.005333;2471.440183;;230.36153;;;;;;;;;;
202601301700;2026;1;30;17;0;46052.70833;7410.468667;1028.633333;49.31666667;Considerar;Operando;Considerar;Si;Considerar;257.1583333;1064.141333;2455.506127;7410.468667;2455.506127;;160.16703;;;;;;;;;;
202601301715;2026;1;30;17;15;46052.71875;7336.948333;1016.033333;48.28333333;Considerar;Operando;Considerar;Si;Considerar;254.0083333;1050.797333;2424.714847;7336.948333;2424.714847;;109.52187;;;;;;;;;;
202601301730;2026;1;30;17;30;46052.72917;7240.208;1000.733333;46.76666667;Considerar;Operando;Considerar;Si;Considerar;250.1833333;1034.405333;2386.890307;7240.208;2386.890307;;56.9812;;;;;;;;;;
202601301745;2026;1;30;17;45;46052.73958;7121.928667;987.8;44.66666667;Considerar;Operando;Considerar;Si;Considerar;246.95;1019.96;2353.5577;7121.928667;2353.5577;;13.44931;;;;;;;;;;
202601301800;2026;1;30;18;0;46052.75;6645.308;938.2333333;38.71666667;Considerar;Operando;Considerar;Si;Considerar;234.5583333;966.1093333;2229.297287;6645.308;2229.297287;;-8.84113;;;;;;;;;;
202601301815;2026;1;30;18;15;46052.76042;6052.676;847.3;38.05;Considerar;Operando;Considerar;Si;Considerar;211.825;874.696;2018.36102;6052.676;2018.36102;;-11.58409;;;;;;;;;;
202601301830;2026;1;30;18;30;46052.77083;5377.628667;766.9666667;38.03333333;Considerar;Operando;Considerar;Si;Considerar;191.7416667;794.3506667;1832.964163;5377.628667;1832.964163;;-8.23294;;;;;;;;;;
202601301845;2026;1;30;18;45;46052.78125;4657.552333;656.2666667;35.16666667;Considerar;Operando;Considerar;Si;Considerar;164.0666667;681.5866667;1572.761233;4657.552333;1572.761233;;-8.24125;;;;;;;;;;
202601301900;2026;1;30;19;0;46052.79167;3944.712667;569.5333333;29.05;Considerar;Operando;Considerar;Si;Considerar;142.3833333;590.4493333;1362.461837;3944.712667;1362.461837;;-8.22451;;;;;;;;;;
202601301915;2026;1;30;19;15;46052.80208;3213.779;460.2;21.03333333;Considerar;Operando;Considerar;Si;Considerar;115.05;475.344;1096.85628;3213.779;1096.85628;;-8.20034;;;;;;;;;;
202601301930;2026;1;30;19;30;46052.8125;2504.253667;379.8;15.7;Considerar;Operando;Considerar;Si;Considerar;94.95;391.104;902.47248;2504.253667;902.47248;;-8.21108;;;;;;;;;;
202601301945;2026;1;30;19;45;46052.82292;1779.450333;282.4666667;12.46666667;Considerar;Operando;Considerar;Si;Considerar;70.61666667;291.4426667;672.5039533;1779.450333;672.5039533;;-8.26511;;;;;;;;;;
202601302000;2026;1;30;20;0;46052.83333;1136.456133;201.2333333;13.83333333;Considerar;Operando;Considerar;Si;Considerar;50.30833333;211.1933333;487.3286167;1136.456133;487.3286167;;-8.26638;;;;;;;;;;
202601302015;2026;1;30;20;15;46052.84375;585.2529333;125;10.93333333;Considerar;Operando;Considerar;Si;Considerar;31.25;132.872;306.60214;585.2529333;306.60214;;-8.31313;;;;;;;;;;
202601302030;2026;1;30;20;30;46052.85417;262.7130333;71.8;11.25;Considerar;Operando;No Considerar;No;Considerar;0;79.9;184.36925;0;0;;-8.34498;;;;;;;;;;
202601302045;2026;1;30;20;45;46052.86458;84.95859333;25.03333333;3.066666667;Considerar;Operando;No Considerar;No;Considerar;0;27.24133333;62.85937667;0;0;;-8.39397;;;;;;;;;;
202601302100;2026;1;30;21;0;46052.875;5.999861;6.933333333;0.916666667;Considerar;Operando;No Considerar;No;Considerar;0;7.593333333;17.52161667;0;0;;-8.39861;;;;;;;;;;
202601302115;2026;1;30;21;15;46052.88542;0;0.9;0.283333333;Considerar;S/D;No Considerar;No;Considerar;0;1.104;2.54748;0;0;;-8.43608;;;;;;;;;;
202601302130;2026;1;30;21;30;46052.89583;0;0.033333333;0.15;Considerar;S/D;No Considerar;No;Considerar;0;0.141333333;0.326126667;0;0;;-8.40155;;;;;;;;;;
202601302145;2026;1;30;21;45;46052.90625;0;0.1;0.216666667;Considerar;S/D;No Considerar;No;Considerar;0;0.256;0.59072;0;0;;-8.27089;;;;;;;;;;
202601302200;2026;1;30;22;0;46052.91667;0;0.1;0.2;Considerar;S/D;No Considerar;No;Considerar;0;0.244;0.56303;0;0;;-8.31069;;;;;;;;;;
202601302215;2026;1;30;22;15;46052.92708;0;0.033333333;0.183333333;Considerar;S/D;No Considerar;No;Considerar;0;0.165333333;0.381506667;0;0;;-8.28462;;;;;;;;;;
202601302230;2026;1;30;22;30;46052.9375;0;0;0.116666667;Considerar;S/D;No Considerar;No;Considerar;0;0.084;0.19383;0;0;;-8.13509;;;;;;;;;;
202601302245;2026;1;30;22;45;46052.94792;0;0.066666667;0.183333333;Considerar;S/D;No Considerar;No;Considerar;0;0.198666667;0.458423333;0;0;;-7.9732;;;;;;;;;;
202601302300;2026;1;30;23;0;46052.95833;0;0;0.066666667;Considerar;S/D;No Considerar;No;Considerar;0;0.048;0.11076;0;0;;-7.90994;;;;;;;;;;
202601302315;2026;1;30;23;15;46052.96875;0;0;0;Considerar;S/D;No Considerar;No;Considerar;0;0;0;0;0;;-7.95056;;;;;;;;;;
202601302330;2026;1;30;23;30;46052.97917;0;0;0.05;Considerar;S/D;No Considerar;No;Considerar;0;0.036;0.08307;0;0;;-7.93094;;;;;;;;;;
202601302345;2026;1;30;23;45;46052.98958;0;0;0.033333333;Considerar;S/D;No Considerar;No;Considerar;0;0.024;0.05538;0;0;;-8.00166;;;;;;;;;;
202601310000;2026;1;31;0;0;46053;0;0;0.083333333;Considerar;S/D;No Considerar;No;Considerar;0;0.06;0.13845;0;0;;-7.95804;;;;;;;;;;
202601310015;2026;1;31;0;15;46053.01042;0;-0.033333333;0.016666667;Considerar;S/D;No Considerar;No;Considerar;0;-0.021333333;-0.049226667;0;0;;-6.95804;;;;;;;;;;
202601310030;2026;1;31;0;30;46053.02083;0;-0.133333333;0;Considerar;S/D;No Considerar;No;Considerar;0;-0.133333333;-0.307666667;0;0;;-5.95804;;;;;;;;;;
202601310045;2026;1;31;0;45;46053.03125;0;-0.033333333;0;Considerar;S/D;No Considerar;No;Considerar;0;-0.033333333;-0.076916667;0;0;;-4.95804;;;;;;;;;;
202601310100;2026;1;31;1;0;46053.04167;0;0;0;Considerar;S/D;No Considerar;No;Considerar;0;0;0;0;0;;-3.95804;;;;;;;;;;
202601310115;2026;1;31;1;15;46053.05208;0;-0.033333333;0;Considerar;S/D;No Considerar;No;Considerar;0;-0.033333333;-0.076916667;0;0;;-2.95804;;;;;;;;;;
202601310130;2026;1;31;1;30;46053.0625;0;0;0;Considerar;S/D;No Considerar;No;Considerar;0;0;0;0;0;;-1.95804;;;;;;;;;;
202601310145;2026;1;31;1;45;46053.07292;0;0;0;Considerar;S/D;No Considerar;No;Considerar;0;0;0;0;0;;-0.95804;;;;;;;;;;
202601310200;2026;1;31;2;0;46053.08333;0;0;0;Considerar;S/D;No Considerar;No;Considerar;0;0;0;0;0;;0.04196;;;;;;;;;;
202601310215;2026;1;31;2;15;46053.09375;0;-0.033333333;0;Considerar;S/D;No Considerar;No;Considerar;0;-0.033333333;-0.076916667;0;0;;1.04196;;;;;;;;;;
202601310230;2026;1;31;2;30;46053.10417;0;0;0;Considerar;S/D;No Considerar;No;Considerar;0;0;0;0;0;;2.04196;;;;;;;;;;
202601310245;2026;1;31;2;45;46053.11458;0;-0.033333333;0;Considerar;S/D;No Considerar;No;Considerar;0;-0.033333333;-0.076916667;0;0;;3.04196;;;;;;;;;;
202601310300;2026;1;31;3;0;46053.125;0;-0.066666667;0;Considerar;S/D;No Considerar;No;Considerar;0;-0.066666667;-0.153833333;0;0;;4.04196;;;;;;;;;;
202601310315;2026;1;31;3;15;46053.13542;0;0;0;Considerar;S/D;No Considerar;No;Considerar;0;0;0;0;0;;5.04196;;;;;;;;;;
202601310330;2026;1;31;3;30;46053.14583;0;-0.066666667;0;Considerar;S/D;No Considerar;No;Considerar;0;-0.066666667;-0.153833333;0;0;;6.04196;;;;;;;;;;
202601310345;2026;1;31;3;45;46053.15625;0;-0.066666667;0;Considerar;S/D;No Considerar;No;Considerar;0;-0.066666667;-0.153833333;0;0;;7.04196;;;;;;;;;;
202601310400;2026;1;31;4;0;46053.16667;0;-0.033333333;-0.016666667;Considerar;S/D;No Considerar;No;Considerar;0;-0.045333333;-0.104606667;0;0;;8.04196;;;;;;;;;;
202601310415;2026;1;31;4;15;46053.17708;0;0;0;Considerar;S/D;No Considerar;No;Considerar;0;0;0;0;0;;9.04196;;;;;;;;;;
202601310430;2026;1;31;4;30;46053.1875;0;0;0;Considerar;S/D;No Considerar;No;Considerar;0;0;0;0;0;;10.04196;;;;;;;;;;
202601310445;2026;1;31;4;45;46053.19792;0;0;0;Considerar;S/D;No Considerar;No;Considerar;0;0;0;0;0;;11.04196;;;;;;;;;;
202601310500;2026;1;31;5;0;46053.20833;0;0.033333333;0.033333333;Considerar;S/D;No Considerar;No;Considerar;0;0.057333333;0.132296667;0;0;;12.04196;;;;;;;;;;
202601310515;2026;1;31;5;15;46053.21875;0;0;0.016666667;Considerar;S/D;No Considerar;No;Considerar;0;0.012;0.02769;0;0;;13.04196;;;;;;;;;;
202601310530;2026;1;31;5;30;46053.22917;0;-0.066666667;0;Considerar;S/D;No Considerar;No;Considerar;0;-0.066666667;-0.153833333;0;0;;14.04196;;;;;;;;;;
202601310545;2026;1;31;5;45;46053.23958;0;0;0.033333333;Considerar;S/D;No Considerar;No;Considerar;0;0.024;0.05538;0;0;;15.04196;;;;;;;;;;
202601310600;2026;1;31;6;0;46053.25;0;0;0;Considerar;S/D;No Considerar;No;Considerar;0;0;0;0;0;;16.04196;;;;;;;;;;
202601310615;2026;1;31;6;15;46053.26042;0;0;0;Considerar;S/D;No Considerar;No;Considerar;0;0;0;0;0;;17.04196;;;;;;;;;;
202601310630;2026;1;31;6;30;46053.27083;0;-0.033333333;0;Considerar;S/D;No Considerar;No;Considerar;0;-0.033333333;-0.076916667;0;0;;18.04196;;;;;;;;;;
202601310645;2026;1;31;6;45;46053.28125;0;-0.033333333;0;Considerar;S/D;No Considerar;No;Considerar;0;-0.033333333;-0.076916667;0;0;;19.04196;;;;;;;;;;
202601310700;2026;1;31;7;0;46053.29167;0;0.333333333;0;Considerar;S/D;No Considerar;No;Considerar;0;0.333333333;0.769166667;0;0;;20.04196;;;;;;;;;;
202601310715;2026;1;31;7;15;46053.30208;47.12903133;5.233333333;0.316666667;Considerar;Operando;No Considerar;No;Considerar;0;5.461333333;12.60202667;0;0;;21.04196;;;;;;;;;;
202601310730;2026;1;31;7;30;46053.3125;265.0827333;26.1;2.433333333;Considerar;Operando;No Considerar;No;Considerar;0;27.852;64.26849;0;0;;22.04196;;;;;;;;;;
202601310745;2026;1;31;7;45;46053.32292;634.9990667;79.9;5.566666667;Considerar;Operando;No Considerar;No;Considerar;0;83.908;193.61771;0;0;;23.04196;;;;;;;;;;
202601310800;2026;1;31;8;0;46053.33333;857.4876667;133.3;7.633333333;Considerar;Operando;Considerar;Si;Considerar;33.325;138.796;320.27177;857.4876667;320.27177;;24.04196;;;;;;;;;;
202601310815;2026;1;31;8;15;46053.34375;1269.537933;129.5;8.116666667;Considerar;Operando;Considerar;Si;Considerar;32.375;135.344;312.30628;1269.537933;312.30628;;25.04196;;;;;;;;;;
202601310830;2026;1;31;8;30;46053.35417;1457.062667;219.6666667;10.23333333;Considerar;Operando;Considerar;Si;Considerar;54.91666667;227.0346667;523.8824933;1457.062667;523.8824933;;26.04196;;;;;;;;;;
202601310845;2026;1;31;8;45;46053.36458;2848.694667;368.7666667;13.5;Considerar;Operando;Considerar;Si;Considerar;92.19166667;378.4866667;873.3579833;2848.694667;873.3579833;;27.04196;;;;;;;;;;
202601310900;2026;1;31;9;0;46053.375;3844.402333;472.3;17.6;Considerar;Operando;Considerar;Si;Considerar;118.075;484.972;1119.07289;3844.402333;1119.07289;;28.04196;;;;;;;;;;
202601310915;2026;1;31;9;15;46053.38542;4853.207667;591.2666667;22.78333333;Considerar;Operando;Considerar;Si;Considerar;147.8166667;607.6706667;1402.200063;4853.207667;1402.200063;;29.04196;;;;;;;;;;
202601310930;2026;1;31;9;30;46053.39583;5806.989667;711.2;30.66666667;Considerar;Operando;Considerar;Si;Considerar;177.8;733.28;1692.0436;5806.989667;1692.0436;;30.04196;;;;;;;;;;
202601310945;2026;1;31;9;45;46053.40625;6508.695667;827.3333333;39.13333333;Considerar;Operando;Considerar;Si;Considerar;206.8333333;855.5093333;1974.087787;6508.695667;1974.087787;;31.04196;;;;;;;;;;
202601311000;2026;1;31;10;0;46053.41667;6343.983333;718.5333333;40.1;Considerar;Operando;Considerar;Si;Considerar;179.6333333;747.4053333;1724.637807;6343.983333;1724.637807;;32.04196;;;;;;;;;;
202601311015;2026;1;31;10;15;46053.42708;5994.317;1003.133333;52.88333333;Considerar;Operando;Considerar;Si;Considerar;250.7833333;1041.209333;2402.590537;5994.317;2402.590537;;33.04196;;;;;;;;;;
202601311030;2026;1;31;10;30;46053.4375;7395.303;898.0666667;51.26666667;Considerar;Operando;Considerar;Si;Considerar;224.5166667;934.9786667;2157.463273;7395.303;2157.463273;;34.04196;;;;;;;;;;
202601311045;2026;1;31;10;45;46053.44792;7388.98;1002.4;55.33333333;Considerar;Operando;Considerar;Si;Considerar;250.6;1042.24;2404.9688;7388.98;2404.9688;;35.04196;;;;;;;;;;
202601311100;2026;1;31;11;0;46053.45833;7626.529;1032.466667;55.96666667;Considerar;Operando;Considerar;Si;Considerar;258.1166667;1072.762667;2475.399853;7626.529;2475.399853;;36.04196;;;;;;;;;;
202601311115;2026;1;31;11;15;46053.46875;6842.351667;1042.633333;57.3;Considerar;Operando;Considerar;Si;Considerar;260.6583333;1083.889333;2501.074637;6842.351667;2501.074637;;37.04196;;;;;;;;;;
202601311130;2026;1;31;11;30;46053.47917;7754.216667;1072.766667;56.51666667;Considerar;Operando;Considerar;Si;Considerar;268.1916667;1113.458667;2569.305873;7754.216667;2569.305873;;38.04196;;;;;;;;;;
202601311145;2026;1;31;11;45;46053.48958;6287.190333;919.8333333;53.46666667;Considerar;Operando;Considerar;Si;Considerar;229.9583333;958.3293333;2211.344937;6287.190333;2211.344937;;39.04196;;;;;;;;;;
202601311200;2026;1;31;12;0;46053.5;5758.884;741.2333333;48.31666667;Considerar;Operando;Considerar;Si;Considerar;185.3083333;776.0213333;1790.669227;5758.884;1790.669227;;40.04196;;;;;;;;;;
202601311215;2026;1;31;12;15;46053.51042;7292.991;953.9;56.51666667;Considerar;Operando;Considerar;Si;Considerar;238.475;994.592;2295.02104;7292.991;2295.02104;;41.04196;;;;;;;;;;
202601311230;2026;1;31;12;30;46053.52083;7424.658;1115.4;63.61666667;Considerar;Operando;Considerar;Si;Considerar;278.85;1161.204;2679.47823;7424.658;2679.47823;;42.04196;;;;;;;;;;
202601311245;2026;1;31;12;45;46053.53125;6436.992667;1077.933333;62.45;Considerar;Operando;Considerar;Si;Considerar;269.4833333;1122.897333;2591.085597;6436.992667;2591.085597;;43.04196;;;;;;;;;;
202601311300;2026;1;31;13;0;46053.54167;7736.405667;1047.7;60.4;Considerar;Operando;Considerar;Si;Considerar;261.925;1091.188;2517.91631;7736.405667;2517.91631;;44.04196;;;;;;;;;;
202601311315;2026;1;31;13;15;46053.55208;7673.745;1069.366667;60.25;Considerar;Operando;Considerar;Si;Considerar;267.3416667;1112.746667;2567.662933;7673.745;2567.662933;;45.04196;;;;;;;;;;
202601311330;2026;1;31;13;30;46053.5625;7756.547667;1055.333333;60.51666667;Considerar;Operando;Considerar;Si;Considerar;263.8333333;1098.905333;2535.724057;7756.547667;2535.724057;;46.04196;;;;;;;;;;
202601311345;2026;1;31;13;45;46053.57292;7522.558667;1062.466667;61.06666667;Considerar;Operando;Considerar;Si;Considerar;265.6166667;1106.434667;2553.097993;7522.558667;2553.097993;;47.04196;;;;;;;;;;
202601311400;2026;1;31;14;0;46053.58333;7750.081667;1049.766667;59.33333333;Considerar;Operando;Considerar;Si;Considerar;262.4416667;1092.486667;2520.912983;7750.081667;2520.912983;;48.04196;;;;;;;;;;
202601311415;2026;1;31;14;15;46053.59375;6533.928667;1034;59.41666667;Considerar;Operando;Considerar;Si;Considerar;258.5;1076.78;2484.66985;6533.928667;2484.66985;;49.04196;;;;;;;;;;
202601311430;2026;1;31;14;30;46053.60417;7750.150667;1059.533333;59.7;Considerar;Operando;Considerar;Si;Considerar;264.8833333;1102.517333;2544.058747;7750.150667;2544.058747;;50.04196;;;;;;;;;;
202601311445;2026;1;31;14;45;46053.61458;7741.199333;1083.433333;62.63333333;Considerar;Operando;Considerar;Si;Considerar;270.8583333;1128.529333;2604.081437;7741.199333;2604.081437;;51.04196;;;;;;;;;;
202601311500;2026;1;31;15;0;46053.625;7705.509333;1081.966667;62.2;Considerar;Operando;Considerar;Si;Considerar;270.4916667;1126.750667;2599.977163;7705.509333;2599.977163;;52.04196;;;;;;;;;;
202601311515;2026;1;31;15;15;46053.63542;7698.718667;1078.833333;62.53333333;Considerar;Operando;Considerar;Si;Considerar;269.7083333;1123.857333;2593.300797;7698.718667;2593.300797;;53.04196;;;;;;;;;;
202601311530;2026;1;31;15;30;46053.64583;7592.981333;1045.533333;61.23333333;Considerar;Operando;Considerar;Si;Considerar;261.3833333;1089.621333;2514.301227;7592.981333;2514.301227;;54.04196;;;;;;;;;;
202601311545;2026;1;31;15;45;46053.65625;6876.098;1041.2;60.38333333;Considerar;Operando;Considerar;Si;Considerar;260.3;1084.676;2502.88987;6876.098;2502.88987;;55.04196;;;;;;;;;;
202601311600;2026;1;31;16;0;46053.66667;7733.425;1109.533333;66.93333333;Considerar;Operando;Considerar;Si;Considerar;277.3833333;1157.725333;2671.451207;7733.425;2671.451207;;56.04196;;;;;;;;;;
202601311615;2026;1;31;16;15;46053.67708;7742.367333;1098.266667;75.16666667;Considerar;Operando;Considerar;Si;Considerar;274.5666667;1152.386667;2659.132233;7742.367333;2659.132233;;57.04196;;;;;;;;;;
202601311630;2026;1;31;16;30;46053.6875;6995.497667;975.0333333;76.4;Considerar;Operando;Considerar;Si;Considerar;243.7583333;1030.041333;2376.820377;6995.497667;2376.820377;;58.04196;;;;;;;;;;
202601311645;2026;1;31;16;45;46053.69792;6430.786333;825.7666667;72.61666667;Considerar;Operando;Considerar;Si;Considerar;206.4416667;878.0506667;2026.101913;6430.786333;2026.101913;;59.04196;;;;;;;;;;
202601311700;2026;1;31;17;0;46053.70833;5985.738333;716.1666667;71.33333333;Considerar;Operando;Considerar;Si;Considerar;179.0416667;767.5266667;1771.067783;5985.738333;1771.067783;;60.04196;;;;;;;;;;
202601311715;2026;1;31;17;15;46053.71875;5587.798667;643.1;67.25;Considerar;Operando;Considerar;Si;Considerar;160.775;691.52;1595.6824;5587.798667;1595.6824;;61.04196;;;;;;;;;;
202601311730;2026;1;31;17;30;46053.72917;7260.46;937.0666667;78.91666667;Considerar;Operando;Considerar;Si;Considerar;234.2666667;993.8866667;2293.393483;7260.46;2293.393483;;62.04196;;;;;;;;;;
202601311745;2026;1;31;17;45;46053.73958;5859.265;1061.433333;73.61666667;Considerar;Operando;Considerar;Si;Considerar;265.3583333;1114.437333;2571.564147;5859.265;2571.564147;;63.04196;;;;;;;;;;
202601311800;2026;1;31;18;0;46053.75;4354.646667;505.9666667;41.36666667;Considerar;Operando;Considerar;Si;Considerar;126.4916667;535.7506667;1236.244663;4354.646667;1236.244663;;64.04196;;;;;;;;;;
202601311815;2026;1;31;18;15;46053.76042;6287.562;860.9;51.85;Considerar;Operando;Considerar;Si;Considerar;215.225;898.232;2072.67034;6287.562;2072.67034;;65.04196;;;;;;;;;;
202601311830;2026;1;31;18;30;46053.77083;3093.798667;472.0333333;31.36666667;Considerar;Operando;Considerar;Si;Considerar;118.0083333;494.6173333;1141.329497;3093.798667;1141.329497;;66.04196;;;;;;;;;;
202601311845;2026;1;31;18;45;46053.78125;1589.468;187.1666667;16.85;Considerar;Operando;Considerar;Si;Considerar;46.79166667;199.2986667;459.8816733;1589.468;459.8816733;;67.04196;;;;;;;;;;
202601311900;2026;1;31;19;0;46053.79167;1759.281;185.7333333;15.71666667;Considerar;Operando;Considerar;Si;Considerar;46.43333333;197.0493333;454.6913367;1759.281;454.6913367;;68.04196;;;;;;;;;;
202601311915;2026;1;31;19;15;46053.80208;3369.078;428.9;25.1;Considerar;Operando;Considerar;Si;Considerar;107.225;446.972;1031.38789;3369.078;1031.38789;;69.04196;;;;;;;;;;
202601311930;2026;1;31;19;30;46053.8125;2511.586333;371.3;19.76666667;Considerar;Operando;Considerar;Si;Considerar;92.825;385.532;889.61509;2511.586333;889.61509;;70.04196;;;;;;;;;;
202601311945;2026;1;31;19;45;46053.82292;1930.038667;283.9333333;16.56666667;Considerar;Operando;Considerar;Si;Considerar;70.98333333;295.8613333;682.7000267;1930.038667;682.7000267;;71.04196;;;;;;;;;;
202601312000;2026;1;31;20;0;46053.83333;1723.085;241.7666667;19.6;Considerar;Operando;Considerar;Si;Considerar;60.44166667;255.8786667;590.4400233;1723.085;590.4400233;;72.04196;;;;;;;;;;
202601312015;2026;1;31;20;15;46053.84375;929.8539;147.9;15.23333333;Considerar;Operando;Considerar;Si;Considerar;36.975;158.868;366.58791;929.8539;366.58791;;73.04196;;;;;;;;;;
202601312030;2026;1;31;20;30;46053.85417;442.559;66.36666667;8.383333333;Considerar;Operando;No Considerar;No;Considerar;0;72.40266667;167.0691533;0;0;;74.04196;;;;;;;;;;
202601312045;2026;1;31;20;45;46053.86458;191.8429733;34.4;4.466666667;Considerar;Operando;No Considerar;No;Considerar;0;37.616;86.79892;0;0;;75.04196;;;;;;;;;;
202601312100;2026;1;31;21;0;46053.875;64.04066;10.86666667;1.716666667;Considerar;Operando;No Considerar;No;Considerar;0;12.10266667;27.92690333;0;0;;76.04196;;;;;;;;;;
202601312115;2026;1;31;21;15;46053.88542;0;3.066666667;0.95;Considerar;S/D;No Considerar;No;Considerar;0;3.750666667;8.654663333;0;0;;77.04196;;;;;;;;;;
202601312130;2026;1;31;21;30;46053.89583;0;0.266666667;0.283333333;Considerar;S/D;No Considerar;No;Considerar;0;0.470666667;1.086063333;0;0;;78.04196;;;;;;;;;;
202601312145;2026;1;31;21;45;46053.90625;0;0;0.016666667;Considerar;S/D;No Considerar;No;Considerar;0;0.012;0.02769;0;0;;79.04196;;;;;;;;;;
202601312200;2026;1;31;22;0;46053.91667;0;0;0;Considerar;S/D;No Considerar;No;Considerar;0;0;0;0;0;;80.04196;;;;;;;;;;
202601312215;2026;1;31;22;15;46053.92708;0;0;0;Considerar;S/D;No Considerar;No;Considerar;0;0;0;0;0;;81.04196;;;;;;;;;;
202601312230;2026;1;31;22;30;46053.9375;0;0.1;-0.033333333;Considerar;S/D;No Considerar;No;Considerar;0;0.076;0.17537;0;0;;82.04196;;;;;;;;;;
202601312245;2026;1;31;22;45;46053.94792;0;0.2;0.083333333;Considerar;S/D;No Considerar;No;Considerar;0;0.26;0.59995;0;0;;83.04196;;;;;;;;;;
202601312300;2026;1;31;23;0;46053.95833;0;0.266666667;0.133333333;Considerar;S/D;No Considerar;No;Considerar;0;0.362666667;0.836853333;0;0;;84.04196;;;;;;;;;;
202601312315;2026;1;31;23;15;46053.96875;0;0;0.2;Considerar;S/D;No Considerar;No;Considerar;0;0.144;0.33228;0;0;;85.04196;;;;;;;;;;
202601312330;2026;1;31;23;30;46053.97917;0;0;0.033333333;Considerar;S/D;No Considerar;No;Considerar;0;0.024;0.05538;0;0;;86.04196;;;;;;;;;;
202601312345;2026;1;31;23;45;46053.98958;0;0;0.133333333;Considerar;S/D;No Considerar;No;Considerar;0;0.096;0.22152;0;0;;87.04196;;;;;;;;;;
202602010000;2026;2;1;0;0;46054;0;0;0;Considerar;S/D;No Considerar;No;Considerar;0;0;0;0;0;;88.04196;;;;;;;;;;
